season,game_date,player,team,position,minutes,points,rebounds,assists
2023,2023-10-18,Alysha Clark,Aces,F,37,10,8,2
2023,2023-10-18,A'ja Wilson,Aces,F,39,24,16,0
2023,2023-10-18,Cayla George,Aces,F,30,11,4,3
2023,2023-10-18,Kelsey Plum,Aces,G,40,7,8,5
2023,2023-10-18,Jackie Young,Aces,G,37,16,2,7
2023,2023-10-18,Sydney Colson,Aces,G,15,2,0,1
2023,2023-10-18,Riquna Williams,Aces,G,0,0,0,0
2023,2023-10-18,Kierstan Bell,Aces,G,2,0,0,0
2023,2023-10-18,Betnijah Laney,Liberty,F,38,15,4,4
2023,2023-10-18,Breanna Stewart,Liberty,F,38,10,14,5
2023,2023-10-18,Jonquel Jones,Liberty,F,33,6,11,1
2023,2023-10-18,Courtney Vandersloot,Liberty,G,35,19,7,6
2023,2023-10-18,Sabrina Ionescu,Liberty,G,36,13,3,3
2023,2023-10-18,Kayla Thornton,Liberty,F,9,3,0,0
2023,2023-10-18,Stefanie Dolson,Liberty,C,4,2,0,0
2023,2023-10-18,Han Xu,Liberty,C,0,0,0,0
2023,2023-10-18,Marine Johannes,Liberty,G,7,1,0,0
2023,2023-10-15,A'ja Wilson,Aces,F,35,16,11,1
2023,2023-10-15,Kiah Stokes,Aces,C,19,0,9,1
2023,2023-10-15,Chelsea Gray,Aces,G,34,11,3,2
2023,2023-10-15,Kelsey Plum,Aces,G,40,29,2,2
2023,2023-10-15,Jackie Young,Aces,G,38,8,3,5
2023,2023-10-15,Alysha Clark,Aces,F,27,9,5,2
2023,2023-10-15,Cayla George,Aces,F,2,0,0,0
2023,2023-10-15,Alaina Coates,Aces,C,2,0,0,0
2023,2023-10-15,Sydney Colson,Aces,G,2,0,1,0
2023,2023-10-15,Kierstan Bell,Aces,G,3,0,0,0
2023,2023-10-15,Betnijah Laney,Liberty,F,35,12,3,2
2023,2023-10-15,Breanna Stewart,Liberty,F,35,20,12,4
2023,2023-10-15,Jonquel Jones,Liberty,F,34,27,8,3
2023,2023-10-15,Courtney Vandersloot,Liberty,G,32,12,7,6
2023,2023-10-15,Sabrina Ionescu,Liberty,G,35,9,3,11
2023,2023-10-15,Kayla Thornton,Liberty,F,9,6,2,0
2023,2023-10-15,Nyara Sabally,Liberty,F,1,0,0,1
2023,2023-10-15,Stefanie Dolson,Liberty,C,3,0,0,0
2023,2023-10-15,Marine Johannes,Liberty,G,14,1,0,1
2023,2023-10-15,Jocelyn Willoughby,Liberty,G,1,0,0,0
2023,2023-10-11,Betnijah Laney,Liberty,F,32,12,0,5
2023,2023-10-11,Breanna Stewart,Liberty,F,36,14,13,3
2023,2023-10-11,Jonquel Jones,Liberty,F,30,22,10,0
2023,2023-10-11,Courtney Vandersloot,Liberty,G,26,9,4,4
2023,2023-10-11,Sabrina Ionescu,Liberty,G,29,10,4,3
2023,2023-10-11,Kayla Thornton,Liberty,F,13,2,1,0
2023,2023-10-11,Nyara Sabally,Liberty,F,2,0,0,0
2023,2023-10-11,Stefanie Dolson,Liberty,C,10,2,1,1
2023,2023-10-11,Marine Johannes,Liberty,G,19,3,1,3
2023,2023-10-11,Jocelyn Willoughby,Liberty,G,3,2,1,0
2023,2023-10-11,A'ja Wilson,Aces,F,31,26,15,3
2023,2023-10-11,Kiah Stokes,Aces,C,30,8,7,2
2023,2023-10-11,Chelsea Gray,Aces,G,37,14,6,11
2023,2023-10-11,Kelsey Plum,Aces,G,36,23,1,8
2023,2023-10-11,Jackie Young,Aces,G,32,24,8,4
2023,2023-10-11,Alysha Clark,Aces,F,21,7,2,2
2023,2023-10-11,Cayla George,Aces,F,4,0,0,1
2023,2023-10-11,Alaina Coates,Aces,C,2,0,0,0
2023,2023-10-11,Sydney Colson,Aces,G,4,0,1,0
2023,2023-10-11,Kierstan Bell,Aces,G,4,2,0,0
2023,2023-10-08,Betnijah Laney,Liberty,F,36,11,3,1
2023,2023-10-08,Breanna Stewart,Liberty,F,36,21,9,2
2023,2023-10-08,Jonquel Jones,Liberty,F,34,16,10,1
2023,2023-10-08,Courtney Vandersloot,Liberty,G,26,10,0,6
2023,2023-10-08,Sabrina Ionescu,Liberty,G,34,7,5,5
2023,2023-10-08,Kayla Thornton,Liberty,F,8,3,0,0
2023,2023-10-08,Nyara Sabally,Liberty,F,2,0,0,0
2023,2023-10-08,Stefanie Dolson,Liberty,C,2,0,0,0
2023,2023-10-08,Marine Johannes,Liberty,G,20,14,3,2
2023,2023-10-08,Jocelyn Willoughby,Liberty,G,2,0,0,0
2023,2023-10-08,A'ja Wilson,Aces,F,35,19,8,2
2023,2023-10-08,Kiah Stokes,Aces,C,22,0,4,3
2023,2023-10-08,Chelsea Gray,Aces,G,37,20,6,9
2023,2023-10-08,Kelsey Plum,Aces,G,36,26,5,1
2023,2023-10-08,Jackie Young,Aces,G,37,26,5,4
2023,2023-10-08,Alysha Clark,Aces,F,28,8,5,2
2023,2023-10-08,Cayla George,Aces,F,1,0,0,0
2023,2023-10-08,Alaina Coates,Aces,C,1,0,1,0
2023,2023-10-08,Sydney Colson,Aces,G,1,0,0,0
2023,2023-10-08,Kierstan Bell,Aces,G,2,0,0,0
2023,2023-10-01,Betnijah Laney,Liberty,F,40,21,7,5
2023,2023-10-01,Breanna Stewart,Liberty,F,40,27,9,1
2023,2023-10-01,Jonquel Jones,Liberty,F,37,25,15,2
2023,2023-10-01,Courtney Vandersloot,Liberty,G,38,3,3,7
2023,2023-10-01,Sabrina Ionescu,Liberty,G,38,9,5,7
2023,2023-10-01,Kayla Thornton,Liberty,F,4,2,3,0
2023,2023-10-01,Stefanie Dolson,Liberty,C,3,0,0,0
2023,2023-10-01,DeWanna Bonner,Sun,F,39,12,6,0
2023,2023-10-01,Alyssa Thomas,Sun,F,37,17,15,11
2023,2023-10-01,Tiffany Hayes,Sun,G,22,15,2,1
2023,2023-10-01,Rebecca Allen,Sun,G,28,7,1,3
2023,2023-10-01,Natisha Hiedeman,Sun,G,24,7,3,2
2023,2023-10-01,Olivia Nelson-Ododa,Sun,F,9,2,2,1
2023,2023-10-01,Tyasha Harris,Sun,G,19,10,0,2
2023,2023-10-01,DiJonai Carrington,Sun,G,22,14,4,1
2023,2023-09-29,Betnijah Laney,Liberty,F,37,20,8,4
2023,2023-09-29,Breanna Stewart,Liberty,F,37,25,11,2
2023,2023-09-29,Jonquel Jones,Liberty,F,36,10,12,2
2023,2023-09-29,Courtney Vandersloot,Liberty,G,33,12,0,7
2023,2023-09-29,Sabrina Ionescu,Liberty,G,30,16,3,5
2023,2023-09-29,Kayla Thornton,Liberty,F,6,2,1,0
2023,2023-09-29,Stefanie Dolson,Liberty,C,4,4,0,0
2023,2023-09-29,Marine Johannes,Liberty,G,17,3,0,0
2023,2023-09-29,DeWanna Bonner,Sun,F,35,10,8,3
2023,2023-09-29,Alyssa Thomas,Sun,F,38,23,9,14
2023,2023-09-29,Olivia Nelson-Ododa,Sun,F,26,14,3,1
2023,2023-09-29,Tiffany Hayes,Sun,G,34,16,6,2
2023,2023-09-29,Natisha Hiedeman,Sun,G,33,5,1,3
2023,2023-09-29,Tyasha Harris,Sun,G,29,11,2,3
2023,2023-09-29,DiJonai Carrington,Sun,G,3,2,1,0
2023,2023-09-29,Leigha Brown,Sun,G,2,0,0,0
2023,2023-09-29,A'ja Wilson,Aces,F,35,13,13,2
2023,2023-09-29,Kiah Stokes,Aces,C,30,4,5,1
2023,2023-09-29,Chelsea Gray,Aces,G,39,15,6,4
2023,2023-09-29,Kelsey Plum,Aces,G,36,11,5,7
2023,2023-09-29,Jackie Young,Aces,G,33,11,7,2
2023,2023-09-29,Alysha Clark,Aces,F,20,6,3,0
2023,2023-09-29,Kierstan Bell,Aces,G,7,4,0,0
2023,2023-09-29,Natasha Howard,Wings,F,38,14,8,3
2023,2023-09-29,Satou Sabally,Wings,F,27,5,4,0
2023,2023-09-29,Teaira McCowan,Wings,C,33,10,15,2
2023,2023-09-29,Odyssey Sims,Wings,G,12,2,0,0
2023,2023-09-29,Arike Ogunbowale,Wings,G,40,18,7,2
2023,2023-09-29,Awak Kuier,Wings,F,16,5,1,0
2023,2023-09-29,Kalani Brown,Wings,C,5,0,1,1
2023,2023-09-29,Crystal Dangerfield,Wings,G,2,0,1,0
2023,2023-09-29,Veronica Burton,Wings,G,26,7,4,6
2023,2023-09-26,DeWanna Bonner,Sun,F,40,19,7,4
2023,2023-09-26,Alyssa Thomas,Sun,F,40,10,8,9
2023,2023-09-26,Tiffany Hayes,Sun,G,36,30,3,2
2023,2023-09-26,Rebecca Allen,Sun,G,20,6,4,1
2023,2023-09-26,Natisha Hiedeman,Sun,G,14,0,2,0
2023,2023-09-26,Olivia Nelson-Ododa,Sun,F,25,4,6,1
2023,2023-09-26,Tyasha Harris,Sun,G,26,8,1,4
2023,2023-09-26,Betnijah Laney,Liberty,F,37,20,4,3
2023,2023-09-26,Breanna Stewart,Liberty,F,39,11,11,5
2023,2023-09-26,Jonquel Jones,Liberty,F,37,11,13,2
2023,2023-09-26,Courtney Vandersloot,Liberty,G,37,19,3,4
2023,2023-09-26,Sabrina Ionescu,Liberty,G,38,21,2,5
2023,2023-09-26,Kayla Thornton,Liberty,F,7,0,2,0
2023,2023-09-26,Stefanie Dolson,Liberty,C,2,2,1,0
2023,2023-09-26,Marine Johannes,Liberty,G,3,0,1,0
2023,2023-09-26,Natasha Howard,Wings,F,37,20,10,1
2023,2023-09-26,Satou Sabally,Wings,F,37,13,6,4
2023,2023-09-26,Teaira McCowan,Wings,C,27,12,10,2
2023,2023-09-26,Odyssey Sims,Wings,G,28,4,0,5
2023,2023-09-26,Arike Ogunbowale,Wings,G,38,24,3,4
2023,2023-09-26,Maddy Siegrist,Wings,F,7,3,3,0
2023,2023-09-26,Awak Kuier,Wings,F,3,0,0,0
2023,2023-09-26,Kalani Brown,Wings,C,12,8,5,0
2023,2023-09-26,Crystal Dangerfield,Wings,G,4,0,1,0
2023,2023-09-26,Veronica Burton,Wings,G,8,0,2,3
2023,2023-09-26,A'ja Wilson,Aces,F,34,30,11,0
2023,2023-09-26,Kiah Stokes,Aces,C,35,4,7,1
2023,2023-09-26,Chelsea Gray,Aces,G,36,23,5,8
2023,2023-09-26,Kelsey Plum,Aces,G,38,18,1,3
2023,2023-09-26,Jackie Young,Aces,G,36,13,9,4
2023,2023-09-26,Alysha Clark,Aces,F,18,3,6,1
2023,2023-09-26,Cayla George,Aces,F,4,0,0,0
2023,2023-09-24,DeWanna Bonner,Sun,F,39,20,7,3
2023,2023-09-24,Alyssa Thomas,Sun,F,40,8,7,10
2023,2023-09-24,Tiffany Hayes,Sun,G,23,12,7,2
2023,2023-09-24,Rebecca Allen,Sun,G,33,18,7,0
2023,2023-09-24,Natisha Hiedeman,Sun,G,33,12,2,4
2023,2023-09-24,Olivia Nelson-Ododa,Sun,F,19,4,3,0
2023,2023-09-24,Tyasha Harris,Sun,G,6,4,1,1
2023,2023-09-24,DiJonai Carrington,Sun,G,7,0,1,0
2023,2023-09-24,Betnijah Laney,Liberty,F,32,3,2,2
2023,2023-09-24,Breanna Stewart,Liberty,F,37,19,6,3
2023,2023-09-24,Jonquel Jones,Liberty,F,34,14,11,1
2023,2023-09-24,Courtney Vandersloot,Liberty,G,28,7,6,7
2023,2023-09-24,Sabrina Ionescu,Liberty,G,32,12,2,1
2023,2023-09-24,Kayla Thornton,Liberty,F,19,6,2,3
2023,2023-09-24,Nyara Sabally,Liberty,F,1,0,0,0
2023,2023-09-24,Stefanie Dolson,Liberty,C,4,0,0,0
2023,2023-09-24,Marine Johannes,Liberty,G,14,2,1,0
2023,2023-09-24,Natasha Howard,Wings,F,35,11,7,4
2023,2023-09-24,Satou Sabally,Wings,F,34,16,7,7
2023,2023-09-24,Teaira McCowan,Wings,C,23,7,8,0
2023,2023-09-24,Arike Ogunbowale,Wings,G,38,12,3,6
2023,2023-09-24,Crystal Dangerfield,Wings,G,18,10,1,3
2023,2023-09-24,Maddy Siegrist,Wings,F,5,7,0,0
2023,2023-09-24,Awak Kuier,Wings,F,9,0,0,0
2023,2023-09-24,Kalani Brown,Wings,C,14,10,1,1
2023,2023-09-24,Odyssey Sims,Wings,G,18,10,2,0
2023,2023-09-24,Veronica Burton,Wings,G,6,0,0,0
2023,2023-09-24,A'ja Wilson,Aces,F,34,34,8,1
2023,2023-09-24,Kiah Stokes,Aces,C,29,2,6,1
2023,2023-09-24,Chelsea Gray,Aces,G,36,13,4,4
2023,2023-09-24,Kelsey Plum,Aces,G,36,25,5,4
2023,2023-09-24,Jackie Young,Aces,G,36,19,10,7
2023,2023-09-24,Alysha Clark,Aces,F,20,4,1,0
2023,2023-09-24,Cayla George,Aces,F,1,0,0,0
2023,2023-09-24,Alaina Coates,Aces,C,1,0,1,0
2023,2023-09-24,Sydney Colson,Aces,G,1,0,0,0
2023,2023-09-24,Kierstan Bell,Aces,G,6,0,1,1
2023,2023-09-20,DeWanna Bonner,Sun,F,37,25,10,6
2023,2023-09-20,Alyssa Thomas,Sun,F,40,28,6,12
2023,2023-09-20,Tiffany Hayes,Sun,G,27,7,5,2
2023,2023-09-20,Rebecca Allen,Sun,G,37,2,6,1
2023,2023-09-20,Natisha Hiedeman,Sun,G,20,8,3,2
2023,2023-09-20,Olivia Nelson-Ododa,Sun,F,5,2,1,0
2023,2023-09-20,Tyasha Harris,Sun,G,20,18,1,1
2023,2023-09-20,DiJonai Carrington,Sun,G,13,0,3,0
2023,2023-09-20,Napheesa Collier,Lynx,F,37,31,5,2
2023,2023-09-20,Dorka Juhasz,Lynx,F,17,4,4,0
2023,2023-09-20,Diamond Miller,Lynx,F,27,6,2,3
2023,2023-09-20,Kayla McBride,Lynx,G,40,10,7,3
2023,2023-09-20,Tiffany Mitchell,Lynx,G,23,6,3,5
2023,2023-09-20,Bridget Carleton,Lynx,F,29,13,4,1
2023,2023-09-20,Nikolina Milic,Lynx,F,7,2,1,0
2023,2023-09-20,Rachel Banham,Lynx,G,20,3,1,2
2023,2023-09-19,Elena Delle Donne,Mystics,F,38,11,4,1
2023,2023-09-19,Myisha Hines-Allen,Mystics,F,32,10,4,3
2023,2023-09-19,Natasha Cloud,Mystics,G,42,33,6,9
2023,2023-09-19,Brittney Sykes,Mystics,G,41,14,12,4
2023,2023-09-19,Ariel Atkins,Mystics,G,37,13,5,3
2023,2023-09-19,Tianna Hawkins,Mystics,F,16,0,5,0
2023,2023-09-19,Queen Egbo,Mystics,C,4,0,0,0
2023,2023-09-19,Shatori Walker-Kimbrough,Mystics,G,12,4,2,0
2023,2023-09-19,Li Meng,Mystics,G,2,0,0,0
2023,2023-09-19,Betnijah Laney,Liberty,F,38,19,2,3
2023,2023-09-19,Breanna Stewart,Liberty,F,44,27,9,2
2023,2023-09-19,Jonquel Jones,Liberty,F,38,19,14,1
2023,2023-09-19,Courtney Vandersloot,Liberty,G,36,8,3,10
2023,2023-09-19,Sabrina Ionescu,Liberty,G,40,11,9,5
2023,2023-09-19,Kayla Thornton,Liberty,F,17,6,3,0
2023,2023-09-19,Stefanie Dolson,Liberty,C,7,0,1,0
2023,2023-09-19,Marine Johannes,Liberty,G,4,0,0,0
2023,2023-09-19,Cheyenne Parker,Dream,F,29,15,5,0
2023,2023-09-19,Monique Billings,Dream,F,21,5,6,0
2023,2023-09-19,Danielle Robinson,Dream,G,22,2,1,4
2023,2023-09-19,Allisha Gray,Dream,G,37,19,7,6
2023,2023-09-19,Rhyne Howard,Dream,G,37,21,3,2
2023,2023-09-19,Naz Hillmon,Dream,F,12,2,2,0
2023,2023-09-19,Laeticia Amihere,Dream,F,3,0,0,0
2023,2023-09-19,Iliana Rupert,Dream,C,14,2,3,0
2023,2023-09-19,AD Durr,Dream,G,3,2,0,0
2023,2023-09-19,Aari McDonald,Dream,G,18,2,1,2
2023,2023-09-19,Haley Jones,Dream,G,3,4,0,0
2023,2023-09-19,Natasha Howard,Wings,F,25,10,9,0
2023,2023-09-19,Satou Sabally,Wings,F,34,13,4,6
2023,2023-09-19,Teaira McCowan,Wings,C,32,12,16,2
2023,2023-09-19,Arike Ogunbowale,Wings,G,34,20,2,7
2023,2023-09-19,Crystal Dangerfield,Wings,G,18,11,2,1
2023,2023-09-19,Maddy Siegrist,Wings,F,3,2,0,0
2023,2023-09-19,Awak Kuier,Wings,F,20,13,6,1
2023,2023-09-19,Kalani Brown,Wings,C,8,12,2,0
2023,2023-09-19,Odyssey Sims,Wings,G,17,8,0,4
2023,2023-09-19,Veronica Burton,Wings,G,9,0,0,1
2023,2023-09-17,Napheesa Collier,Lynx,F,38,26,13,2
2023,2023-09-17,Dorka Juhasz,Lynx,F,32,6,5,6
2023,2023-09-17,Diamond Miller,Lynx,F,24,5,1,2
2023,2023-09-17,Kayla McBride,Lynx,G,40,28,8,2
2023,2023-09-17,Tiffany Mitchell,Lynx,G,24,5,2,5
2023,2023-09-17,Bridget Carleton,Lynx,F,22,6,3,0
2023,2023-09-17,Nikolina Milic,Lynx,F,4,2,1,0
2023,2023-09-17,Rachel Banham,Lynx,G,16,4,2,5
2023,2023-09-17,DeWanna Bonner,Sun,F,36,24,5,2
2023,2023-09-17,Alyssa Thomas,Sun,F,40,26,8,6
2023,2023-09-17,Tiffany Hayes,Sun,G,20,6,1,0
2023,2023-09-17,Rebecca Allen,Sun,G,34,10,9,2
2023,2023-09-17,Natisha Hiedeman,Sun,G,13,0,0,3
2023,2023-09-17,Olivia Nelson-Ododa,Sun,F,10,2,4,1
2023,2023-09-17,Tyasha Harris,Sun,G,27,2,2,4
2023,2023-09-17,DiJonai Carrington,Sun,G,20,5,1,0
2023,2023-09-17,Alanna Smith,Sky,F,15,0,2,1
2023,2023-09-17,Elizabeth Williams,Sky,C,36,4,10,5
2023,2023-09-17,Courtney Williams,Sky,G,33,5,5,2
2023,2023-09-17,Kahleah Copper,Sky,G,37,25,10,3
2023,2023-09-17,Marina Mabrey,Sky,G,33,12,4,0
2023,2023-09-17,Robyn Parks,Sky,F,9,0,0,0
2023,2023-09-17,Ruthy Hebard,Sky,F,4,0,0,0
2023,2023-09-17,Sika Kone,Sky,F,7,2,1,1
2023,2023-09-17,Dana Evans,Sky,G,25,22,0,3
2023,2023-09-17,A'ja Wilson,Aces,F,30,38,16,1
2023,2023-09-17,Kiah Stokes,Aces,C,22,2,10,1
2023,2023-09-17,Chelsea Gray,Aces,G,36,9,4,9
2023,2023-09-17,Kelsey Plum,Aces,G,35,10,1,2
2023,2023-09-17,Jackie Young,Aces,G,34,15,5,6
2023,2023-09-17,Alysha Clark,Aces,F,23,14,6,1
2023,2023-09-17,Cayla George,Aces,F,2,2,1,0
2023,2023-09-17,Alaina Coates,Aces,C,2,0,1,0
2023,2023-09-17,Sydney Colson,Aces,G,4,0,0,0
2023,2023-09-17,Kierstan Bell,Aces,G,10,2,2,0
2023,2023-09-15,Elena Delle Donne,Mystics,F,35,11,5,6
2023,2023-09-15,Myisha Hines-Allen,Mystics,F,27,21,8,1
2023,2023-09-15,Natasha Cloud,Mystics,G,32,4,8,8
2023,2023-09-15,Brittney Sykes,Mystics,G,36,16,4,3
2023,2023-09-15,Ariel Atkins,Mystics,G,30,14,6,3
2023,2023-09-15,Tianna Hawkins,Mystics,F,13,5,4,2
2023,2023-09-15,Queen Egbo,Mystics,C,5,0,1,0
2023,2023-09-15,Shatori Walker-Kimbrough,Mystics,G,10,1,1,1
2023,2023-09-15,Li Meng,Mystics,G,12,3,0,0
2023,2023-09-15,Betnijah Laney,Liberty,F,36,19,8,1
2023,2023-09-15,Breanna Stewart,Liberty,F,38,10,8,4
2023,2023-09-15,Jonquel Jones,Liberty,F,33,20,12,4
2023,2023-09-15,Courtney Vandersloot,Liberty,G,34,7,6,6
2023,2023-09-15,Sabrina Ionescu,Liberty,G,39,29,6,2
2023,2023-09-15,Kayla Thornton,Liberty,F,8,2,1,0
2023,2023-09-15,Stefanie Dolson,Liberty,C,6,3,2,0
2023,2023-09-15,Marine Johannes,Liberty,G,5,0,0,1
2023,2023-09-15,Cheyenne Parker,Dream,F,38,11,8,4
2023,2023-09-15,Monique Billings,Dream,F,26,4,8,0
2023,2023-09-15,Danielle Robinson,Dream,G,22,3,2,4
2023,2023-09-15,Allisha Gray,Dream,G,36,21,7,2
2023,2023-09-15,Rhyne Howard,Dream,G,38,36,4,2
2023,2023-09-15,Naz Hillmon,Dream,F,16,0,2,2
2023,2023-09-15,AD Durr,Dream,G,6,2,0,1
2023,2023-09-15,Aari McDonald,Dream,G,18,5,1,3
2023,2023-09-15,Natasha Howard,Wings,F,36,5,8,3
2023,2023-09-15,Satou Sabally,Wings,F,37,32,5,4
2023,2023-09-15,Teaira McCowan,Wings,C,36,17,14,2
2023,2023-09-15,Arike Ogunbowale,Wings,G,38,24,9,7
2023,2023-09-15,Crystal Dangerfield,Wings,G,16,2,2,1
2023,2023-09-15,Maddy Siegrist,Wings,F,4,2,1,0
2023,2023-09-15,Awak Kuier,Wings,F,4,2,0,0
2023,2023-09-15,Kalani Brown,Wings,C,4,0,2,0
2023,2023-09-15,Odyssey Sims,Wings,G,19,8,3,3
2023,2023-09-15,Veronica Burton,Wings,G,6,2,0,1
2023,2023-09-13,Napheesa Collier,Lynx,F,33,14,6,1
2023,2023-09-13,Dorka Juhasz,Lynx,F,23,5,6,2
2023,2023-09-13,Diamond Miller,Lynx,F,18,5,1,1
2023,2023-09-13,Kayla McBride,Lynx,G,38,16,3,3
2023,2023-09-13,Tiffany Mitchell,Lynx,G,19,0,5,1
2023,2023-09-13,Bridget Carleton,Lynx,F,21,6,4,1
2023,2023-09-13,Nikolina Milic,Lynx,F,11,2,2,2
2023,2023-09-13,Rachel Banham,Lynx,G,23,8,2,2
2023,2023-09-13,Aerial Powers,Lynx,G,14,4,3,0
2023,2023-09-13,DeWanna Bonner,Sun,F,33,17,15,6
2023,2023-09-13,Alyssa Thomas,Sun,F,37,15,3,10
2023,2023-09-13,Tiffany Hayes,Sun,G,21,14,0,2
2023,2023-09-13,Rebecca Allen,Sun,G,34,15,6,3
2023,2023-09-13,Natisha Hiedeman,Sun,G,17,6,2,2
2023,2023-09-13,Olivia Nelson-Ododa,Sun,F,13,2,5,0
2023,2023-09-13,Tyasha Harris,Sun,G,27,12,0,2
2023,2023-09-13,DiJonai Carrington,Sun,G,16,9,4,2
2023,2023-09-13,Leigha Brown,Sun,G,3,0,1,1
2023,2023-09-13,Alanna Smith,Sky,F,21,8,7,0
2023,2023-09-13,Elizabeth Williams,Sky,C,29,4,10,1
2023,2023-09-13,Courtney Williams,Sky,G,32,9,11,6
2023,2023-09-13,Kahleah Copper,Sky,G,32,15,5,0
2023,2023-09-13,Marina Mabrey,Sky,G,31,7,3,3
2023,2023-09-13,Robyn Parks,Sky,F,17,5,4,0
2023,2023-09-13,Morgan Bertsch,Sky,F,5,0,0,0
2023,2023-09-13,Ruthy Hebard,Sky,F,11,2,2,0
2023,2023-09-13,Taylor Soule,Sky,F,1,0,0,0
2023,2023-09-13,Sika Kone,Sky,F,1,2,0,0
2023,2023-09-13,Dana Evans,Sky,G,20,7,1,4
2023,2023-09-13,A'ja Wilson,Aces,F,28,14,8,1
2023,2023-09-13,Kiah Stokes,Aces,C,24,2,15,0
2023,2023-09-13,Chelsea Gray,Aces,G,32,20,4,7
2023,2023-09-13,Kelsey Plum,Aces,G,33,16,1,2
2023,2023-09-13,Jackie Young,Aces,G,29,18,1,6
2023,2023-09-13,Alysha Clark,Aces,F,24,13,4,2
2023,2023-09-13,Cayla George,Aces,F,3,0,0,0
2023,2023-09-13,Alaina Coates,Aces,C,3,2,2,0
2023,2023-09-13,Sydney Colson,Aces,G,7,0,1,1
2023,2023-09-13,Kierstan Bell,Aces,G,17,2,3,1
2023,2023-09-10,Natasha Howard,Wings,F,32,15,9,4
2023,2023-09-10,Satou Sabally,Wings,F,21,8,5,5
2023,2023-09-10,Teaira McCowan,Wings,C,24,12,10,1
2023,2023-09-10,Arike Ogunbowale,Wings,G,37,32,4,6
2023,2023-09-10,Veronica Burton,Wings,G,18,4,1,2
2023,2023-09-10,Maddy Siegrist,Wings,F,7,2,3,0
2023,2023-09-10,Awak Kuier,Wings,F,20,4,5,2
2023,2023-09-10,Kalani Brown,Wings,C,16,10,4,2
2023,2023-09-10,Odyssey Sims,Wings,G,10,4,1,2
2023,2023-09-10,Crystal Dangerfield,Wings,G,15,3,2,2
2023,2023-09-10,Cheyenne Parker,Dream,F,26,13,2,1
2023,2023-09-10,Monique Billings,Dream,F,26,8,7,1
2023,2023-09-10,Danielle Robinson,Dream,G,21,6,0,0
2023,2023-09-10,Allisha Gray,Dream,G,30,13,4,3
2023,2023-09-10,Rhyne Howard,Dream,G,30,19,4,7
2023,2023-09-10,Naz Hillmon,Dream,F,17,8,6,1
2023,2023-09-10,Laeticia Amihere,Dream,F,6,0,1,1
2023,2023-09-10,Iliana Rupert,Dream,C,5,3,0,0
2023,2023-09-10,Aari McDonald,Dream,G,23,6,1,1
2023,2023-09-10,Haley Jones,Dream,G,16,1,4,2
2023,2023-09-10,Robyn Parks,Sky,F,32,6,2,0
2023,2023-09-10,Alanna Smith,Sky,F,10,2,5,0
2023,2023-09-10,Elizabeth Williams,Sky,C,34,21,5,2
2023,2023-09-10,Courtney Williams,Sky,G,40,23,16,13
2023,2023-09-10,Marina Mabrey,Sky,G,38,16,3,7
2023,2023-09-10,Morgan Bertsch,Sky,F,10,7,1,2
2023,2023-09-10,Ruthy Hebard,Sky,F,11,2,0,0
2023,2023-09-10,Taylor Soule,Sky,F,3,0,0,0
2023,2023-09-10,Sika Kone,Sky,F,13,7,4,1
2023,2023-09-10,Dana Evans,Sky,G,34,18,2,3
2023,2023-09-10,DeWanna Bonner,Sun,F,15,7,3,3
2023,2023-09-10,Alyssa Thomas,Sun,F,16,5,5,4
2023,2023-09-10,Tiffany Hayes,Sun,G,12,7,0,0
2023,2023-09-10,Rebecca Allen,Sun,G,29,6,3,2
2023,2023-09-10,Natisha Hiedeman,Sun,G,27,13,1,3
2023,2023-09-10,Olivia Nelson-Ododa,Sun,F,35,20,11,0
2023,2023-09-10,Tyasha Harris,Sun,G,33,17,2,1
2023,2023-09-10,DiJonai Carrington,Sun,G,31,12,5,4
2023,2023-09-10,Leigha Brown,Sun,G,26,4,6,4
2023,2023-09-10,Napheesa Collier,Lynx,F,37,23,10,1
2023,2023-09-10,Dorka Juhasz,Lynx,F,35,2,10,2
2023,2023-09-10,Diamond Miller,Lynx,F,33,11,1,2
2023,2023-09-10,Kayla McBride,Lynx,G,33,24,4,2
2023,2023-09-10,Tiffany Mitchell,Lynx,G,26,4,2,3
2023,2023-09-10,Bridget Carleton,Lynx,F,14,2,0,2
2023,2023-09-10,Nikolina Milic,Lynx,F,7,3,0,1
2023,2023-09-10,Rachel Banham,Lynx,G,5,0,0,0
2023,2023-09-10,Aerial Powers,Lynx,G,9,3,2,0
2023,2023-09-10,NaLyssa Smith,Fever,F,34,16,11,3
2023,2023-09-10,Aliyah Boston,Fever,F,36,19,12,1
2023,2023-09-10,Erica Wheeler,Fever,G,26,10,5,3
2023,2023-09-10,Kelsey Mitchell,Fever,G,37,24,1,2
2023,2023-09-10,Victoria Vivians,Fever,G,34,5,2,2
2023,2023-09-10,Emma Cannon,Fever,F,2,2,0,0
2023,2023-09-10,Amanda Zahui B.,Fever,C,4,2,1,0
2023,2023-09-10,Maya Caldwell,Fever,G,7,0,1,0
2023,2023-09-10,Grace Berger,Fever,G,20,9,3,2
2023,2023-09-10,Elena Delle Donne,Mystics,F,24,11,3,4
2023,2023-09-10,Myisha Hines-Allen,Mystics,F,23,6,3,3
2023,2023-09-10,Natasha Cloud,Mystics,G,30,17,6,5
2023,2023-09-10,Brittney Sykes,Mystics,G,31,20,7,6
2023,2023-09-10,Ariel Atkins,Mystics,G,22,11,1,1
2023,2023-09-10,Tianna Hawkins,Mystics,F,20,5,5,1
2023,2023-09-10,Queen Egbo,Mystics,C,14,6,2,0
2023,2023-09-10,Shatori Walker-Kimbrough,Mystics,G,18,6,4,1
2023,2023-09-10,Li Meng,Mystics,G,19,8,1,0
2023,2023-09-10,Betnijah Laney,Liberty,F,30,13,1,1
2023,2023-09-10,Breanna Stewart,Liberty,F,35,9,6,2
2023,2023-09-10,Jonquel Jones,Liberty,F,29,19,9,2
2023,2023-09-10,Courtney Vandersloot,Liberty,G,31,9,2,4
2023,2023-09-10,Sabrina Ionescu,Liberty,G,31,20,7,7
2023,2023-09-10,Kayla Thornton,Liberty,F,15,0,5,0
2023,2023-09-10,Stefanie Dolson,Liberty,C,13,7,4,0
2023,2023-09-10,Marine Johannes,Liberty,G,16,11,2,3
2023,2023-09-10,Brianna Turner,Mercury,F,26,4,7,1
2023,2023-09-10,Michaela Onyenwere,Mercury,F,33,9,4,2
2023,2023-09-10,Brittney Griner,Mercury,C,27,21,3,3
2023,2023-09-10,Moriah Jefferson,Mercury,G,30,22,4,6
2023,2023-09-10,Sug Sutton,Mercury,G,37,14,4,6
2023,2023-09-10,Kadi Sissoko,Mercury,F,13,2,2,1
2023,2023-09-10,Megan Gustafson,Mercury,C,17,7,7,1
2023,2023-09-10,Ashley Joens,Mercury,G,17,6,1,1
2023,2023-09-10,A'ja Wilson,Aces,F,29,36,8,2
2023,2023-09-10,Kiah Stokes,Aces,C,23,0,2,1
2023,2023-09-10,Chelsea Gray,Aces,G,33,21,2,8
2023,2023-09-10,Kelsey Plum,Aces,G,31,30,3,3
2023,2023-09-10,Jackie Young,Aces,G,29,3,3,5
2023,2023-09-10,Alysha Clark,Aces,F,23,5,4,1
2023,2023-09-10,Cayla George,Aces,F,12,0,4,2
2023,2023-09-10,Alaina Coates,Aces,C,1,0,0,0
2023,2023-09-10,Sydney Colson,Aces,G,11,2,4,0
2023,2023-09-10,Kierstan Bell,Aces,G,9,3,2,0
2023,2023-09-10,Nneka Ogwumike,Sparks,F,24,22,6,1
2023,2023-09-10,Azura Stevens,Sparks,F,27,10,8,2
2023,2023-09-10,Layshia Clarendon,Sparks,G,31,14,4,6
2023,2023-09-10,Jordin Canada,Sparks,G,24,14,1,7
2023,2023-09-10,Rae Burrell,Sparks,G,21,4,2,2
2023,2023-09-10,Dearica Hamby,Sparks,F,29,7,12,6
2023,2023-09-10,Jasmine Thomas,Sparks,G,16,6,1,1
2023,2023-09-10,Evina Westbrook,Sparks,G,7,0,2,0
2023,2023-09-10,Zia Cooke,Sparks,G,22,14,2,0
2023,2023-09-10,Mercedes Russell,Storm,C,29,4,5,3
2023,2023-09-10,Ezi Magbegor,Storm,C,32,16,8,7
2023,2023-09-10,Sami Whitcomb,Storm,G,29,9,2,4
2023,2023-09-10,Jewell Loyd,Storm,G,36,28,3,4
2023,2023-09-10,Jordan Horston,Storm,G,26,7,5,2
2023,2023-09-10,Joyner Holmes,Storm,F,13,7,5,2
2023,2023-09-10,Dulcy Fankam Mendjiadeu,Storm,F,2,0,0,1
2023,2023-09-10,Yvonne Turner,Storm,G,7,0,2,2
2023,2023-09-10,Kia Nurse,Storm,G,26,18,3,0
2023,2023-09-08,NaLyssa Smith,Fever,F,34,14,6,1
2023,2023-09-08,Aliyah Boston,Fever,F,29,7,7,2
2023,2023-09-08,Erica Wheeler,Fever,G,27,14,5,3
2023,2023-09-08,Kelsey Mitchell,Fever,G,34,15,2,2
2023,2023-09-08,Victoria Vivians,Fever,G,28,0,4,2
2023,2023-09-08,Emma Cannon,Fever,F,8,4,2,0
2023,2023-09-08,Victaria Saxton,Fever,F,5,0,1,0
2023,2023-09-08,Amanda Zahui B.,Fever,C,3,2,0,0
2023,2023-09-08,Maya Caldwell,Fever,G,15,1,0,0
2023,2023-09-08,Grace Berger,Fever,G,16,2,0,1
2023,2023-09-08,DeWanna Bonner,Sun,F,27,10,8,5
2023,2023-09-08,Alyssa Thomas,Sun,F,31,10,14,8
2023,2023-09-08,Tiffany Hayes,Sun,G,23,14,2,1
2023,2023-09-08,Rebecca Allen,Sun,G,20,8,2,1
2023,2023-09-08,Natisha Hiedeman,Sun,G,23,10,0,1
2023,2023-09-08,Olivia Nelson-Ododa,Sun,F,28,6,3,0
2023,2023-09-08,Tyasha Harris,Sun,G,21,6,1,1
2023,2023-09-08,DiJonai Carrington,Sun,G,16,10,6,2
2023,2023-09-08,Leigha Brown,Sun,G,11,2,1,0
2023,2023-09-08,Cheyenne Parker,Dream,F,32,17,5,1
2023,2023-09-08,Monique Billings,Dream,F,32,6,8,1
2023,2023-09-08,Danielle Robinson,Dream,G,29,6,3,3
2023,2023-09-08,Allisha Gray,Dream,G,37,17,8,1
2023,2023-09-08,Rhyne Howard,Dream,G,37,21,12,4
2023,2023-09-08,Naz Hillmon,Dream,F,17,6,6,1
2023,2023-09-08,Laeticia Amihere,Dream,F,1,0,0,0
2023,2023-09-08,Haley Jones,Dream,G,16,7,5,2
2023,2023-09-08,Elena Delle Donne,Mystics,F,26,13,6,1
2023,2023-09-08,Myisha Hines-Allen,Mystics,F,21,9,7,4
2023,2023-09-08,Natasha Cloud,Mystics,G,35,7,5,15
2023,2023-09-08,Brittney Sykes,Mystics,G,38,27,5,2
2023,2023-09-08,Ariel Atkins,Mystics,G,17,0,1,1
2023,2023-09-08,Tianna Hawkins,Mystics,F,19,5,4,0
2023,2023-09-08,Queen Egbo,Mystics,C,13,0,3,0
2023,2023-09-08,Shatori Walker-Kimbrough,Mystics,G,19,11,1,1
2023,2023-09-08,Li Meng,Mystics,G,11,3,0,0
2023,2023-09-08,Napheesa Collier,Lynx,F,38,28,8,5
2023,2023-09-08,Dorka Juhasz,Lynx,F,29,8,10,5
2023,2023-09-08,Diamond Miller,Lynx,F,35,24,3,0
2023,2023-09-08,Kayla McBride,Lynx,G,33,16,3,4
2023,2023-09-08,Tiffany Mitchell,Lynx,G,30,10,3,5
2023,2023-09-08,Bridget Carleton,Lynx,F,20,0,2,3
2023,2023-09-08,Nikolina Milic,Lynx,F,8,1,2,0
2023,2023-09-08,Rachel Banham,Lynx,G,8,0,0,2
2023,2023-09-08,Alanna Smith,Sky,F,21,11,3,1
2023,2023-09-08,Elizabeth Williams,Sky,C,28,4,4,4
2023,2023-09-08,Courtney Williams,Sky,G,30,13,3,11
2023,2023-09-08,Kahleah Copper,Sky,G,34,20,4,5
2023,2023-09-08,Marina Mabrey,Sky,G,28,19,2,1
2023,2023-09-08,Robyn Parks,Sky,F,8,0,0,0
2023,2023-09-08,Ruthy Hebard,Sky,F,12,10,3,0
2023,2023-09-08,Sika Kone,Sky,F,19,6,10,1
2023,2023-09-08,Dana Evans,Sky,G,19,9,3,2
2023,2023-09-08,Mercedes Russell,Storm,C,30,12,4,3
2023,2023-09-08,Ezi Magbegor,Storm,C,34,15,9,4
2023,2023-09-08,Sami Whitcomb,Storm,G,35,5,2,8
2023,2023-09-08,Jewell Loyd,Storm,G,40,33,3,4
2023,2023-09-08,Jordan Horston,Storm,G,21,5,4,2
2023,2023-09-08,Joyner Holmes,Storm,F,10,0,1,0
2023,2023-09-08,Dulcy Fankam Mendjiadeu,Storm,F,4,0,0,0
2023,2023-09-08,Yvonne Turner,Storm,G,3,0,0,0
2023,2023-09-08,Kia Nurse,Storm,G,21,19,1,1
2023,2023-09-08,Jade Melbourne,Storm,G,2,2,0,0
2023,2023-09-08,Natasha Howard,Wings,F,38,23,9,4
2023,2023-09-08,Satou Sabally,Wings,F,32,21,7,8
2023,2023-09-08,Teaira McCowan,Wings,C,26,16,9,3
2023,2023-09-08,Arike Ogunbowale,Wings,G,39,19,3,10
2023,2023-09-08,Veronica Burton,Wings,G,28,7,2,2
2023,2023-09-08,Maddy Siegrist,Wings,F,4,0,0,1
2023,2023-09-08,Awak Kuier,Wings,F,7,7,1,0
2023,2023-09-08,Kalani Brown,Wings,C,15,12,5,1
2023,2023-09-08,Odyssey Sims,Wings,G,12,1,0,1
2023,2023-09-08,A'ja Wilson,Aces,F,30,30,9,0
2023,2023-09-08,Kiah Stokes,Aces,C,19,4,6,1
2023,2023-09-08,Chelsea Gray,Aces,G,31,14,5,12
2023,2023-09-08,Kelsey Plum,Aces,G,37,18,2,5
2023,2023-09-08,Jackie Young,Aces,G,28,17,5,3
2023,2023-09-08,Alysha Clark,Aces,F,18,3,3,1
2023,2023-09-08,Cayla George,Aces,F,13,3,3,0
2023,2023-09-08,Alaina Coates,Aces,C,3,0,0,0
2023,2023-09-08,Sydney Colson,Aces,G,12,3,1,1
2023,2023-09-08,Kierstan Bell,Aces,G,9,2,4,2
2023,2023-09-08,Brianna Turner,Mercury,F,24,6,4,1
2023,2023-09-08,Michaela Onyenwere,Mercury,F,33,5,3,0
2023,2023-09-08,Brittney Griner,Mercury,C,24,10,2,1
2023,2023-09-08,Moriah Jefferson,Mercury,G,27,11,4,0
2023,2023-09-08,Sug Sutton,Mercury,G,39,18,11,11
2023,2023-09-08,Kadi Sissoko,Mercury,F,12,4,4,0
2023,2023-09-08,Megan Gustafson,Mercury,C,20,14,5,0
2023,2023-09-08,Ashley Joens,Mercury,G,20,5,2,0
2023,2023-09-07,Dearica Hamby,Sparks,F,38,11,8,2
2023,2023-09-07,Azura Stevens,Sparks,F,40,18,8,1
2023,2023-09-07,Layshia Clarendon,Sparks,G,39,30,5,3
2023,2023-09-07,Jordin Canada,Sparks,G,30,10,1,5
2023,2023-09-07,Rae Burrell,Sparks,G,35,18,2,2
2023,2023-09-07,Jasmine Thomas,Sparks,G,10,0,0,1
2023,2023-09-07,Zia Cooke,Sparks,G,9,2,1,2
2023,2023-09-07,Betnijah Laney,Liberty,F,33,20,1,7
2023,2023-09-07,Breanna Stewart,Liberty,F,32,25,6,3
2023,2023-09-07,Jonquel Jones,Liberty,F,27,4,9,4
2023,2023-09-07,Courtney Vandersloot,Liberty,G,29,6,2,10
2023,2023-09-07,Sabrina Ionescu,Liberty,G,31,16,4,5
2023,2023-09-07,Kayla Thornton,Liberty,F,20,6,5,1
2023,2023-09-07,Stefanie Dolson,Liberty,C,13,17,4,0
2023,2023-09-07,Marine Johannes,Liberty,G,15,2,0,2
2023,2023-09-06,Dulcy Fankam Mendjiadeu,Storm,F,14,2,5,0
2023,2023-09-06,Ezi Magbegor,Storm,C,33,12,8,4
2023,2023-09-06,Sami Whitcomb,Storm,G,33,13,2,2
2023,2023-09-06,Jewell Loyd,Storm,G,39,26,5,1
2023,2023-09-06,Jordan Horston,Storm,G,25,0,1,3
2023,2023-09-06,Joyner Holmes,Storm,F,7,0,1,0
2023,2023-09-06,Mercedes Russell,Storm,C,26,8,6,1
2023,2023-09-06,Kia Nurse,Storm,G,20,7,2,1
2023,2023-09-06,Jade Melbourne,Storm,G,3,0,0,0
2023,2023-09-06,Cheyenne Parker,Dream,F,31,17,6,0
2023,2023-09-06,Monique Billings,Dream,F,33,15,14,4
2023,2023-09-06,Danielle Robinson,Dream,G,28,9,3,4
2023,2023-09-06,Allisha Gray,Dream,G,33,18,3,2
2023,2023-09-06,Rhyne Howard,Dream,G,32,10,6,7
2023,2023-09-06,Naz Hillmon,Dream,F,10,0,3,0
2023,2023-09-06,Iliana Rupert,Dream,C,5,3,2,0
2023,2023-09-06,AD Durr,Dream,G,7,2,0,0
2023,2023-09-06,Aari McDonald,Dream,G,18,5,0,7
2023,2023-09-06,Haley Jones,Dream,G,2,0,0,0
2023,2023-09-05,Dearica Hamby,Sparks,F,38,18,7,0
2023,2023-09-05,Azura Stevens,Sparks,F,34,18,11,2
2023,2023-09-05,Layshia Clarendon,Sparks,G,28,13,1,0
2023,2023-09-05,Jordin Canada,Sparks,G,34,10,2,8
2023,2023-09-05,Rae Burrell,Sparks,G,33,13,2,3
2023,2023-09-05,Jasmine Thomas,Sparks,G,6,2,1,1
2023,2023-09-05,Evina Westbrook,Sparks,G,13,2,1,2
2023,2023-09-05,Zia Cooke,Sparks,G,14,0,0,1
2023,2023-09-05,DeWanna Bonner,Sun,F,36,25,7,0
2023,2023-09-05,Alyssa Thomas,Sun,F,37,27,12,14
2023,2023-09-05,Tiffany Hayes,Sun,G,30,13,3,0
2023,2023-09-05,Rebecca Allen,Sun,G,26,5,2,2
2023,2023-09-05,Natisha Hiedeman,Sun,G,29,3,4,4
2023,2023-09-05,Olivia Nelson-Ododa,Sun,F,17,7,4,1
2023,2023-09-05,Tyasha Harris,Sun,G,24,10,0,1
2023,2023-09-05,Leigha Brown,Sun,G,0,0,0,0
2023,2023-09-05,Alanna Smith,Sky,F,21,4,3,3
2023,2023-09-05,Elizabeth Williams,Sky,C,22,2,5,3
2023,2023-09-05,Courtney Williams,Sky,G,24,17,8,4
2023,2023-09-05,Kahleah Copper,Sky,G,18,25,4,1
2023,2023-09-05,Marina Mabrey,Sky,G,22,17,4,6
2023,2023-09-05,Robyn Parks,Sky,F,26,11,1,2
2023,2023-09-05,Morgan Bertsch,Sky,F,8,0,1,0
2023,2023-09-05,Ruthy Hebard,Sky,F,14,7,4,0
2023,2023-09-05,Taylor Soule,Sky,F,6,2,1,0
2023,2023-09-05,Sika Kone,Sky,F,16,6,4,1
2023,2023-09-05,Dana Evans,Sky,G,25,5,0,5
2023,2023-09-05,NaLyssa Smith,Fever,F,27,16,7,1
2023,2023-09-05,Aliyah Boston,Fever,F,24,6,6,1
2023,2023-09-05,Erica Wheeler,Fever,G,20,6,3,4
2023,2023-09-05,Kelsey Mitchell,Fever,G,30,10,3,2
2023,2023-09-05,Victoria Vivians,Fever,G,27,6,2,1
2023,2023-09-05,Emma Cannon,Fever,F,13,10,2,1
2023,2023-09-05,Victaria Saxton,Fever,F,4,2,0,0
2023,2023-09-05,Amanda Zahui B.,Fever,C,12,3,0,1
2023,2023-09-05,Maya Caldwell,Fever,G,14,6,2,0
2023,2023-09-05,Grace Berger,Fever,G,29,4,6,6
2023,2023-09-05,Betnijah Laney,Liberty,F,32,22,1,2
2023,2023-09-05,Breanna Stewart,Liberty,F,34,40,10,2
2023,2023-09-05,Jonquel Jones,Liberty,F,30,7,8,5
2023,2023-09-05,Courtney Vandersloot,Liberty,G,34,16,4,10
2023,2023-09-05,Sabrina Ionescu,Liberty,G,25,5,2,3
2023,2023-09-05,Kayla Thornton,Liberty,F,18,2,2,1
2023,2023-09-05,Stefanie Dolson,Liberty,C,10,2,2,1
2023,2023-09-05,Marine Johannes,Liberty,G,14,0,1,2
2023,2023-09-05,Jocelyn Willoughby,Liberty,G,3,0,2,0
2023,2023-09-05,Natasha Howard,Wings,F,30,14,10,5
2023,2023-09-05,Satou Sabally,Wings,F,38,27,4,4
2023,2023-09-05,Awak Kuier,Wings,F,16,5,2,2
2023,2023-09-05,Arike Ogunbowale,Wings,G,38,19,2,5
2023,2023-09-05,Crystal Dangerfield,Wings,G,40,12,3,5
2023,2023-09-05,Maddy Siegrist,Wings,F,5,1,1,0
2023,2023-09-05,Teaira McCowan,Wings,C,23,11,12,2
2023,2023-09-05,Kalani Brown,Wings,C,8,4,1,1
2023,2023-09-05,Odyssey Sims,Wings,G,1,0,0,0
2023,2023-09-05,Veronica Burton,Wings,G,2,0,2,0
2023,2023-09-05,Elena Delle Donne,Mystics,F,24,24,4,0
2023,2023-09-05,Myisha Hines-Allen,Mystics,F,20,4,8,8
2023,2023-09-05,Natasha Cloud,Mystics,G,33,20,5,10
2023,2023-09-05,Brittney Sykes,Mystics,G,31,18,4,4
2023,2023-09-05,Shatori Walker-Kimbrough,Mystics,G,34,17,2,1
2023,2023-09-05,Tianna Hawkins,Mystics,F,23,2,2,1
2023,2023-09-05,Queen Egbo,Mystics,C,13,4,4,0
2023,2023-09-05,Li Meng,Mystics,G,22,11,0,2
2023,2023-09-05,Brianna Turner,Mercury,F,24,2,7,0
2023,2023-09-05,Michaela Onyenwere,Mercury,F,28,19,3,1
2023,2023-09-05,Brittney Griner,Mercury,C,21,16,2,5
2023,2023-09-05,Moriah Jefferson,Mercury,G,27,11,4,5
2023,2023-09-05,Sug Sutton,Mercury,G,34,6,2,7
2023,2023-09-05,Kadi Sissoko,Mercury,F,16,2,3,1
2023,2023-09-05,Megan Gustafson,Mercury,C,19,13,7,3
2023,2023-09-05,Ashley Joens,Mercury,G,30,8,3,0
2023,2023-09-03,Betnijah Laney,Liberty,F,33,17,5,2
2023,2023-09-03,Breanna Stewart,Liberty,F,34,26,14,5
2023,2023-09-03,Jonquel Jones,Liberty,F,27,6,8,2
2023,2023-09-03,Courtney Vandersloot,Liberty,G,28,20,5,10
2023,2023-09-03,Marine Johannes,Liberty,G,28,3,0,2
2023,2023-09-03,Kayla Thornton,Liberty,F,16,2,2,0
2023,2023-09-03,Nyara Sabally,Liberty,F,2,0,0,0
2023,2023-09-03,Stefanie Dolson,Liberty,C,14,2,1,2
2023,2023-09-03,Han Xu,Liberty,C,2,0,1,0
2023,2023-09-03,Jocelyn Willoughby,Liberty,G,16,10,4,0
2023,2023-09-03,Morgan Bertsch,Sky,F,18,2,0,0
2023,2023-09-03,Elizabeth Williams,Sky,C,29,4,7,3
2023,2023-09-03,Courtney Williams,Sky,G,30,5,7,6
2023,2023-09-03,Kahleah Copper,Sky,G,34,23,4,3
2023,2023-09-03,Marina Mabrey,Sky,G,30,12,3,1
2023,2023-09-03,Robyn Parks,Sky,F,20,10,2,1
2023,2023-09-03,Ruthy Hebard,Sky,F,11,2,5,0
2023,2023-09-03,Taylor Soule,Sky,F,2,0,1,0
2023,2023-09-03,Sika Kone,Sky,F,11,6,1,1
2023,2023-09-03,Dana Evans,Sky,G,16,5,1,0
2023,2023-09-03,NaLyssa Smith,Fever,F,37,30,5,1
2023,2023-09-03,Aliyah Boston,Fever,F,45,13,11,5
2023,2023-09-03,Erica Wheeler,Fever,G,38,9,6,11
2023,2023-09-03,Kelsey Mitchell,Fever,G,41,30,5,2
2023,2023-09-03,Kristy Wallace,Fever,G,7,2,2,0
2023,2023-09-03,Emma Cannon,Fever,F,4,0,3,0
2023,2023-09-03,Victoria Vivians,Fever,G,26,9,7,1
2023,2023-09-03,Maya Caldwell,Fever,G,5,0,1,0
2023,2023-09-03,Grace Berger,Fever,G,22,4,1,3
2023,2023-09-03,Natasha Howard,Wings,F,28,15,4,4
2023,2023-09-03,Satou Sabally,Wings,F,43,22,9,5
2023,2023-09-03,Teaira McCowan,Wings,C,32,12,10,1
2023,2023-09-03,Arike Ogunbowale,Wings,G,43,22,5,2
2023,2023-09-03,Crystal Dangerfield,Wings,G,31,11,6,3
2023,2023-09-03,Maddy Siegrist,Wings,F,4,2,0,0
2023,2023-09-03,Awak Kuier,Wings,F,20,0,1,0
2023,2023-09-03,Odyssey Sims,Wings,G,17,0,2,0
2023,2023-09-03,Veronica Burton,Wings,G,7,0,2,1
2023,2023-09-03,Brianna Turner,Mercury,F,15,0,9,0
2023,2023-09-03,Michaela Onyenwere,Mercury,F,31,9,2,1
2023,2023-09-03,Brittney Griner,Mercury,C,32,17,10,3
2023,2023-09-03,Moriah Jefferson,Mercury,G,32,32,2,4
2023,2023-09-03,Sug Sutton,Mercury,G,35,5,1,5
2023,2023-09-03,Kadi Sissoko,Mercury,F,19,6,6,0
2023,2023-09-03,Madi Williams,Mercury,F,9,0,2,0
2023,2023-09-03,Megan Gustafson,Mercury,C,16,1,5,0
2023,2023-09-03,Ashley Joens,Mercury,G,12,3,0,0
2023,2023-09-03,Napheesa Collier,Lynx,F,36,22,16,5
2023,2023-09-03,Dorka Juhasz,Lynx,F,34,10,11,8
2023,2023-09-03,Diamond Miller,Lynx,F,33,7,4,3
2023,2023-09-03,Kayla McBride,Lynx,G,32,23,2,4
2023,2023-09-03,Tiffany Mitchell,Lynx,G,25,3,3,4
2023,2023-09-03,Bridget Carleton,Lynx,F,19,6,4,1
2023,2023-09-03,Nikolina Milic,Lynx,F,9,5,1,1
2023,2023-09-03,Rachel Banham,Lynx,G,5,7,0,0
2023,2023-09-03,Aerial Powers,Lynx,G,7,3,0,2
2023,2023-09-03,Tianna Hawkins,Mystics,F,25,8,7,2
2023,2023-09-03,Elena Delle Donne,Mystics,F,29,8,6,1
2023,2023-09-03,Natasha Cloud,Mystics,G,40,7,6,5
2023,2023-09-03,Brittney Sykes,Mystics,G,31,14,3,2
2023,2023-09-03,Shatori Walker-Kimbrough,Mystics,G,27,0,0,1
2023,2023-09-03,Myisha Hines-Allen,Mystics,F,22,11,7,3
2023,2023-09-03,Queen Egbo,Mystics,C,4,2,1,0
2023,2023-09-03,Kristi Toliver,Mystics,G,2,3,0,0
2023,2023-09-03,Li Meng,Mystics,G,20,11,1,2
2023,2023-09-03,Dearica Hamby,Sparks,F,31,12,10,3
2023,2023-09-03,Karlie Samuelson,Sparks,F,35,8,6,3
2023,2023-09-03,Azura Stevens,Sparks,F,33,9,7,2
2023,2023-09-03,Layshia Clarendon,Sparks,G,33,15,5,3
2023,2023-09-03,Jordin Canada,Sparks,G,38,14,3,3
2023,2023-09-03,Jasmine Thomas,Sparks,G,13,7,0,0
2023,2023-09-03,Rae Burrell,Sparks,G,6,2,0,0
2023,2023-09-03,Zia Cooke,Sparks,G,11,5,0,2
2023,2023-09-02,Dulcy Fankam Mendjiadeu,Storm,F,11,0,3,1
2023,2023-09-02,Ezi Magbegor,Storm,C,29,12,4,3
2023,2023-09-02,Sami Whitcomb,Storm,G,33,14,4,4
2023,2023-09-02,Jewell Loyd,Storm,G,34,28,10,3
2023,2023-09-02,Jordan Horston,Storm,G,30,6,7,4
2023,2023-09-02,Joyner Holmes,Storm,F,13,4,4,1
2023,2023-09-02,Mercedes Russell,Storm,C,20,7,3,3
2023,2023-09-02,Yvonne Turner,Storm,G,4,6,1,0
2023,2023-09-02,Kia Nurse,Storm,G,21,0,2,1
2023,2023-09-02,Jade Melbourne,Storm,G,4,0,0,0
2023,2023-09-02,A'ja Wilson,Aces,F,27,30,10,0
2023,2023-09-02,Kiah Stokes,Aces,C,22,2,11,0
2023,2023-09-02,Chelsea Gray,Aces,G,28,14,5,9
2023,2023-09-02,Kelsey Plum,Aces,G,36,15,0,8
2023,2023-09-02,Jackie Young,Aces,G,31,22,3,6
2023,2023-09-02,Alysha Clark,Aces,F,27,16,4,2
2023,2023-09-02,Cayla George,Aces,F,8,2,1,0
2023,2023-09-02,Alaina Coates,Aces,C,2,0,2,0
2023,2023-09-02,Sydney Colson,Aces,G,7,0,0,0
2023,2023-09-02,Kierstan Bell,Aces,G,12,2,2,1
2023,2023-09-01,Satou Sabally,Wings,F,29,40,7,4
2023,2023-09-01,Awak Kuier,Wings,F,13,10,6,2
2023,2023-09-01,Teaira McCowan,Wings,C,24,6,3,0
2023,2023-09-01,Arike Ogunbowale,Wings,G,33,25,0,3
2023,2023-09-01,Crystal Dangerfield,Wings,G,28,5,2,3
2023,2023-09-01,Maddy Siegrist,Wings,F,8,6,1,1
2023,2023-09-01,Kalani Brown,Wings,C,18,10,4,2
2023,2023-09-01,Odyssey Sims,Wings,G,22,6,5,2
2023,2023-09-01,Veronica Burton,Wings,G,26,2,7,8
2023,2023-09-01,NaLyssa Smith,Fever,F,28,18,11,3
2023,2023-09-01,Aliyah Boston,Fever,F,37,27,11,5
2023,2023-09-01,Erica Wheeler,Fever,G,38,12,2,10
2023,2023-09-01,Kelsey Mitchell,Fever,G,37,25,1,5
2023,2023-09-01,Kristy Wallace,Fever,G,27,14,2,2
2023,2023-09-01,Emma Cannon,Fever,F,6,2,1,1
2023,2023-09-01,Amanda Zahui B.,Fever,C,3,0,0,1
2023,2023-09-01,Victoria Vivians,Fever,G,12,2,0,0
2023,2023-09-01,Grace Berger,Fever,G,12,0,1,0
2023,2023-09-01,DeWanna Bonner,Sun,F,26,9,4,4
2023,2023-09-01,Alyssa Thomas,Sun,F,26,8,4,0
2023,2023-09-01,Tiffany Hayes,Sun,G,21,11,2,3
2023,2023-09-01,Rebecca Allen,Sun,G,23,4,4,1
2023,2023-09-01,Natisha Hiedeman,Sun,G,30,3,3,1
2023,2023-09-01,Olivia Nelson-Ododa,Sun,F,25,10,4,2
2023,2023-09-01,Bernadett Hatar,Sun,C,14,4,4,0
2023,2023-09-01,Tyasha Harris,Sun,G,20,4,2,3
2023,2023-09-01,Leigha Brown,Sun,G,14,5,0,0
2023,2023-09-01,Betnijah Laney,Liberty,F,28,19,3,3
2023,2023-09-01,Breanna Stewart,Liberty,F,26,14,10,7
2023,2023-09-01,Jonquel Jones,Liberty,F,21,10,7,2
2023,2023-09-01,Courtney Vandersloot,Liberty,G,28,13,0,5
2023,2023-09-01,Marine Johannes,Liberty,G,30,18,3,2
2023,2023-09-01,Kayla Thornton,Liberty,F,24,4,6,0
2023,2023-09-01,Nyara Sabally,Liberty,F,7,3,4,0
2023,2023-09-01,Stefanie Dolson,Liberty,C,18,6,4,1
2023,2023-09-01,Han Xu,Liberty,C,6,2,2,0
2023,2023-09-01,Jocelyn Willoughby,Liberty,G,12,0,1,1
2023,2023-09-01,Cheyenne Parker,Dream,F,27,20,7,0
2023,2023-09-01,Monique Billings,Dream,F,31,2,10,1
2023,2023-09-01,Danielle Robinson,Dream,G,26,4,2,4
2023,2023-09-01,Allisha Gray,Dream,G,29,11,7,3
2023,2023-09-01,Rhyne Howard,Dream,G,40,16,8,6
2023,2023-09-01,Naz Hillmon,Dream,F,26,13,9,2
2023,2023-09-01,Laeticia Amihere,Dream,F,4,0,0,0
2023,2023-09-01,Iliana Rupert,Dream,C,3,3,0,0
2023,2023-09-01,AD Durr,Dream,G,9,0,0,0
2023,2023-09-01,Aari McDonald,Dream,G,28,14,2,4
2023,2023-09-01,Haley Jones,Dream,G,3,2,0,0
2023,2023-09-01,Napheesa Collier,Lynx,F,43,27,17,3
2023,2023-09-01,Dorka Juhasz,Lynx,F,36,12,16,6
2023,2023-09-01,Diamond Miller,Lynx,F,13,3,1,1
2023,2023-09-01,Kayla McBride,Lynx,G,43,20,2,1
2023,2023-09-01,Tiffany Mitchell,Lynx,G,29,5,2,6
2023,2023-09-01,Bridget Carleton,Lynx,F,24,0,5,3
2023,2023-09-01,Nikolina Milic,Lynx,F,8,10,4,0
2023,2023-09-01,Rachel Banham,Lynx,G,19,12,2,1
2023,2023-09-01,Aerial Powers,Lynx,G,11,2,1,2
2023,2023-08-31,Brianna Turner,Mercury,F,26,4,6,1
2023,2023-08-31,Michaela Onyenwere,Mercury,F,35,11,2,0
2023,2023-08-31,Brittney Griner,Mercury,C,30,15,3,3
2023,2023-08-31,Moriah Jefferson,Mercury,G,29,8,1,4
2023,2023-08-31,Sug Sutton,Mercury,G,36,13,6,6
2023,2023-08-31,Kadi Sissoko,Mercury,F,10,4,4,1
2023,2023-08-31,Madi Williams,Mercury,F,7,0,1,1
2023,2023-08-31,Megan Gustafson,Mercury,C,14,10,0,2
2023,2023-08-31,Ashley Joens,Mercury,G,13,9,2,0
2023,2023-08-31,DeWanna Bonner,Sun,F,29,15,4,0
2023,2023-08-31,Alyssa Thomas,Sun,F,39,12,13,8
2023,2023-08-31,Tiffany Hayes,Sun,G,33,13,2,4
2023,2023-08-31,Rebecca Allen,Sun,G,17,2,2,0
2023,2023-08-31,Natisha Hiedeman,Sun,G,35,18,3,3
2023,2023-08-31,Olivia Nelson-Ododa,Sun,F,21,6,4,0
2023,2023-08-31,Bernadett Hatar,Sun,C,5,0,1,1
2023,2023-08-31,Tyasha Harris,Sun,G,20,18,0,2
2023,2023-08-31,Leigha Brown,Sun,G,1,0,1,0
2023,2023-08-31,Elena Delle Donne,Mystics,F,26,17,3,2
2023,2023-08-31,Shakira Austin,Mystics,C,10,7,5,0
2023,2023-08-31,Natasha Cloud,Mystics,G,32,12,1,5
2023,2023-08-31,Brittney Sykes,Mystics,G,32,16,7,5
2023,2023-08-31,Ariel Atkins,Mystics,G,16,8,2,0
2023,2023-08-31,Tianna Hawkins,Mystics,F,22,2,6,0
2023,2023-08-31,Myisha Hines-Allen,Mystics,F,21,5,7,0
2023,2023-08-31,Kristi Toliver,Mystics,G,5,2,2,0
2023,2023-08-31,Shatori Walker-Kimbrough,Mystics,G,23,3,4,3
2023,2023-08-31,Li Meng,Mystics,G,12,3,0,1
2023,2023-08-31,A'ja Wilson,Aces,F,35,26,11,2
2023,2023-08-31,Kiah Stokes,Aces,C,19,0,4,0
2023,2023-08-31,Chelsea Gray,Aces,G,33,21,2,2
2023,2023-08-31,Kelsey Plum,Aces,G,38,12,3,10
2023,2023-08-31,Jackie Young,Aces,G,31,7,6,4
2023,2023-08-31,Alysha Clark,Aces,F,28,11,7,1
2023,2023-08-31,Cayla George,Aces,F,7,3,0,0
2023,2023-08-31,Sydney Colson,Aces,G,8,4,0,0
2023,2023-08-31,Dulcy Fankam Mendjiadeu,Storm,F,15,3,7,0
2023,2023-08-31,Ezi Magbegor,Storm,C,33,6,8,2
2023,2023-08-31,Sami Whitcomb,Storm,G,35,14,3,3
2023,2023-08-31,Jewell Loyd,Storm,G,39,25,7,7
2023,2023-08-31,Jordan Horston,Storm,G,24,9,8,1
2023,2023-08-31,Joyner Holmes,Storm,F,4,2,1,0
2023,2023-08-31,Mercedes Russell,Storm,C,25,4,6,1
2023,2023-08-31,Kia Nurse,Storm,G,17,9,4,0
2023,2023-08-31,Jade Melbourne,Storm,G,7,0,1,0
2023,2023-08-31,Nneka Ogwumike,Sparks,F,29,11,7,3
2023,2023-08-31,Karlie Samuelson,Sparks,F,28,10,6,3
2023,2023-08-31,Azura Stevens,Sparks,F,26,8,4,2
2023,2023-08-31,Jasmine Thomas,Sparks,G,23,0,0,2
2023,2023-08-31,Jordin Canada,Sparks,G,31,8,3,4
2023,2023-08-31,Dearica Hamby,Sparks,F,22,6,5,2
2023,2023-08-31,Evina Westbrook,Sparks,G,4,0,0,0
2023,2023-08-31,Rae Burrell,Sparks,G,17,10,1,0
2023,2023-08-31,Zia Cooke,Sparks,G,21,8,0,1
2023,2023-08-29,Brianna Turner,Mercury,F,19,2,4,1
2023,2023-08-29,Michaela Onyenwere,Mercury,F,23,2,4,2
2023,2023-08-29,Brittney Griner,Mercury,C,26,16,6,1
2023,2023-08-29,Diana Taurasi,Mercury,G,13,0,1,2
2023,2023-08-29,Moriah Jefferson,Mercury,G,31,16,2,9
2023,2023-08-29,Kadi Sissoko,Mercury,F,15,5,3,0
2023,2023-08-29,Madi Williams,Mercury,F,13,6,0,0
2023,2023-08-29,Megan Gustafson,Mercury,C,21,6,0,2
2023,2023-08-29,Sug Sutton,Mercury,G,32,20,2,5
2023,2023-08-29,Ashley Joens,Mercury,G,8,3,1,0
2023,2023-08-29,Cheyenne Parker,Dream,F,28,25,7,3
2023,2023-08-29,Monique Billings,Dream,F,23,8,7,1
2023,2023-08-29,Danielle Robinson,Dream,G,18,7,2,5
2023,2023-08-29,Allisha Gray,Dream,G,26,18,0,4
2023,2023-08-29,Rhyne Howard,Dream,G,28,15,7,6
2023,2023-08-29,Naz Hillmon,Dream,F,16,6,6,1
2023,2023-08-29,Laeticia Amihere,Dream,F,3,2,0,0
2023,2023-08-29,Iliana Rupert,Dream,C,10,0,1,1
2023,2023-08-29,AD Durr,Dream,G,8,0,0,0
2023,2023-08-29,Aari McDonald,Dream,G,21,13,0,1
2023,2023-08-29,Haley Jones,Dream,G,20,0,2,5
2023,2023-08-29,Napheesa Collier,Lynx,F,39,17,10,4
2023,2023-08-29,Dorka Juhasz,Lynx,F,22,8,6,4
2023,2023-08-29,Diamond Miller,Lynx,F,30,25,1,0
2023,2023-08-29,Kayla McBride,Lynx,G,36,9,5,3
2023,2023-08-29,Tiffany Mitchell,Lynx,G,20,0,5,3
2023,2023-08-29,Bridget Carleton,Lynx,F,20,0,2,3
2023,2023-08-29,Nikolina Milic,Lynx,F,5,2,2,0
2023,2023-08-29,Rachel Banham,Lynx,G,12,6,0,1
2023,2023-08-29,Aerial Powers,Lynx,G,14,5,3,1
2023,2023-08-29,Elena Delle Donne,Mystics,F,23,10,4,0
2023,2023-08-29,Shakira Austin,Mystics,C,19,7,4,1
2023,2023-08-29,Natasha Cloud,Mystics,G,30,12,5,9
2023,2023-08-29,Brittney Sykes,Mystics,G,33,21,8,1
2023,2023-08-29,Ariel Atkins,Mystics,G,23,13,3,4
2023,2023-08-29,Tianna Hawkins,Mystics,F,22,9,4,2
2023,2023-08-29,Myisha Hines-Allen,Mystics,F,15,0,1,1
2023,2023-08-29,Kristi Toliver,Mystics,G,4,0,1,1
2023,2023-08-29,Shatori Walker-Kimbrough,Mystics,G,20,5,2,1
2023,2023-08-29,Li Meng,Mystics,G,11,6,0,1
2023,2023-08-29,Morgan Bertsch,Sky,F,27,12,3,1
2023,2023-08-29,Elizabeth Williams,Sky,C,35,8,9,1
2023,2023-08-29,Courtney Williams,Sky,G,27,7,9,7
2023,2023-08-29,Kahleah Copper,Sky,G,34,22,7,3
2023,2023-08-29,Marina Mabrey,Sky,G,37,14,2,6
2023,2023-08-29,Robyn Parks,Sky,F,9,2,2,0
2023,2023-08-29,Sika Kone,Sky,F,10,4,5,1
2023,2023-08-29,Dana Evans,Sky,G,22,7,2,1
2023,2023-08-29,Nneka Ogwumike,Sparks,F,36,18,11,2
2023,2023-08-29,Karlie Samuelson,Sparks,F,32,11,9,3
2023,2023-08-29,Azura Stevens,Sparks,F,27,9,7,1
2023,2023-08-29,Jasmine Thomas,Sparks,G,23,3,3,4
2023,2023-08-29,Jordin Canada,Sparks,G,39,16,4,9
2023,2023-08-29,Dearica Hamby,Sparks,F,18,9,4,2
2023,2023-08-29,Rae Burrell,Sparks,G,6,0,2,2
2023,2023-08-29,Zia Cooke,Sparks,G,19,9,1,0
2023,2023-08-28,A'ja Wilson,Aces,F,35,23,8,0
2023,2023-08-28,Kiah Stokes,Aces,C,12,0,4,0
2023,2023-08-28,Chelsea Gray,Aces,G,37,16,7,9
2023,2023-08-28,Kelsey Plum,Aces,G,29,9,2,3
2023,2023-08-28,Jackie Young,Aces,G,36,24,4,5
2023,2023-08-28,Alysha Clark,Aces,F,30,7,3,2
2023,2023-08-28,Cayla George,Aces,F,7,0,2,1
2023,2023-08-28,Sydney Colson,Aces,G,9,6,0,1
2023,2023-08-28,Kierstan Bell,Aces,G,6,0,1,0
2023,2023-08-28,Betnijah Laney,Liberty,F,36,17,6,3
2023,2023-08-28,Breanna Stewart,Liberty,F,38,20,12,7
2023,2023-08-28,Jonquel Jones,Liberty,F,18,4,10,0
2023,2023-08-28,Courtney Vandersloot,Liberty,G,35,17,5,10
2023,2023-08-28,Sabrina Ionescu,Liberty,G,35,25,2,2
2023,2023-08-28,Kayla Thornton,Liberty,F,18,0,3,1
2023,2023-08-28,Stefanie Dolson,Liberty,C,6,3,1,1
2023,2023-08-28,Marine Johannes,Liberty,G,14,8,4,0
2023,2023-08-27,Nneka Ogwumike,Sparks,F,23,11,4,3
2023,2023-08-27,Karlie Samuelson,Sparks,F,28,9,1,2
2023,2023-08-27,Azura Stevens,Sparks,F,32,17,5,4
2023,2023-08-27,Layshia Clarendon,Sparks,G,32,13,2,6
2023,2023-08-27,Jordin Canada,Sparks,G,30,8,3,2
2023,2023-08-27,Dearica Hamby,Sparks,F,25,4,9,1
2023,2023-08-27,Jasmine Thomas,Sparks,G,11,0,0,2
2023,2023-08-27,Evina Westbrook,Sparks,G,1,0,0,0
2023,2023-08-27,Rae Burrell,Sparks,G,6,2,1,1
2023,2023-08-27,Zia Cooke,Sparks,G,13,4,1,0
2023,2023-08-27,DeWanna Bonner,Sun,F,26,12,8,1
2023,2023-08-27,Alyssa Thomas,Sun,F,38,17,10,8
2023,2023-08-27,Tiffany Hayes,Sun,G,30,11,0,7
2023,2023-08-27,Rebecca Allen,Sun,G,27,14,4,1
2023,2023-08-27,Natisha Hiedeman,Sun,G,28,12,3,2
2023,2023-08-27,Olivia Nelson-Ododa,Sun,F,26,11,11,0
2023,2023-08-27,Bernadett Hatar,Sun,C,2,0,0,0
2023,2023-08-27,Tyasha Harris,Sun,G,21,6,1,5
2023,2023-08-27,Leigha Brown,Sun,G,2,0,1,0
2023,2023-08-27,Cheyenne Parker,Dream,F,28,24,10,2
2023,2023-08-27,Monique Billings,Dream,F,24,2,4,1
2023,2023-08-27,Danielle Robinson,Dream,G,23,1,2,3
2023,2023-08-27,Allisha Gray,Dream,G,36,13,4,4
2023,2023-08-27,Rhyne Howard,Dream,G,33,17,6,3
2023,2023-08-27,Naz Hillmon,Dream,F,21,12,8,1
2023,2023-08-27,Laeticia Amihere,Dream,F,5,0,1,0
2023,2023-08-27,Iliana Rupert,Dream,C,2,0,0,0
2023,2023-08-27,AD Durr,Dream,G,3,2,0,0
2023,2023-08-27,Aari McDonald,Dream,G,17,9,2,1
2023,2023-08-27,Haley Jones,Dream,G,9,0,0,0
2023,2023-08-27,NaLyssa Smith,Fever,F,29,8,13,2
2023,2023-08-27,Aliyah Boston,Fever,F,21,9,9,2
2023,2023-08-27,Erica Wheeler,Fever,G,28,0,0,4
2023,2023-08-27,Kelsey Mitchell,Fever,G,35,14,3,6
2023,2023-08-27,Kristy Wallace,Fever,G,27,20,0,0
2023,2023-08-27,Emma Cannon,Fever,F,14,9,2,0
2023,2023-08-27,Victaria Saxton,Fever,F,5,1,1,0
2023,2023-08-27,Amanda Zahui B.,Fever,C,11,5,0,1
2023,2023-08-27,Victoria Vivians,Fever,G,4,5,1,0
2023,2023-08-27,Grace Berger,Fever,G,26,12,2,3
2023,2023-08-27,Natasha Howard,Wings,F,37,11,8,3
2023,2023-08-27,Awak Kuier,Wings,F,31,5,9,0
2023,2023-08-27,Teaira McCowan,Wings,C,20,7,5,1
2023,2023-08-27,Arike Ogunbowale,Wings,G,38,29,1,2
2023,2023-08-27,Crystal Dangerfield,Wings,G,29,9,4,1
2023,2023-08-27,Maddy Siegrist,Wings,F,12,2,1,0
2023,2023-08-27,Kalani Brown,Wings,C,22,12,3,1
2023,2023-08-27,Odyssey Sims,Wings,G,11,2,3,2
2023,2023-08-27,Veronica Burton,Wings,G,1,0,0,0
2023,2023-08-27,Brianna Turner,Mercury,F,29,4,10,0
2023,2023-08-27,Michaela Onyenwere,Mercury,F,29,5,6,0
2023,2023-08-27,Brittney Griner,Mercury,C,29,19,2,2
2023,2023-08-27,Moriah Jefferson,Mercury,G,26,20,4,5
2023,2023-08-27,Sophie Cunningham,Mercury,G,31,2,2,3
2023,2023-08-27,Kadi Sissoko,Mercury,F,9,2,2,0
2023,2023-08-27,Madi Williams,Mercury,F,7,2,0,0
2023,2023-08-27,Megan Gustafson,Mercury,C,13,11,3,2
2023,2023-08-27,Sug Sutton,Mercury,G,26,9,1,4
2023,2023-08-27,Alanna Smith,Sky,F,12,0,3,1
2023,2023-08-27,Elizabeth Williams,Sky,C,36,23,5,3
2023,2023-08-27,Courtney Williams,Sky,G,31,10,5,6
2023,2023-08-27,Kahleah Copper,Sky,G,34,18,12,4
2023,2023-08-27,Marina Mabrey,Sky,G,32,16,4,3
2023,2023-08-27,Robyn Parks,Sky,F,14,3,2,1
2023,2023-08-27,Morgan Bertsch,Sky,F,14,6,0,0
2023,2023-08-27,Ruthy Hebard,Sky,F,4,0,0,0
2023,2023-08-27,Dana Evans,Sky,G,23,14,2,6
2023,2023-08-27,Dulcy Fankam Mendjiadeu,Storm,F,11,4,4,0
2023,2023-08-27,Ezi Magbegor,Storm,C,31,15,14,1
2023,2023-08-27,Sami Whitcomb,Storm,G,35,19,4,4
2023,2023-08-27,Jewell Loyd,Storm,G,34,19,6,6
2023,2023-08-27,Jordan Horston,Storm,G,30,4,5,2
2023,2023-08-27,Joyner Holmes,Storm,F,11,7,4,0
2023,2023-08-27,Mercedes Russell,Storm,C,27,13,3,1
2023,2023-08-27,Yvonne Turner,Storm,G,9,4,0,2
2023,2023-08-27,Kia Nurse,Storm,G,13,0,4,1
2023,2023-08-26,A'ja Wilson,Aces,F,32,14,11,0
2023,2023-08-26,Kiah Stokes,Aces,C,21,2,5,1
2023,2023-08-26,Chelsea Gray,Aces,G,32,7,6,4
2023,2023-08-26,Kelsey Plum,Aces,G,35,21,3,3
2023,2023-08-26,Jackie Young,Aces,G,27,10,5,2
2023,2023-08-26,Alysha Clark,Aces,F,21,0,5,2
2023,2023-08-26,Cayla George,Aces,F,13,5,4,0
2023,2023-08-26,Alaina Coates,Aces,C,3,0,1,0
2023,2023-08-26,Sydney Colson,Aces,G,3,3,0,1
2023,2023-08-26,Kierstan Bell,Aces,G,12,0,0,1
2023,2023-08-26,Elena Delle Donne,Mystics,F,22,21,7,1
2023,2023-08-26,Shakira Austin,Mystics,C,21,5,7,0
2023,2023-08-26,Natasha Cloud,Mystics,G,34,7,5,9
2023,2023-08-26,Brittney Sykes,Mystics,G,35,14,4,6
2023,2023-08-26,Ariel Atkins,Mystics,G,20,16,2,1
2023,2023-08-26,Tianna Hawkins,Mystics,F,19,5,7,1
2023,2023-08-26,Myisha Hines-Allen,Mystics,F,17,4,6,2
2023,2023-08-26,Shatori Walker-Kimbrough,Mystics,G,20,2,0,2
2023,2023-08-26,Li Meng,Mystics,G,11,4,1,0
2023,2023-08-26,Betnijah Laney,Liberty,F,26,15,3,2
2023,2023-08-26,Breanna Stewart,Liberty,F,27,38,11,2
2023,2023-08-26,Jonquel Jones,Liberty,F,20,4,5,1
2023,2023-08-26,Courtney Vandersloot,Liberty,G,26,15,2,9
2023,2023-08-26,Sabrina Ionescu,Liberty,G,27,19,6,4
2023,2023-08-26,Kayla Thornton,Liberty,F,20,7,1,0
2023,2023-08-26,Nyara Sabally,Liberty,F,6,2,1,1
2023,2023-08-26,Stefanie Dolson,Liberty,C,17,5,1,2
2023,2023-08-26,Han Xu,Liberty,C,10,6,2,0
2023,2023-08-26,Jocelyn Willoughby,Liberty,G,21,0,3,1
2023,2023-08-26,Jessica Shepard,Lynx,F,23,6,1,2
2023,2023-08-26,Napheesa Collier,Lynx,F,20,10,7,1
2023,2023-08-26,Diamond Miller,Lynx,F,30,18,9,1
2023,2023-08-26,Kayla McBride,Lynx,G,21,9,3,3
2023,2023-08-26,Tiffany Mitchell,Lynx,G,15,0,0,2
2023,2023-08-26,Bridget Carleton,Lynx,F,10,2,2,1
2023,2023-08-26,Dorka Juhasz,Lynx,F,24,7,2,1
2023,2023-08-26,Nikolina Milic,Lynx,F,19,4,0,1
2023,2023-08-26,Rachel Banham,Lynx,G,23,5,1,4
2023,2023-08-26,Aerial Powers,Lynx,G,15,15,4,3
2023,2023-08-25,Nneka Ogwumike,Sparks,F,33,29,12,1
2023,2023-08-25,Karlie Samuelson,Sparks,F,30,2,4,4
2023,2023-08-25,Azura Stevens,Sparks,F,32,18,8,0
2023,2023-08-25,Layshia Clarendon,Sparks,G,38,14,1,4
2023,2023-08-25,Jordin Canada,Sparks,G,37,15,1,9
2023,2023-08-25,Dearica Hamby,Sparks,F,15,5,0,0
2023,2023-08-25,Jasmine Thomas,Sparks,G,4,0,0,0
2023,2023-08-25,Evina Westbrook,Sparks,G,5,0,0,1
2023,2023-08-25,Zia Cooke,Sparks,G,5,0,1,0
2023,2023-08-25,Cheyenne Parker,Dream,F,33,22,8,4
2023,2023-08-25,Monique Billings,Dream,F,31,10,10,1
2023,2023-08-25,Danielle Robinson,Dream,G,39,12,2,4
2023,2023-08-25,Aari McDonald,Dream,G,30,7,3,5
2023,2023-08-25,Rhyne Howard,Dream,G,31,15,1,2
2023,2023-08-25,Naz Hillmon,Dream,F,14,4,2,0
2023,2023-08-25,Iliana Rupert,Dream,C,3,0,0,0
2023,2023-08-25,AD Durr,Dream,G,9,8,1,0
2023,2023-08-25,Haley Jones,Dream,G,11,0,2,1
2023,2023-08-24,Betnijah Laney,Liberty,F,40,9,5,1
2023,2023-08-24,Breanna Stewart,Liberty,F,41,24,12,4
2023,2023-08-24,Jonquel Jones,Liberty,F,33,21,14,1
2023,2023-08-24,Courtney Vandersloot,Liberty,G,36,13,3,8
2023,2023-08-24,Sabrina Ionescu,Liberty,G,36,18,4,4
2023,2023-08-24,Kayla Thornton,Liberty,F,15,2,4,3
2023,2023-08-24,Stefanie Dolson,Liberty,C,2,0,0,0
2023,2023-08-24,Marine Johannes,Liberty,G,23,8,1,2
2023,2023-08-24,DeWanna Bonner,Sun,F,43,30,12,1
2023,2023-08-24,Alyssa Thomas,Sun,F,45,22,7,12
2023,2023-08-24,Tiffany Hayes,Sun,G,27,13,3,2
2023,2023-08-24,Rebecca Allen,Sun,G,39,11,6,1
2023,2023-08-24,Natisha Hiedeman,Sun,G,34,7,5,7
2023,2023-08-24,Bernadett Hatar,Sun,C,5,2,2,0
2023,2023-08-24,Tyasha Harris,Sun,G,31,5,0,4
2023,2023-08-24,Dulcy Fankam Mendjiadeu,Storm,F,13,4,2,1
2023,2023-08-24,Ezi Magbegor,Storm,C,38,19,13,0
2023,2023-08-24,Sami Whitcomb,Storm,G,25,10,0,4
2023,2023-08-24,Jewell Loyd,Storm,G,34,32,4,1
2023,2023-08-24,Jordan Horston,Storm,G,38,9,6,2
2023,2023-08-24,Joyner Holmes,Storm,F,10,4,2,0
2023,2023-08-24,Mercedes Russell,Storm,C,19,1,2,1
2023,2023-08-24,Kia Nurse,Storm,G,16,4,2,3
2023,2023-08-24,Jade Melbourne,Storm,G,8,3,0,3
2023,2023-08-24,NaLyssa Smith,Fever,F,32,16,11,1
2023,2023-08-24,Aliyah Boston,Fever,F,34,12,10,1
2023,2023-08-24,Erica Wheeler,Fever,G,16,2,0,3
2023,2023-08-24,Kelsey Mitchell,Fever,G,37,36,1,2
2023,2023-08-24,Kristy Wallace,Fever,G,30,3,1,5
2023,2023-08-24,Emma Cannon,Fever,F,8,4,6,0
2023,2023-08-24,Amanda Zahui B.,Fever,C,6,0,1,0
2023,2023-08-24,Victoria Vivians,Fever,G,6,3,0,1
2023,2023-08-24,Maya Caldwell,Fever,G,6,0,1,1
2023,2023-08-24,Grace Berger,Fever,G,24,14,4,4
2023,2023-08-24,A'ja Wilson,Aces,F,34,18,10,0
2023,2023-08-24,Kiah Stokes,Aces,C,16,0,4,0
2023,2023-08-24,Chelsea Gray,Aces,G,36,19,2,10
2023,2023-08-24,Kelsey Plum,Aces,G,38,23,3,5
2023,2023-08-24,Jackie Young,Aces,G,37,24,10,5
2023,2023-08-24,Alysha Clark,Aces,F,25,7,4,1
2023,2023-08-24,Cayla George,Aces,F,6,3,1,0
2023,2023-08-24,Kierstan Bell,Aces,G,8,0,0,0
2023,2023-08-24,Alanna Smith,Sky,F,29,8,6,4
2023,2023-08-24,Elizabeth Williams,Sky,C,30,17,9,1
2023,2023-08-24,Courtney Williams,Sky,G,30,9,0,6
2023,2023-08-24,Kahleah Copper,Sky,G,34,13,6,5
2023,2023-08-24,Marina Mabrey,Sky,G,35,22,5,3
2023,2023-08-24,Robyn Parks,Sky,F,13,4,1,0
2023,2023-08-24,Ruthy Hebard,Sky,F,10,6,4,0
2023,2023-08-24,Dana Evans,Sky,G,19,8,2,4
2023,2023-08-24,Jessica Shepard,Lynx,F,20,4,5,4
2023,2023-08-24,Napheesa Collier,Lynx,F,37,25,7,2
2023,2023-08-24,Diamond Miller,Lynx,F,18,8,1,1
2023,2023-08-24,Kayla McBride,Lynx,G,33,20,7,4
2023,2023-08-24,Tiffany Mitchell,Lynx,G,27,11,4,7
2023,2023-08-24,Bridget Carleton,Lynx,F,23,2,5,0
2023,2023-08-24,Dorka Juhasz,Lynx,F,22,9,3,3
2023,2023-08-24,Nikolina Milic,Lynx,F,7,3,0,0
2023,2023-08-24,Rachel Banham,Lynx,G,11,8,1,0
2023,2023-08-24,Aerial Powers,Lynx,G,3,0,0,0
2023,2023-08-24,Natasha Howard,Wings,F,25,10,5,2
2023,2023-08-24,Awak Kuier,Wings,F,29,12,6,3
2023,2023-08-24,Teaira McCowan,Wings,C,35,23,18,1
2023,2023-08-24,Arike Ogunbowale,Wings,G,37,10,3,2
2023,2023-08-24,Crystal Dangerfield,Wings,G,26,6,0,4
2023,2023-08-24,Maddy Siegrist,Wings,F,17,9,1,2
2023,2023-08-24,Kalani Brown,Wings,C,13,7,1,4
2023,2023-08-24,Odyssey Sims,Wings,G,13,2,0,2
2023,2023-08-24,Veronica Burton,Wings,G,5,2,0,1
2023,2023-08-23,Brianna Turner,Mercury,F,29,2,5,2
2023,2023-08-23,Michaela Onyenwere,Mercury,F,18,3,2,2
2023,2023-08-23,Megan Gustafson,Mercury,C,25,14,8,3
2023,2023-08-23,Moriah Jefferson,Mercury,G,25,5,0,1
2023,2023-08-23,Sophie Cunningham,Mercury,G,32,16,5,6
2023,2023-08-23,Liz Dixon,Mercury,F,14,12,1,0
2023,2023-08-23,Kadi Sissoko,Mercury,F,12,3,4,0
2023,2023-08-23,Madi Williams,Mercury,F,10,2,2,0
2023,2023-08-23,Sug Sutton,Mercury,G,30,5,1,5
2023,2023-08-23,Ashley Joens,Mercury,G,4,0,0,0
2023,2023-08-23,Nneka Ogwumike,Sparks,F,23,7,3,5
2023,2023-08-23,Karlie Samuelson,Sparks,F,21,15,2,0
2023,2023-08-23,Azura Stevens,Sparks,F,32,20,9,3
2023,2023-08-23,Layshia Clarendon,Sparks,G,23,6,4,3
2023,2023-08-23,Jordin Canada,Sparks,G,26,11,0,7
2023,2023-08-23,Dearica Hamby,Sparks,F,22,9,6,1
2023,2023-08-23,Jasmine Thomas,Sparks,G,14,9,2,1
2023,2023-08-23,Evina Westbrook,Sparks,G,8,0,2,2
2023,2023-08-23,Rae Burrell,Sparks,G,13,3,1,1
2023,2023-08-23,Zia Cooke,Sparks,G,17,11,1,1
2023,2023-08-22,A'ja Wilson,Aces,F,33,53,7,0
2023,2023-08-22,Kiah Stokes,Aces,C,22,3,7,1
2023,2023-08-22,Chelsea Gray,Aces,G,32,16,9,12
2023,2023-08-22,Kelsey Plum,Aces,G,30,20,2,7
2023,2023-08-22,Jackie Young,Aces,G,33,12,3,4
2023,2023-08-22,Alysha Clark,Aces,F,20,3,4,0
2023,2023-08-22,Cayla George,Aces,F,9,0,0,0
2023,2023-08-22,Alaina Coates,Aces,C,2,2,0,0
2023,2023-08-22,Sydney Colson,Aces,G,3,0,0,0
2023,2023-08-22,Kierstan Bell,Aces,G,16,3,2,1
2023,2023-08-22,Cheyenne Parker,Dream,F,22,6,1,0
2023,2023-08-22,Naz Hillmon,Dream,F,19,6,2,1
2023,2023-08-22,Danielle Robinson,Dream,G,29,17,2,5
2023,2023-08-22,Aari McDonald,Dream,G,25,11,3,1
2023,2023-08-22,Rhyne Howard,Dream,G,35,27,6,5
2023,2023-08-22,Monique Billings,Dream,F,11,2,5,0
2023,2023-08-22,Laeticia Amihere,Dream,F,11,6,2,0
2023,2023-08-22,Iliana Rupert,Dream,C,17,2,3,0
2023,2023-08-22,AD Durr,Dream,G,1,0,0,0
2023,2023-08-22,Haley Jones,Dream,G,30,23,6,5
2023,2023-08-22,DeWanna Bonner,Sun,F,36,17,5,5
2023,2023-08-22,Alyssa Thomas,Sun,F,40,22,10,4
2023,2023-08-22,Tiffany Hayes,Sun,G,38,12,5,1
2023,2023-08-22,Rebecca Allen,Sun,G,20,3,3,3
2023,2023-08-22,Natisha Hiedeman,Sun,G,25,6,2,1
2023,2023-08-22,Olivia Nelson-Ododa,Sun,F,5,0,0,0
2023,2023-08-22,Tyasha Harris,Sun,G,15,6,1,1
2023,2023-08-22,DiJonai Carrington,Sun,G,21,2,2,2
2023,2023-08-22,Tianna Hawkins,Mystics,F,26,5,1,0
2023,2023-08-22,Shakira Austin,Mystics,C,19,13,7,0
2023,2023-08-22,Natasha Cloud,Mystics,G,34,19,4,5
2023,2023-08-22,Brittney Sykes,Mystics,G,34,6,5,3
2023,2023-08-22,Ariel Atkins,Mystics,G,20,7,3,3
2023,2023-08-22,Myisha Hines-Allen,Mystics,F,15,2,5,0
2023,2023-08-22,Queen Egbo,Mystics,C,19,6,8,0
2023,2023-08-22,Shatori Walker-Kimbrough,Mystics,G,20,2,4,2
2023,2023-08-22,Li Meng,Mystics,G,12,4,1,3
2023,2023-08-22,Dulcy Fankam Mendjiadeu,Storm,F,30,6,9,0
2023,2023-08-22,Ezi Magbegor,Storm,C,28,13,4,5
2023,2023-08-22,Sami Whitcomb,Storm,G,21,10,3,4
2023,2023-08-22,Jewell Loyd,Storm,G,31,26,3,5
2023,2023-08-22,Jordan Horston,Storm,G,30,3,11,4
2023,2023-08-22,Joyner Holmes,Storm,F,11,3,3,2
2023,2023-08-22,Mercedes Russell,Storm,C,11,6,4,1
2023,2023-08-22,Yvonne Turner,Storm,G,6,4,1,0
2023,2023-08-22,Kia Nurse,Storm,G,23,6,1,0
2023,2023-08-22,Jade Melbourne,Storm,G,9,2,1,1
2023,2023-08-22,Alanna Smith,Sky,F,29,14,7,2
2023,2023-08-22,Elizabeth Williams,Sky,C,23,8,5,0
2023,2023-08-22,Courtney Williams,Sky,G,21,10,5,3
2023,2023-08-22,Kahleah Copper,Sky,G,27,12,5,3
2023,2023-08-22,Marina Mabrey,Sky,G,26,19,5,2
2023,2023-08-22,Robyn Parks,Sky,F,20,5,4,1
2023,2023-08-22,Morgan Bertsch,Sky,F,5,2,0,0
2023,2023-08-22,Ruthy Hebard,Sky,F,12,7,1,0
2023,2023-08-22,Taylor Soule,Sky,F,5,0,0,0
2023,2023-08-22,Sika Kone,Sky,F,11,2,2,1
2023,2023-08-22,Dana Evans,Sky,G,21,23,2,8
2023,2023-08-22,Natasha Howard,Wings,F,35,16,7,0
2023,2023-08-22,Satou Sabally,Wings,F,35,22,7,7
2023,2023-08-22,Teaira McCowan,Wings,C,33,10,16,0
2023,2023-08-22,Arike Ogunbowale,Wings,G,39,20,4,7
2023,2023-08-22,Crystal Dangerfield,Wings,G,31,12,1,3
2023,2023-08-22,Maddy Siegrist,Wings,F,5,2,2,0
2023,2023-08-22,Awak Kuier,Wings,F,5,0,3,0
2023,2023-08-22,Kalani Brown,Wings,C,7,0,1,0
2023,2023-08-22,Odyssey Sims,Wings,G,0,0,0,0
2023,2023-08-22,Veronica Burton,Wings,G,11,4,0,1
2023,2023-08-22,Jessica Shepard,Lynx,F,27,7,1,3
2023,2023-08-22,Napheesa Collier,Lynx,F,37,29,7,3
2023,2023-08-22,Diamond Miller,Lynx,F,11,2,2,2
2023,2023-08-22,Kayla McBride,Lynx,G,35,21,6,5
2023,2023-08-22,Tiffany Mitchell,Lynx,G,31,7,2,0
2023,2023-08-22,Bridget Carleton,Lynx,F,27,14,5,2
2023,2023-08-22,Dorka Juhasz,Lynx,F,14,2,5,7
2023,2023-08-22,Nikolina Milic,Lynx,F,3,4,0,1
2023,2023-08-22,Rachel Banham,Lynx,G,16,5,0,3
2023,2023-08-20,Natasha Howard,Wings,F,28,15,5,2
2023,2023-08-20,Satou Sabally,Wings,F,33,9,6,10
2023,2023-08-20,Teaira McCowan,Wings,C,25,15,13,0
2023,2023-08-20,Arike Ogunbowale,Wings,G,36,17,4,8
2023,2023-08-20,Crystal Dangerfield,Wings,G,30,14,3,0
2023,2023-08-20,Maddy Siegrist,Wings,F,11,11,2,0
2023,2023-08-20,Awak Kuier,Wings,F,7,0,0,0
2023,2023-08-20,Kalani Brown,Wings,C,16,10,5,3
2023,2023-08-20,Veronica Burton,Wings,G,14,6,2,0
2023,2023-08-20,Tianna Hawkins,Mystics,F,31,8,4,3
2023,2023-08-20,Myisha Hines-Allen,Mystics,F,26,6,8,6
2023,2023-08-20,Natasha Cloud,Mystics,G,29,22,1,3
2023,2023-08-20,Brittney Sykes,Mystics,G,34,16,4,4
2023,2023-08-20,Ariel Atkins,Mystics,G,16,13,5,0
2023,2023-08-20,Queen Egbo,Mystics,C,21,7,7,0
2023,2023-08-20,Shatori Walker-Kimbrough,Mystics,G,28,7,2,5
2023,2023-08-20,Li Meng,Mystics,G,14,5,0,0
2023,2023-08-20,DeWanna Bonner,Sun,F,32,13,8,2
2023,2023-08-20,Alyssa Thomas,Sun,F,38,22,5,8
2023,2023-08-20,Tiffany Hayes,Sun,G,27,12,1,3
2023,2023-08-20,Rebecca Allen,Sun,G,36,7,9,4
2023,2023-08-20,Natisha Hiedeman,Sun,G,33,13,3,3
2023,2023-08-20,Olivia Nelson-Ododa,Sun,F,5,2,3,0
2023,2023-08-20,Tyasha Harris,Sun,G,11,3,0,0
2023,2023-08-20,DiJonai Carrington,Sun,G,17,7,3,1
2023,2023-08-20,Leigha Brown,Sun,G,1,0,1,0
2023,2023-08-20,Alanna Smith,Sky,F,29,9,8,4
2023,2023-08-20,Elizabeth Williams,Sky,C,37,14,3,6
2023,2023-08-20,Courtney Williams,Sky,G,29,11,5,6
2023,2023-08-20,Kahleah Copper,Sky,G,32,15,3,0
2023,2023-08-20,Marina Mabrey,Sky,G,30,11,3,2
2023,2023-08-20,Robyn Parks,Sky,F,21,4,3,0
2023,2023-08-20,Ruthy Hebard,Sky,F,3,0,0,0
2023,2023-08-20,Dana Evans,Sky,G,19,9,0,3
2023,2023-08-20,NaLyssa Smith,Fever,F,33,25,11,0
2023,2023-08-20,Aliyah Boston,Fever,F,33,9,5,0
2023,2023-08-20,Erica Wheeler,Fever,G,29,7,5,4
2023,2023-08-20,Kelsey Mitchell,Fever,G,32,28,2,4
2023,2023-08-20,Kristy Wallace,Fever,G,23,3,0,3
2023,2023-08-20,Emma Cannon,Fever,F,7,6,3,0
2023,2023-08-20,Victaria Saxton,Fever,F,3,2,0,0
2023,2023-08-20,Amanda Zahui B.,Fever,C,4,0,1,0
2023,2023-08-20,Victoria Vivians,Fever,G,6,0,0,0
2023,2023-08-20,Grace Berger,Fever,G,30,3,2,5
2023,2023-08-20,Brianna Turner,Mercury,F,31,2,9,0
2023,2023-08-20,Michaela Onyenwere,Mercury,F,33,12,4,0
2023,2023-08-20,Diana Taurasi,Mercury,G,16,6,3,3
2023,2023-08-20,Moriah Jefferson,Mercury,G,26,10,3,3
2023,2023-08-20,Sophie Cunningham,Mercury,G,35,18,3,0
2023,2023-08-20,Liz Dixon,Mercury,F,9,2,2,0
2023,2023-08-20,Kadi Sissoko,Mercury,F,4,0,2,0
2023,2023-08-20,Megan Gustafson,Mercury,C,28,15,8,1
2023,2023-08-20,Sug Sutton,Mercury,G,17,8,2,2
2023,2023-08-20,Destanni Henderson,Mercury,G,1,0,0,0
2023,2023-08-20,Dulcy Fankam Mendjiadeu,Storm,F,27,8,15,1
2023,2023-08-20,Ezi Magbegor,Storm,C,33,12,5,4
2023,2023-08-20,Sami Whitcomb,Storm,G,28,10,3,0
2023,2023-08-20,Jewell Loyd,Storm,G,32,31,5,4
2023,2023-08-20,Jordan Horston,Storm,G,28,4,4,2
2023,2023-08-20,Joyner Holmes,Storm,F,4,3,3,1
2023,2023-08-20,Mercedes Russell,Storm,C,16,8,3,0
2023,2023-08-20,Yvonne Turner,Storm,G,3,2,0,0
2023,2023-08-20,Kia Nurse,Storm,G,19,8,2,2
2023,2023-08-20,Jade Melbourne,Storm,G,10,2,1,2
2023,2023-08-20,Jessica Shepard,Lynx,F,22,2,4,2
2023,2023-08-20,Napheesa Collier,Lynx,F,32,14,9,0
2023,2023-08-20,Diamond Miller,Lynx,F,29,9,3,6
2023,2023-08-20,Kayla McBride,Lynx,G,29,18,2,0
2023,2023-08-20,Tiffany Mitchell,Lynx,G,26,11,2,3
2023,2023-08-20,Bridget Carleton,Lynx,F,13,2,4,0
2023,2023-08-20,Dorka Juhasz,Lynx,F,15,2,6,3
2023,2023-08-20,Nikolina Milic,Lynx,F,11,4,1,1
2023,2023-08-20,Rachel Banham,Lynx,G,8,0,2,0
2023,2023-08-20,Aerial Powers,Lynx,G,16,12,4,0
2023,2023-08-19,Nneka Ogwumike,Sparks,F,37,19,11,4
2023,2023-08-19,Karlie Samuelson,Sparks,F,33,5,2,1
2023,2023-08-19,Azura Stevens,Sparks,F,28,8,6,1
2023,2023-08-19,Layshia Clarendon,Sparks,G,36,22,5,5
2023,2023-08-19,Jordin Canada,Sparks,G,39,20,3,3
2023,2023-08-19,Dearica Hamby,Sparks,F,15,4,1,1
2023,2023-08-19,Evina Westbrook,Sparks,G,1,0,0,0
2023,2023-08-19,Rae Burrell,Sparks,G,3,0,0,0
2023,2023-08-19,Zia Cooke,Sparks,G,8,0,1,2
2023,2023-08-19,A'ja Wilson,Aces,F,33,25,9,0
2023,2023-08-19,Kiah Stokes,Aces,C,22,0,8,0
2023,2023-08-19,Chelsea Gray,Aces,G,33,10,4,7
2023,2023-08-19,Kelsey Plum,Aces,G,34,12,2,2
2023,2023-08-19,Jackie Young,Aces,G,34,11,1,5
2023,2023-08-19,Alysha Clark,Aces,F,19,6,2,1
2023,2023-08-19,Cayla George,Aces,F,9,6,3,1
2023,2023-08-19,Kierstan Bell,Aces,G,15,2,3,1
2023,2023-08-18,Natasha Howard,Wings,F,26,13,8,4
2023,2023-08-18,Satou Sabally,Wings,F,30,7,2,5
2023,2023-08-18,Teaira McCowan,Wings,C,27,14,11,1
2023,2023-08-18,Arike Ogunbowale,Wings,G,39,30,5,4
2023,2023-08-18,Crystal Dangerfield,Wings,G,32,12,3,2
2023,2023-08-18,Maddy Siegrist,Wings,F,6,5,3,0
2023,2023-08-18,Awak Kuier,Wings,F,19,0,5,1
2023,2023-08-18,Kalani Brown,Wings,C,13,14,2,1
2023,2023-08-18,Odyssey Sims,Wings,G,3,0,0,0
2023,2023-08-18,Veronica Burton,Wings,G,5,0,1,1
2023,2023-08-18,DeWanna Bonner,Sun,F,39,25,12,3
2023,2023-08-18,Alyssa Thomas,Sun,F,39,15,10,7
2023,2023-08-18,Tiffany Hayes,Sun,G,33,13,4,0
2023,2023-08-18,Rebecca Allen,Sun,G,22,2,5,0
2023,2023-08-18,Natisha Hiedeman,Sun,G,24,4,4,0
2023,2023-08-18,Olivia Nelson-Ododa,Sun,F,6,2,1,0
2023,2023-08-18,Tyasha Harris,Sun,G,18,6,1,3
2023,2023-08-18,DiJonai Carrington,Sun,G,19,6,0,1
2023,2023-08-18,Leigha Brown,Sun,G,1,2,0,0
2023,2023-08-18,Elena Delle Donne,Mystics,F,11,6,2,1
2023,2023-08-18,Myisha Hines-Allen,Mystics,F,17,4,6,1
2023,2023-08-18,Natasha Cloud,Mystics,G,33,16,5,3
2023,2023-08-18,Brittney Sykes,Mystics,G,35,30,5,4
2023,2023-08-18,Ariel Atkins,Mystics,G,14,6,1,0
2023,2023-08-18,Tianna Hawkins,Mystics,F,23,5,1,0
2023,2023-08-18,Queen Egbo,Mystics,C,14,2,1,1
2023,2023-08-18,Shakira Austin,Mystics,C,15,6,5,2
2023,2023-08-18,Shatori Walker-Kimbrough,Mystics,G,26,8,1,2
2023,2023-08-18,Li Meng,Mystics,G,12,0,0,2
2023,2023-08-18,NaLyssa Smith,Fever,F,19,4,4,1
2023,2023-08-18,Aliyah Boston,Fever,F,35,16,10,1
2023,2023-08-18,Erica Wheeler,Fever,G,32,12,6,3
2023,2023-08-18,Kelsey Mitchell,Fever,G,35,15,1,7
2023,2023-08-18,Kristy Wallace,Fever,G,25,8,4,1
2023,2023-08-18,Emma Cannon,Fever,F,13,17,6,0
2023,2023-08-18,Amanda Zahui B.,Fever,C,5,0,0,0
2023,2023-08-18,Victoria Vivians,Fever,G,8,0,2,0
2023,2023-08-18,Lexie Hull,Fever,G,14,2,1,1
2023,2023-08-18,Grace Berger,Fever,G,14,5,2,2
2023,2023-08-18,Alanna Smith,Sky,F,29,8,12,1
2023,2023-08-18,Elizabeth Williams,Sky,C,31,10,10,5
2023,2023-08-18,Courtney Williams,Sky,G,31,6,4,2
2023,2023-08-18,Kahleah Copper,Sky,G,31,14,0,0
2023,2023-08-18,Marina Mabrey,Sky,G,25,5,3,3
2023,2023-08-18,Robyn Parks,Sky,F,11,6,1,0
2023,2023-08-18,Morgan Bertsch,Sky,F,8,0,1,0
2023,2023-08-18,Ruthy Hebard,Sky,F,9,0,4,2
2023,2023-08-18,Sika Kone,Sky,F,2,0,2,0
2023,2023-08-18,Dana Evans,Sky,G,23,18,2,1
2023,2023-08-18,Cheyenne Parker,Dream,F,36,29,7,3
2023,2023-08-18,Naz Hillmon,Dream,F,15,8,4,0
2023,2023-08-18,Danielle Robinson,Dream,G,34,10,4,7
2023,2023-08-18,Allisha Gray,Dream,G,38,20,7,0
2023,2023-08-18,Aari McDonald,Dream,G,30,3,1,7
2023,2023-08-18,Monique Billings,Dream,F,17,2,4,0
2023,2023-08-18,Iliana Rupert,Dream,C,12,2,4,2
2023,2023-08-18,AD Durr,Dream,G,4,0,0,0
2023,2023-08-18,Haley Jones,Dream,G,13,4,0,4
2023,2023-08-18,Betnijah Laney,Liberty,F,30,22,4,2
2023,2023-08-18,Breanna Stewart,Liberty,F,30,12,8,0
2023,2023-08-18,Jonquel Jones,Liberty,F,20,6,5,0
2023,2023-08-18,Courtney Vandersloot,Liberty,G,27,2,7,8
2023,2023-08-18,Sabrina Ionescu,Liberty,G,28,18,7,2
2023,2023-08-18,Kayla Thornton,Liberty,F,21,3,5,2
2023,2023-08-18,Nyara Sabally,Liberty,F,3,0,1,0
2023,2023-08-18,Stefanie Dolson,Liberty,C,9,2,2,1
2023,2023-08-18,Marine Johannes,Liberty,G,28,18,1,2
2023,2023-08-18,Jocelyn Willoughby,Liberty,G,3,2,0,0
2023,2023-08-18,Brianna Turner,Mercury,F,30,8,8,1
2023,2023-08-18,Michaela Onyenwere,Mercury,F,26,9,6,1
2023,2023-08-18,Diana Taurasi,Mercury,G,25,14,6,4
2023,2023-08-18,Moriah Jefferson,Mercury,G,29,8,2,7
2023,2023-08-18,Sophie Cunningham,Mercury,G,31,14,7,1
2023,2023-08-18,Liz Dixon,Mercury,F,13,6,3,0
2023,2023-08-18,Kadi Sissoko,Mercury,F,16,0,2,0
2023,2023-08-18,Sug Sutton,Mercury,G,22,2,2,2
2023,2023-08-18,Destanni Henderson,Mercury,G,4,0,0,0
2023,2023-08-18,Ashley Joens,Mercury,G,4,2,0,0
2023,2023-08-18,Jessica Shepard,Lynx,F,11,0,3,0
2023,2023-08-18,Napheesa Collier,Lynx,F,34,24,10,4
2023,2023-08-18,Diamond Miller,Lynx,F,29,7,2,3
2023,2023-08-18,Kayla McBride,Lynx,G,35,21,4,4
2023,2023-08-18,Tiffany Mitchell,Lynx,G,28,14,3,1
2023,2023-08-18,Bridget Carleton,Lynx,F,17,3,1,0
2023,2023-08-18,Dorka Juhasz,Lynx,F,29,7,12,4
2023,2023-08-18,Nikolina Milic,Lynx,F,6,0,1,0
2023,2023-08-18,Rachel Banham,Lynx,G,11,2,0,1
2023,2023-08-18,Dulcy Fankam Mendjiadeu,Storm,F,13,4,4,1
2023,2023-08-18,Ezi Magbegor,Storm,C,26,13,7,2
2023,2023-08-18,Sami Whitcomb,Storm,G,34,23,1,3
2023,2023-08-18,Jewell Loyd,Storm,G,36,15,2,2
2023,2023-08-18,Jordan Horston,Storm,G,24,6,4,2
2023,2023-08-18,Joyner Holmes,Storm,F,14,4,5,2
2023,2023-08-18,Mercedes Russell,Storm,C,27,2,6,2
2023,2023-08-18,Kia Nurse,Storm,G,17,3,4,2
2023,2023-08-18,Jade Melbourne,Storm,G,10,0,0,0
2023,2023-08-17,Betnijah Laney,Liberty,F,32,17,2,4
2023,2023-08-17,Breanna Stewart,Liberty,F,37,13,7,4
2023,2023-08-17,Jonquel Jones,Liberty,F,24,8,8,3
2023,2023-08-17,Courtney Vandersloot,Liberty,G,33,5,4,7
2023,2023-08-17,Sabrina Ionescu,Liberty,G,31,22,4,2
2023,2023-08-17,Kayla Thornton,Liberty,F,14,0,1,0
2023,2023-08-17,Nyara Sabally,Liberty,F,2,1,0,0
2023,2023-08-17,Stefanie Dolson,Liberty,C,10,3,1,2
2023,2023-08-17,Marine Johannes,Liberty,G,14,6,1,1
2023,2023-08-17,Jocelyn Willoughby,Liberty,G,1,0,0,0
2023,2023-08-17,A'ja Wilson,Aces,F,33,21,8,1
2023,2023-08-17,Kiah Stokes,Aces,C,19,0,2,1
2023,2023-08-17,Chelsea Gray,Aces,G,37,22,11,11
2023,2023-08-17,Kelsey Plum,Aces,G,33,18,1,2
2023,2023-08-17,Jackie Young,Aces,G,31,16,3,4
2023,2023-08-17,Alysha Clark,Aces,F,23,5,4,1
2023,2023-08-17,Cayla George,Aces,F,5,2,0,0
2023,2023-08-17,Alaina Coates,Aces,C,1,0,2,0
2023,2023-08-17,Sydney Colson,Aces,G,1,0,0,0
2023,2023-08-17,Kierstan Bell,Aces,G,16,4,4,1
2023,2023-08-15,Betnijah Laney,Liberty,F,23,2,5,2
2023,2023-08-15,Breanna Stewart,Liberty,F,36,13,7,1
2023,2023-08-15,Jonquel Jones,Liberty,F,33,16,15,1
2023,2023-08-15,Courtney Vandersloot,Liberty,G,35,11,6,10
2023,2023-08-15,Sabrina Ionescu,Liberty,G,33,12,8,2
2023,2023-08-15,Kayla Thornton,Liberty,F,16,8,4,2
2023,2023-08-15,Nyara Sabally,Liberty,F,2,0,0,0
2023,2023-08-15,Stefanie Dolson,Liberty,C,3,0,1,0
2023,2023-08-15,Marine Johannes,Liberty,G,14,17,3,2
2023,2023-08-15,Jocelyn Willoughby,Liberty,G,4,3,0,0
2023,2023-08-15,A'ja Wilson,Aces,F,35,9,5,0
2023,2023-08-15,Kiah Stokes,Aces,C,16,0,6,0
2023,2023-08-15,Chelsea Gray,Aces,G,37,15,6,5
2023,2023-08-15,Kelsey Plum,Aces,G,33,15,3,6
2023,2023-08-15,Jackie Young,Aces,G,35,16,4,1
2023,2023-08-15,Alysha Clark,Aces,F,26,4,2,1
2023,2023-08-15,Cayla George,Aces,F,2,2,0,0
2023,2023-08-15,Alaina Coates,Aces,C,2,0,1,0
2023,2023-08-15,Sydney Colson,Aces,G,2,2,0,1
2023,2023-08-15,Kierstan Bell,Aces,G,11,0,1,0
2023,2023-08-13,Alanna Smith,Sky,F,35,10,10,1
2023,2023-08-13,Elizabeth Williams,Sky,C,34,14,12,3
2023,2023-08-13,Courtney Williams,Sky,G,33,13,3,7
2023,2023-08-13,Kahleah Copper,Sky,G,27,17,2,1
2023,2023-08-13,Marina Mabrey,Sky,G,29,15,3,2
2023,2023-08-13,Robyn Parks,Sky,F,15,0,2,0
2023,2023-08-13,Morgan Bertsch,Sky,F,5,2,0,0
2023,2023-08-13,Ruthy Hebard,Sky,F,6,2,1,0
2023,2023-08-13,Dana Evans,Sky,G,16,3,1,3
2023,2023-08-13,Tianna Hawkins,Mystics,F,29,13,6,1
2023,2023-08-13,Myisha Hines-Allen,Mystics,F,20,6,5,4
2023,2023-08-13,Natasha Cloud,Mystics,G,34,4,6,6
2023,2023-08-13,Brittney Sykes,Mystics,G,35,30,4,6
2023,2023-08-13,Shatori Walker-Kimbrough,Mystics,G,33,7,3,0
2023,2023-08-13,Queen Egbo,Mystics,C,17,16,3,1
2023,2023-08-13,Shakira Austin,Mystics,C,14,4,4,2
2023,2023-08-13,Li Meng,Mystics,G,18,3,1,1
2023,2023-08-13,Betnijah Laney,Liberty,F,32,12,4,3
2023,2023-08-13,Breanna Stewart,Liberty,F,36,42,6,6
2023,2023-08-13,Jonquel Jones,Liberty,F,29,15,12,3
2023,2023-08-13,Courtney Vandersloot,Liberty,G,30,4,1,14
2023,2023-08-13,Sabrina Ionescu,Liberty,G,30,10,2,4
2023,2023-08-13,Kayla Thornton,Liberty,F,20,6,7,0
2023,2023-08-13,Nyara Sabally,Liberty,F,0,0,0,0
2023,2023-08-13,Stefanie Dolson,Liberty,C,11,7,2,1
2023,2023-08-13,Marine Johannes,Liberty,G,11,4,1,1
2023,2023-08-13,Jocelyn Willoughby,Liberty,G,0,0,0,0
2023,2023-08-13,Aliyah Boston,Fever,F,37,17,9,5
2023,2023-08-13,Erica Wheeler,Fever,G,32,21,4,4
2023,2023-08-13,Kelsey Mitchell,Fever,G,35,22,0,3
2023,2023-08-13,Victoria Vivians,Fever,G,17,7,2,1
2023,2023-08-13,Kristy Wallace,Fever,G,13,0,3,0
2023,2023-08-13,NaLyssa Smith,Fever,F,27,15,9,2
2023,2023-08-13,Amanda Zahui B.,Fever,C,3,0,0,0
2023,2023-08-13,Lexie Hull,Fever,G,14,2,3,1
2023,2023-08-13,Grace Berger,Fever,G,23,5,2,2
2023,2023-08-13,Brianna Turner,Mercury,F,31,8,5,1
2023,2023-08-13,Brittney Griner,Mercury,C,30,12,10,1
2023,2023-08-13,Diana Taurasi,Mercury,G,27,5,5,7
2023,2023-08-13,Moriah Jefferson,Mercury,G,31,14,1,4
2023,2023-08-13,Sophie Cunningham,Mercury,G,35,25,3,3
2023,2023-08-13,Michaela Onyenwere,Mercury,F,12,2,3,0
2023,2023-08-13,Kadi Sissoko,Mercury,F,2,0,0,0
2023,2023-08-13,Megan Gustafson,Mercury,C,11,2,3,0
2023,2023-08-13,Sug Sutton,Mercury,G,18,3,1,3
2023,2023-08-13,Destanni Henderson,Mercury,G,3,0,0,0
2023,2023-08-13,Dulcy Fankam Mendjiadeu,Storm,F,10,2,5,1
2023,2023-08-13,Ezi Magbegor,Storm,C,37,17,7,0
2023,2023-08-13,Sami Whitcomb,Storm,G,29,6,3,8
2023,2023-08-13,Jewell Loyd,Storm,G,36,24,5,2
2023,2023-08-13,Jordan Horston,Storm,G,16,4,1,0
2023,2023-08-13,Joyner Holmes,Storm,F,6,6,0,0
2023,2023-08-13,Mercedes Russell,Storm,C,28,8,10,1
2023,2023-08-13,Kia Nurse,Storm,G,26,10,5,1
2023,2023-08-13,Jade Melbourne,Storm,G,13,4,2,3
2023,2023-08-13,Cheyenne Parker,Dream,F,31,13,6,4
2023,2023-08-13,Nia Coffey,Dream,F,27,10,10,0
2023,2023-08-13,Danielle Robinson,Dream,G,18,0,3,3
2023,2023-08-13,Allisha Gray,Dream,G,33,19,3,0
2023,2023-08-13,Rhyne Howard,Dream,G,32,12,5,4
2023,2023-08-13,Monique Billings,Dream,F,13,2,4,0
2023,2023-08-13,Naz Hillmon,Dream,F,4,2,1,0
2023,2023-08-13,Iliana Rupert,Dream,C,7,0,4,0
2023,2023-08-13,AD Durr,Dream,G,10,5,2,0
2023,2023-08-13,Aari McDonald,Dream,G,22,2,3,2
2023,2023-08-13,Haley Jones,Dream,G,4,0,2,0
2023,2023-08-13,A'ja Wilson,Aces,F,31,21,9,3
2023,2023-08-13,Kiah Stokes,Aces,C,27,5,12,0
2023,2023-08-13,Chelsea Gray,Aces,G,31,13,3,6
2023,2023-08-13,Kelsey Plum,Aces,G,35,13,4,3
2023,2023-08-13,Jackie Young,Aces,G,34,17,6,3
2023,2023-08-13,Cayla George,Aces,F,21,11,1,1
2023,2023-08-13,Alaina Coates,Aces,C,1,0,0,0
2023,2023-08-13,Sydney Colson,Aces,G,1,2,0,0
2023,2023-08-13,Kierstan Bell,Aces,G,18,4,3,0
2023,2023-08-12,Cheyenne Parker,Dream,F,38,17,7,2
2023,2023-08-12,Nia Coffey,Dream,F,19,2,2,1
2023,2023-08-12,Danielle Robinson,Dream,G,29,9,3,5
2023,2023-08-12,Allisha Gray,Dream,G,30,8,4,4
2023,2023-08-12,Rhyne Howard,Dream,G,37,17,5,1
2023,2023-08-12,Monique Billings,Dream,F,8,2,5,0
2023,2023-08-12,Naz Hillmon,Dream,F,11,4,1,0
2023,2023-08-12,Iliana Rupert,Dream,C,5,0,1,1
2023,2023-08-12,Aari McDonald,Dream,G,21,15,2,2
2023,2023-08-12,Haley Jones,Dream,G,5,0,1,0
2023,2023-08-12,Nneka Ogwumike,Sparks,F,30,17,7,4
2023,2023-08-12,Karlie Samuelson,Sparks,F,26,9,2,1
2023,2023-08-12,Azura Stevens,Sparks,F,33,15,8,0
2023,2023-08-12,Layshia Clarendon,Sparks,G,32,16,3,5
2023,2023-08-12,Jordin Canada,Sparks,G,38,20,2,8
2023,2023-08-12,Dearica Hamby,Sparks,F,13,0,7,1
2023,2023-08-12,Jasmine Thomas,Sparks,G,4,2,0,0
2023,2023-08-12,Rae Burrell,Sparks,G,9,0,1,0
2023,2023-08-12,Zia Cooke,Sparks,G,15,6,0,1
2023,2023-08-12,DeWanna Bonner,Sun,F,29,3,4,1
2023,2023-08-12,Alyssa Thomas,Sun,F,40,26,10,5
2023,2023-08-12,Tiffany Hayes,Sun,G,36,19,4,4
2023,2023-08-12,Rebecca Allen,Sun,G,19,5,1,0
2023,2023-08-12,Natisha Hiedeman,Sun,G,37,15,5,6
2023,2023-08-12,Olivia Nelson-Ododa,Sun,F,17,2,5,0
2023,2023-08-12,Tyasha Harris,Sun,G,3,0,0,1
2023,2023-08-12,DiJonai Carrington,Sun,G,19,11,5,1
2023,2023-08-12,Natasha Howard,Wings,F,37,9,7,5
2023,2023-08-12,Satou Sabally,Wings,F,36,28,8,5
2023,2023-08-12,Teaira McCowan,Wings,C,19,8,7,6
2023,2023-08-12,Arike Ogunbowale,Wings,G,38,23,6,2
2023,2023-08-12,Crystal Dangerfield,Wings,G,34,16,3,4
2023,2023-08-12,Maddy Siegrist,Wings,F,5,0,1,0
2023,2023-08-12,Awak Kuier,Wings,F,2,0,0,0
2023,2023-08-12,Kalani Brown,Wings,C,20,6,1,0
2023,2023-08-12,Odyssey Sims,Wings,G,4,0,0,0
2023,2023-08-12,Veronica Burton,Wings,G,4,1,1,0
2023,2023-08-11,Alanna Smith,Sky,F,32,19,6,2
2023,2023-08-11,Elizabeth Williams,Sky,C,27,8,2,2
2023,2023-08-11,Courtney Williams,Sky,G,28,10,10,6
2023,2023-08-11,Kahleah Copper,Sky,G,30,8,5,3
2023,2023-08-11,Marina Mabrey,Sky,G,32,12,2,4
2023,2023-08-11,Robyn Parks,Sky,F,15,3,1,1
2023,2023-08-11,Morgan Bertsch,Sky,F,5,0,0,0
2023,2023-08-11,Ruthy Hebard,Sky,F,13,8,6,2
2023,2023-08-11,Taylor Soule,Sky,F,2,0,0,0
2023,2023-08-11,Dana Evans,Sky,G,17,5,1,1
2023,2023-08-11,Betnijah Laney,Liberty,F,28,11,1,3
2023,2023-08-11,Breanna Stewart,Liberty,F,32,21,12,6
2023,2023-08-11,Jonquel Jones,Liberty,F,29,18,7,4
2023,2023-08-11,Courtney Vandersloot,Liberty,G,29,5,3,6
2023,2023-08-11,Sabrina Ionescu,Liberty,G,33,19,5,8
2023,2023-08-11,Kayla Thornton,Liberty,F,17,7,1,0
2023,2023-08-11,Nyara Sabally,Liberty,F,2,0,1,0
2023,2023-08-11,Stefanie Dolson,Liberty,C,11,2,1,0
2023,2023-08-11,Marine Johannes,Liberty,G,19,6,2,1
2023,2023-08-11,Jocelyn Willoughby,Liberty,G,2,0,1,0
2023,2023-08-11,Tianna Hawkins,Mystics,F,25,19,10,2
2023,2023-08-11,Myisha Hines-Allen,Mystics,F,25,15,7,5
2023,2023-08-11,Natasha Cloud,Mystics,G,34,21,4,6
2023,2023-08-11,Brittney Sykes,Mystics,G,31,12,6,6
2023,2023-08-11,Shatori Walker-Kimbrough,Mystics,G,32,3,5,2
2023,2023-08-11,Cyesha Damian Goree,Mystics,F,8,3,0,0
2023,2023-08-11,Queen Egbo,Mystics,C,19,10,3,1
2023,2023-08-11,Linnae Harper,Mystics,G,3,0,0,0
2023,2023-08-11,Li Meng,Mystics,G,26,6,0,5
2023,2023-08-11,A'ja Wilson,Aces,F,31,40,12,1
2023,2023-08-11,Kiah Stokes,Aces,C,21,0,6,0
2023,2023-08-11,Chelsea Gray,Aces,G,35,19,3,10
2023,2023-08-11,Kelsey Plum,Aces,G,33,19,0,10
2023,2023-08-11,Jackie Young,Aces,G,33,17,2,4
2023,2023-08-11,Alysha Clark,Aces,F,25,2,6,2
2023,2023-08-11,Cayla George,Aces,F,3,3,2,0
2023,2023-08-11,Alaina Coates,Aces,C,3,2,1,0
2023,2023-08-11,Sydney Colson,Aces,G,3,0,0,1
2023,2023-08-11,Kierstan Bell,Aces,G,14,11,2,1
2023,2023-08-10,Jessica Shepard,Lynx,F,28,13,7,2
2023,2023-08-10,Napheesa Collier,Lynx,F,25,8,5,2
2023,2023-08-10,Diamond Miller,Lynx,F,22,11,3,2
2023,2023-08-10,Kayla McBride,Lynx,G,29,10,1,1
2023,2023-08-10,Lindsay Allen,Lynx,G,21,0,3,5
2023,2023-08-10,Bridget Carleton,Lynx,F,4,0,0,0
2023,2023-08-10,Dorka Juhasz,Lynx,F,13,0,4,1
2023,2023-08-10,Nikolina Milic,Lynx,F,19,9,2,0
2023,2023-08-10,Rachel Banham,Lynx,G,20,18,0,1
2023,2023-08-10,Tiffany Mitchell,Lynx,G,15,4,1,3
2023,2023-08-10,Aerial Powers,Lynx,G,3,0,0,0
2023,2023-08-10,Aliyah Boston,Fever,F,32,15,13,1
2023,2023-08-10,Erica Wheeler,Fever,G,27,17,1,10
2023,2023-08-10,Kelsey Mitchell,Fever,G,34,24,1,4
2023,2023-08-10,Victoria Vivians,Fever,G,21,6,4,2
2023,2023-08-10,Kristy Wallace,Fever,G,23,13,4,1
2023,2023-08-10,Emma Cannon,Fever,F,5,2,1,1
2023,2023-08-10,NaLyssa Smith,Fever,F,19,12,7,1
2023,2023-08-10,Amanda Zahui B.,Fever,C,3,0,1,0
2023,2023-08-10,Lexie Hull,Fever,G,17,0,3,2
2023,2023-08-10,Grace Berger,Fever,G,19,2,4,1
2023,2023-08-10,DeWanna Bonner,Sun,F,2,0,0,0
2023,2023-08-10,Alyssa Thomas,Sun,F,40,20,11,8
2023,2023-08-10,Tiffany Hayes,Sun,G,40,15,4,4
2023,2023-08-10,Rebecca Allen,Sun,G,28,24,2,0
2023,2023-08-10,Natisha Hiedeman,Sun,G,19,1,0,2
2023,2023-08-10,Olivia Nelson-Ododa,Sun,F,23,3,9,1
2023,2023-08-10,Bernadett Hatar,Sun,C,15,6,2,0
2023,2023-08-10,Tyasha Harris,Sun,G,21,7,1,2
2023,2023-08-10,DiJonai Carrington,Sun,G,12,8,2,0
2023,2023-08-10,Brianna Turner,Mercury,F,29,6,4,2
2023,2023-08-10,Brittney Griner,Mercury,C,30,21,10,2
2023,2023-08-10,Diana Taurasi,Mercury,G,32,16,2,5
2023,2023-08-10,Moriah Jefferson,Mercury,G,27,17,2,5
2023,2023-08-10,Sophie Cunningham,Mercury,G,29,9,2,2
2023,2023-08-10,Michaela Onyenwere,Mercury,F,15,5,1,0
2023,2023-08-10,Kadi Sissoko,Mercury,F,4,0,1,0
2023,2023-08-10,Megan Gustafson,Mercury,C,10,10,0,0
2023,2023-08-10,Sug Sutton,Mercury,G,17,2,3,4
2023,2023-08-10,Destanni Henderson,Mercury,G,7,4,1,1
2023,2023-08-10,Cheyenne Parker,Dream,F,28,6,8,2
2023,2023-08-10,Nia Coffey,Dream,F,21,3,2,1
2023,2023-08-10,Danielle Robinson,Dream,G,21,3,1,1
2023,2023-08-10,Allisha Gray,Dream,G,32,17,7,3
2023,2023-08-10,Rhyne Howard,Dream,G,34,20,6,1
2023,2023-08-10,Monique Billings,Dream,F,19,3,11,0
2023,2023-08-10,Naz Hillmon,Dream,F,10,0,2,0
2023,2023-08-10,Iliana Rupert,Dream,C,2,0,0,0
2023,2023-08-10,AD Durr,Dream,G,7,3,0,1
2023,2023-08-10,Aari McDonald,Dream,G,19,10,3,3
2023,2023-08-10,Haley Jones,Dream,G,7,2,5,0
2023,2023-08-10,Dulcy Fankam Mendjiadeu,Storm,F,15,5,5,1
2023,2023-08-10,Ezi Magbegor,Storm,C,39,17,11,2
2023,2023-08-10,Sami Whitcomb,Storm,G,30,11,6,5
2023,2023-08-10,Jewell Loyd,Storm,G,38,19,8,1
2023,2023-08-10,Jordan Horston,Storm,G,27,4,8,2
2023,2023-08-10,Mercedes Russell,Storm,C,24,9,5,2
2023,2023-08-10,Kia Nurse,Storm,G,12,0,0,0
2023,2023-08-10,Jade Melbourne,Storm,G,15,3,2,1
2023,2023-08-08,DeWanna Bonner,Sun,F,23,21,8,3
2023,2023-08-08,Alyssa Thomas,Sun,F,35,16,12,8
2023,2023-08-08,Tiffany Hayes,Sun,G,26,10,4,1
2023,2023-08-08,Rebecca Allen,Sun,G,20,13,2,1
2023,2023-08-08,Natisha Hiedeman,Sun,G,22,4,2,2
2023,2023-08-08,Olivia Nelson-Ododa,Sun,F,17,4,3,0
2023,2023-08-08,Bernadett Hatar,Sun,C,5,0,0,0
2023,2023-08-08,Tyasha Harris,Sun,G,23,4,1,3
2023,2023-08-08,DiJonai Carrington,Sun,G,25,9,2,2
2023,2023-08-08,Leigha Brown,Sun,G,4,0,0,1
2023,2023-08-08,Gabby Williams,Storm,F,17,7,3,4
2023,2023-08-08,Dulcy Fankam Mendjiadeu,Storm,F,28,8,12,1
2023,2023-08-08,Ezi Magbegor,Storm,C,28,10,6,4
2023,2023-08-08,Sami Whitcomb,Storm,G,28,11,4,5
2023,2023-08-08,Jewell Loyd,Storm,G,32,11,3,1
2023,2023-08-08,Joyner Holmes,Storm,F,9,4,2,1
2023,2023-08-08,Mercedes Russell,Storm,C,11,0,1,1
2023,2023-08-08,Yvonne Turner,Storm,G,4,3,1,0
2023,2023-08-08,Kia Nurse,Storm,G,17,0,2,1
2023,2023-08-08,Jordan Horston,Storm,G,15,9,2,0
2023,2023-08-08,Jade Melbourne,Storm,G,13,6,4,1
2023,2023-08-08,Nneka Ogwumike,Sparks,F,33,20,11,1
2023,2023-08-08,Karlie Samuelson,Sparks,F,31,13,6,1
2023,2023-08-08,Azura Stevens,Sparks,F,20,8,2,1
2023,2023-08-08,Layshia Clarendon,Sparks,G,28,17,3,5
2023,2023-08-08,Jordin Canada,Sparks,G,29,10,4,7
2023,2023-08-08,Dearica Hamby,Sparks,F,19,6,1,1
2023,2023-08-08,Jasmine Thomas,Sparks,G,14,5,2,2
2023,2023-08-08,Evina Westbrook,Sparks,G,10,3,1,1
2023,2023-08-08,Rae Burrell,Sparks,G,1,0,0,0
2023,2023-08-08,Zia Cooke,Sparks,G,15,5,1,0
2023,2023-08-08,Aliyah Boston,Fever,F,27,18,9,2
2023,2023-08-08,Erica Wheeler,Fever,G,17,0,2,4
2023,2023-08-08,Kelsey Mitchell,Fever,G,36,21,2,1
2023,2023-08-08,Victoria Vivians,Fever,G,18,5,8,0
2023,2023-08-08,Lexie Hull,Fever,G,15,4,2,1
2023,2023-08-08,Emma Cannon,Fever,F,5,2,3,0
2023,2023-08-08,NaLyssa Smith,Fever,F,18,8,6,0
2023,2023-08-08,Amanda Zahui B.,Fever,C,12,2,2,1
2023,2023-08-08,Kristy Wallace,Fever,G,30,6,3,7
2023,2023-08-08,Grace Berger,Fever,G,22,14,2,4
2023,2023-08-08,Jessica Shepard,Lynx,F,36,17,7,5
2023,2023-08-08,Napheesa Collier,Lynx,F,27,29,9,2
2023,2023-08-08,Diamond Miller,Lynx,F,34,5,11,2
2023,2023-08-08,Kayla McBride,Lynx,G,33,13,3,7
2023,2023-08-08,Lindsay Allen,Lynx,G,33,6,1,5
2023,2023-08-08,Bridget Carleton,Lynx,F,2,0,0,0
2023,2023-08-08,Nikolina Milic,Lynx,F,17,12,3,1
2023,2023-08-08,Rachel Banham,Lynx,G,7,3,1,3
2023,2023-08-08,Tiffany Mitchell,Lynx,G,8,0,2,1
2023,2023-08-08,Aerial Powers,Lynx,G,3,3,0,0
2023,2023-08-08,Alanna Smith,Sky,F,24,3,7,1
2023,2023-08-08,Elizabeth Williams,Sky,C,34,18,9,4
2023,2023-08-08,Courtney Williams,Sky,G,33,12,2,6
2023,2023-08-08,Kahleah Copper,Sky,G,33,23,3,1
2023,2023-08-08,Marina Mabrey,Sky,G,31,11,3,3
2023,2023-08-08,Robyn Parks,Sky,F,11,6,1,0
2023,2023-08-08,Morgan Bertsch,Sky,F,15,4,3,1
2023,2023-08-08,Dana Evans,Sky,G,19,2,0,4
2023,2023-08-08,A'ja Wilson,Aces,F,24,28,14,1
2023,2023-08-08,Kiah Stokes,Aces,C,21,0,10,1
2023,2023-08-08,Chelsea Gray,Aces,G,22,16,3,5
2023,2023-08-08,Kelsey Plum,Aces,G,35,20,3,8
2023,2023-08-08,Jackie Young,Aces,G,29,18,7,6
2023,2023-08-08,Alysha Clark,Aces,F,27,11,3,2
2023,2023-08-08,Cayla George,Aces,F,14,0,1,1
2023,2023-08-08,Alaina Coates,Aces,C,6,3,1,0
2023,2023-08-08,Sydney Colson,Aces,G,2,0,1,1
2023,2023-08-08,Kierstan Bell,Aces,G,19,8,2,2
2023,2023-08-08,Natasha Howard,Wings,F,35,10,4,3
2023,2023-08-08,Satou Sabally,Wings,F,31,21,5,2
2023,2023-08-08,Teaira McCowan,Wings,C,10,0,2,0
2023,2023-08-08,Arike Ogunbowale,Wings,G,39,12,6,4
2023,2023-08-08,Crystal Dangerfield,Wings,G,27,11,3,4
2023,2023-08-08,Maddy Siegrist,Wings,F,20,9,3,1
2023,2023-08-08,Kalani Brown,Wings,C,21,16,7,2
2023,2023-08-08,Odyssey Sims,Wings,G,6,0,0,2
2023,2023-08-08,Veronica Burton,Wings,G,13,5,0,5
2023,2023-08-08,Tianna Hawkins,Mystics,F,24,4,3,3
2023,2023-08-08,Myisha Hines-Allen,Mystics,F,21,11,3,7
2023,2023-08-08,Natasha Cloud,Mystics,G,32,7,4,4
2023,2023-08-08,Brittney Sykes,Mystics,G,32,24,5,2
2023,2023-08-08,Shatori Walker-Kimbrough,Mystics,G,35,10,1,2
2023,2023-08-08,Cyesha Damian Goree,Mystics,F,22,4,1,0
2023,2023-08-08,Queen Egbo,Mystics,C,11,6,6,0
2023,2023-08-08,Linnae Harper,Mystics,G,3,0,1,0
2023,2023-08-08,Li Meng,Mystics,G,19,6,2,1
2023,2023-08-08,Brianna Turner,Mercury,F,24,4,9,1
2023,2023-08-08,Brittney Griner,Mercury,C,24,11,8,3
2023,2023-08-08,Diana Taurasi,Mercury,G,23,15,4,4
2023,2023-08-08,Moriah Jefferson,Mercury,G,28,15,3,4
2023,2023-08-08,Sophie Cunningham,Mercury,G,24,14,1,4
2023,2023-08-08,Michaela Onyenwere,Mercury,F,15,11,2,0
2023,2023-08-08,Kadi Sissoko,Mercury,F,15,4,1,1
2023,2023-08-08,Megan Gustafson,Mercury,C,16,8,2,2
2023,2023-08-08,Sug Sutton,Mercury,G,15,6,0,4
2023,2023-08-08,Destanni Henderson,Mercury,G,16,3,3,1
2023,2023-08-06,Emma Cannon,Fever,F,17,0,2,1
2023,2023-08-06,Aliyah Boston,Fever,F,34,25,10,2
2023,2023-08-06,Erica Wheeler,Fever,G,31,15,5,5
2023,2023-08-06,Kelsey Mitchell,Fever,G,30,20,4,1
2023,2023-08-06,Lexie Hull,Fever,G,30,0,5,1
2023,2023-08-06,Victaria Saxton,Fever,F,0,0,0,0
2023,2023-08-06,Amanda Zahui B.,Fever,C,6,0,2,0
2023,2023-08-06,Victoria Vivians,Fever,G,23,6,5,0
2023,2023-08-06,Kristy Wallace,Fever,G,11,5,0,1
2023,2023-08-06,Maya Caldwell,Fever,G,10,0,0,0
2023,2023-08-06,Grace Berger,Fever,G,8,2,0,1
2023,2023-08-06,Cheyenne Parker,Dream,F,29,16,6,3
2023,2023-08-06,Nia Coffey,Dream,F,30,9,5,3
2023,2023-08-06,Allisha Gray,Dream,G,33,21,3,4
2023,2023-08-06,Aari McDonald,Dream,G,14,3,2,1
2023,2023-08-06,Rhyne Howard,Dream,G,36,24,4,3
2023,2023-08-06,Monique Billings,Dream,F,11,0,2,3
2023,2023-08-06,Naz Hillmon,Dream,F,10,0,2,1
2023,2023-08-06,Danielle Robinson,Dream,G,25,9,3,3
2023,2023-08-06,Haley Jones,Dream,G,12,0,1,2
2023,2023-08-06,A'ja Wilson,Aces,F,25,9,7,2
2023,2023-08-06,Kiah Stokes,Aces,C,17,0,2,1
2023,2023-08-06,Chelsea Gray,Aces,G,35,15,3,6
2023,2023-08-06,Kelsey Plum,Aces,G,30,12,3,3
2023,2023-08-06,Jackie Young,Aces,G,30,16,0,1
2023,2023-08-06,Alysha Clark,Aces,F,20,3,5,0
2023,2023-08-06,Cayla George,Aces,F,10,0,1,0
2023,2023-08-06,Alaina Coates,Aces,C,7,2,3,0
2023,2023-08-06,Sydney Colson,Aces,G,9,0,0,1
2023,2023-08-06,Kierstan Bell,Aces,G,17,4,0,0
2023,2023-08-06,Betnijah Laney,Liberty,F,32,13,9,3
2023,2023-08-06,Breanna Stewart,Liberty,F,34,23,6,5
2023,2023-08-06,Jonquel Jones,Liberty,F,29,12,14,4
2023,2023-08-06,Courtney Vandersloot,Liberty,G,30,10,4,6
2023,2023-08-06,Sabrina Ionescu,Liberty,G,32,31,5,7
2023,2023-08-06,Kayla Thornton,Liberty,F,22,8,7,3
2023,2023-08-06,Nyara Sabally,Liberty,F,4,0,1,0
2023,2023-08-06,Epiphanny Prince,Liberty,G,4,2,0,0
2023,2023-08-06,Marine Johannes,Liberty,G,10,0,1,0
2023,2023-08-06,Jocelyn Willoughby,Liberty,G,4,0,1,0
2023,2023-08-06,Nneka Ogwumike,Sparks,F,32,20,10,5
2023,2023-08-06,Karlie Samuelson,Sparks,F,30,13,1,2
2023,2023-08-06,Azura Stevens,Sparks,F,25,17,6,1
2023,2023-08-06,Layshia Clarendon,Sparks,G,21,7,3,1
2023,2023-08-06,Jordin Canada,Sparks,G,40,15,4,7
2023,2023-08-06,Dearica Hamby,Sparks,F,23,4,7,3
2023,2023-08-06,Jasmine Thomas,Sparks,G,7,0,0,2
2023,2023-08-06,Rae Burrell,Sparks,G,4,5,0,0
2023,2023-08-06,Zia Cooke,Sparks,G,19,10,1,0
2023,2023-08-06,Tianna Hawkins,Mystics,F,29,23,3,1
2023,2023-08-06,Myisha Hines-Allen,Mystics,F,24,5,2,4
2023,2023-08-06,Natasha Cloud,Mystics,G,35,13,6,7
2023,2023-08-06,Brittney Sykes,Mystics,G,33,17,3,6
2023,2023-08-06,Shatori Walker-Kimbrough,Mystics,G,34,5,1,1
2023,2023-08-06,Cyesha Damian Goree,Mystics,F,8,3,4,0
2023,2023-08-06,Queen Egbo,Mystics,C,18,8,4,0
2023,2023-08-06,Linnae Harper,Mystics,G,0,0,0,0
2023,2023-08-06,Li Meng,Mystics,G,18,9,1,0
2023,2023-08-06,Alanna Smith,Sky,F,25,3,5,3
2023,2023-08-06,Elizabeth Williams,Sky,C,31,9,3,1
2023,2023-08-06,Courtney Williams,Sky,G,29,4,8,8
2023,2023-08-06,Kahleah Copper,Sky,G,32,23,0,1
2023,2023-08-06,Marina Mabrey,Sky,G,31,32,5,1
2023,2023-08-06,Robyn Parks,Sky,F,9,6,1,0
2023,2023-08-06,Morgan Bertsch,Sky,F,15,11,5,0
2023,2023-08-06,Ruthy Hebard,Sky,F,7,2,3,0
2023,2023-08-06,Dana Evans,Sky,G,21,14,1,5
2023,2023-08-06,Natasha Howard,Wings,F,35,24,5,4
2023,2023-08-06,Satou Sabally,Wings,F,39,25,5,8
2023,2023-08-06,Teaira McCowan,Wings,C,19,11,9,2
2023,2023-08-06,Arike Ogunbowale,Wings,G,36,14,4,3
2023,2023-08-06,Crystal Dangerfield,Wings,G,23,2,1,1
2023,2023-08-06,Maddy Siegrist,Wings,F,10,6,5,1
2023,2023-08-06,Kalani Brown,Wings,C,16,13,3,0
2023,2023-08-06,Odyssey Sims,Wings,G,9,0,0,0
2023,2023-08-06,Ashley Joens,Wings,G,0,1,0,0
2023,2023-08-06,Veronica Burton,Wings,G,11,0,2,1
2023,2023-08-05,Gabby Williams,Storm,F,37,14,5,6
2023,2023-08-05,Dulcy Fankam Mendjiadeu,Storm,F,12,9,5,0
2023,2023-08-05,Ezi Magbegor,Storm,C,35,19,7,4
2023,2023-08-05,Sami Whitcomb,Storm,G,29,14,3,4
2023,2023-08-05,Jewell Loyd,Storm,G,39,32,4,4
2023,2023-08-05,Mercedes Russell,Storm,C,24,0,8,0
2023,2023-08-05,Kia Nurse,Storm,G,15,7,2,0
2023,2023-08-05,Jordan Horston,Storm,G,8,2,2,0
2023,2023-08-05,Brianna Turner,Mercury,F,32,6,5,3
2023,2023-08-05,Brittney Griner,Mercury,C,24,22,6,4
2023,2023-08-05,Diana Taurasi,Mercury,G,32,28,4,2
2023,2023-08-05,Moriah Jefferson,Mercury,G,15,2,1,6
2023,2023-08-05,Sophie Cunningham,Mercury,G,35,13,5,2
2023,2023-08-05,Michaela Onyenwere,Mercury,F,4,0,0,0
2023,2023-08-05,Kadi Sissoko,Mercury,F,8,0,1,1
2023,2023-08-05,Megan Gustafson,Mercury,C,15,13,4,1
2023,2023-08-05,Shey Peddy,Mercury,G,6,0,1,0
2023,2023-08-05,Sug Sutton,Mercury,G,28,7,0,8
2023,2023-08-04,DeWanna Bonner,Sun,F,26,14,5,1
2023,2023-08-04,Alyssa Thomas,Sun,F,31,11,7,8
2023,2023-08-04,Tiffany Hayes,Sun,G,29,18,4,3
2023,2023-08-04,Rebecca Allen,Sun,G,25,5,4,4
2023,2023-08-04,Natisha Hiedeman,Sun,G,16,10,0,0
2023,2023-08-04,Olivia Nelson-Ododa,Sun,F,28,10,10,4
2023,2023-08-04,Tyasha Harris,Sun,G,24,9,0,1
2023,2023-08-04,DiJonai Carrington,Sun,G,18,11,2,0
2023,2023-08-04,Leigha Brown,Sun,G,4,0,0,0
2023,2023-08-04,Emma Cannon,Fever,F,25,11,4,2
2023,2023-08-04,Aliyah Boston,Fever,F,33,19,8,4
2023,2023-08-04,Erica Wheeler,Fever,G,27,12,5,4
2023,2023-08-04,Kelsey Mitchell,Fever,G,31,13,0,2
2023,2023-08-04,Lexie Hull,Fever,G,18,0,0,0
2023,2023-08-04,Victaria Saxton,Fever,F,4,5,1,0
2023,2023-08-04,Amanda Zahui B.,Fever,C,7,0,0,0
2023,2023-08-04,Victoria Vivians,Fever,G,12,1,1,0
2023,2023-08-04,Kristy Wallace,Fever,G,14,3,2,2
2023,2023-08-04,Maya Caldwell,Fever,G,12,4,3,1
2023,2023-08-04,Grace Berger,Fever,G,19,4,1,0
2023,2023-08-04,Nneka Ogwumike,Sparks,F,26,18,8,3
2023,2023-08-04,Karlie Samuelson,Sparks,F,16,0,4,1
2023,2023-08-04,Azura Stevens,Sparks,F,30,19,7,1
2023,2023-08-04,Layshia Clarendon,Sparks,G,22,3,4,2
2023,2023-08-04,Jordin Canada,Sparks,G,35,8,8,7
2023,2023-08-04,Dearica Hamby,Sparks,F,28,14,7,3
2023,2023-08-04,Jasmine Thomas,Sparks,G,9,0,0,0
2023,2023-08-04,Evina Westbrook,Sparks,G,6,5,2,0
2023,2023-08-04,Rae Burrell,Sparks,G,3,0,1,0
2023,2023-08-04,Zia Cooke,Sparks,G,25,10,2,0
2023,2023-08-04,Tianna Hawkins,Mystics,F,31,17,5,1
2023,2023-08-04,Myisha Hines-Allen,Mystics,F,21,1,9,4
2023,2023-08-04,Natasha Cloud,Mystics,G,32,10,1,6
2023,2023-08-04,Brittney Sykes,Mystics,G,35,8,7,8
2023,2023-08-04,Shatori Walker-Kimbrough,Mystics,G,33,11,0,1
2023,2023-08-04,Cyesha Damian Goree,Mystics,F,8,7,0,0
2023,2023-08-04,Queen Egbo,Mystics,C,21,15,9,0
2023,2023-08-04,Li Meng,Mystics,G,19,10,1,2
2023,2023-08-04,Alanna Smith,Sky,F,31,20,5,2
2023,2023-08-04,Elizabeth Williams,Sky,C,31,4,3,5
2023,2023-08-04,Courtney Williams,Sky,G,29,25,6,6
2023,2023-08-04,Kahleah Copper,Sky,G,30,25,2,2
2023,2023-08-04,Marina Mabrey,Sky,G,27,16,5,4
2023,2023-08-04,Robyn Parks,Sky,F,18,8,4,0
2023,2023-08-04,Morgan Bertsch,Sky,F,9,0,2,1
2023,2023-08-04,Ruthy Hebard,Sky,F,9,2,2,0
2023,2023-08-04,Taylor Soule,Sky,F,1,0,0,1
2023,2023-08-04,Dana Evans,Sky,G,15,4,0,3
2023,2023-08-04,Natasha Howard,Wings,F,38,28,12,11
2023,2023-08-04,Satou Sabally,Wings,F,32,18,4,4
2023,2023-08-04,Teaira McCowan,Wings,C,26,8,2,2
2023,2023-08-04,Arike Ogunbowale,Wings,G,34,11,2,3
2023,2023-08-04,Crystal Dangerfield,Wings,G,19,2,2,2
2023,2023-08-04,Maddy Siegrist,Wings,F,17,10,3,0
2023,2023-08-04,Kalani Brown,Wings,C,13,7,2,0
2023,2023-08-04,Odyssey Sims,Wings,G,9,0,0,2
2023,2023-08-04,Veronica Burton,Wings,G,12,5,1,2
2023,2023-08-04,Betnijah Laney,Liberty,F,30,17,5,3
2023,2023-08-04,Breanna Stewart,Liberty,F,37,17,8,2
2023,2023-08-04,Jonquel Jones,Liberty,F,29,15,17,1
2023,2023-08-04,Courtney Vandersloot,Liberty,G,30,2,2,7
2023,2023-08-04,Sabrina Ionescu,Liberty,G,34,18,5,6
2023,2023-08-04,Kayla Thornton,Liberty,F,14,5,4,0
2023,2023-08-04,Nyara Sabally,Liberty,F,5,0,1,0
2023,2023-08-04,Marine Johannes,Liberty,G,16,2,0,1
2023,2023-08-04,Jocelyn Willoughby,Liberty,G,5,0,1,0
2023,2023-08-04,Jessica Shepard,Lynx,F,29,7,11,3
2023,2023-08-04,Napheesa Collier,Lynx,F,35,18,8,2
2023,2023-08-04,Diamond Miller,Lynx,F,33,7,5,2
2023,2023-08-04,Kayla McBride,Lynx,G,36,14,2,1
2023,2023-08-04,Lindsay Allen,Lynx,G,35,9,3,10
2023,2023-08-04,Bridget Carleton,Lynx,F,6,0,0,1
2023,2023-08-04,Nikolina Milic,Lynx,F,15,9,3,2
2023,2023-08-04,Tiffany Mitchell,Lynx,G,11,2,0,0
2023,2023-08-03,Cheyenne Parker,Dream,F,25,20,7,2
2023,2023-08-03,Nia Coffey,Dream,F,22,2,4,0
2023,2023-08-03,Danielle Robinson,Dream,G,17,2,0,1
2023,2023-08-03,Allisha Gray,Dream,G,23,10,4,1
2023,2023-08-03,Rhyne Howard,Dream,G,34,14,2,2
2023,2023-08-03,Monique Billings,Dream,F,15,8,3,1
2023,2023-08-03,Naz Hillmon,Dream,F,16,0,5,0
2023,2023-08-03,Laeticia Amihere,Dream,F,7,3,1,0
2023,2023-08-03,Iliana Rupert,Dream,C,5,3,2,0
2023,2023-08-03,AD Durr,Dream,G,6,0,0,2
2023,2023-08-03,Aari McDonald,Dream,G,22,4,1,5
2023,2023-08-03,Haley Jones,Dream,G,8,5,2,2
2023,2023-08-03,Brianna Turner,Mercury,F,23,0,8,0
2023,2023-08-03,Megan Gustafson,Mercury,C,27,8,8,1
2023,2023-08-03,Diana Taurasi,Mercury,G,30,42,4,2
2023,2023-08-03,Moriah Jefferson,Mercury,G,22,8,4,4
2023,2023-08-03,Sophie Cunningham,Mercury,G,24,7,3,1
2023,2023-08-03,Michaela Onyenwere,Mercury,F,12,8,1,1
2023,2023-08-03,Liz Dixon,Mercury,F,7,2,4,2
2023,2023-08-03,Kadi Sissoko,Mercury,F,15,6,1,0
2023,2023-08-03,Shey Peddy,Mercury,G,22,5,4,3
2023,2023-08-03,Sug Sutton,Mercury,G,17,5,3,3
2023,2023-08-02,Natasha Howard,Wings,F,30,4,12,3
2023,2023-08-02,Satou Sabally,Wings,F,35,18,9,2
2023,2023-08-02,Teaira McCowan,Wings,C,27,12,6,3
2023,2023-08-02,Arike Ogunbowale,Wings,G,33,27,3,4
2023,2023-08-02,Crystal Dangerfield,Wings,G,27,2,5,4
2023,2023-08-02,Maddy Siegrist,Wings,F,13,7,2,0
2023,2023-08-02,Awak Kuier,Wings,F,4,2,2,0
2023,2023-08-02,Kalani Brown,Wings,C,13,2,2,0
2023,2023-08-02,Odyssey Sims,Wings,G,12,0,2,0
2023,2023-08-02,Veronica Burton,Wings,G,6,2,1,1
2023,2023-08-02,Gabby Williams,Storm,F,32,7,3,5
2023,2023-08-02,Dulcy Fankam Mendjiadeu,Storm,F,13,2,1,0
2023,2023-08-02,Ezi Magbegor,Storm,C,38,14,9,1
2023,2023-08-02,Sami Whitcomb,Storm,G,31,7,4,3
2023,2023-08-02,Jewell Loyd,Storm,G,35,31,5,2
2023,2023-08-02,Joyner Holmes,Storm,F,5,0,1,0
2023,2023-08-02,Mercedes Russell,Storm,C,22,2,4,2
2023,2023-08-02,Kia Nurse,Storm,G,8,0,2,1
2023,2023-08-02,Jordan Horston,Storm,G,12,2,1,1
2023,2023-08-02,Ivana Dojkic,Storm,G,4,0,0,0
2023,2023-08-01,Dorka Juhasz,Lynx,F,28,4,11,3
2023,2023-08-01,Diamond Miller,Lynx,F,34,13,0,6
2023,2023-08-01,Nikolina Milic,Lynx,F,17,7,6,0
2023,2023-08-01,Kayla McBride,Lynx,G,38,15,2,1
2023,2023-08-01,Lindsay Allen,Lynx,G,29,16,1,3
2023,2023-08-01,Jessica Shepard,Lynx,F,18,6,4,0
2023,2023-08-01,Bridget Carleton,Lynx,F,12,0,3,0
2023,2023-08-01,Emily Engstler,Lynx,F,4,0,2,0
2023,2023-08-01,Tiffany Mitchell,Lynx,G,12,6,1,0
2023,2023-08-01,Aerial Powers,Lynx,G,10,2,0,1
2023,2023-08-01,DeWanna Bonner,Sun,F,37,15,2,3
2023,2023-08-01,Alyssa Thomas,Sun,F,40,21,20,12
2023,2023-08-01,Tiffany Hayes,Sun,G,35,16,3,3
2023,2023-08-01,Rebecca Allen,Sun,G,17,4,0,0
2023,2023-08-01,Natisha Hiedeman,Sun,G,13,2,0,2
2023,2023-08-01,Olivia Nelson-Ododa,Sun,F,19,4,5,1
2023,2023-08-01,Tyasha Harris,Sun,G,27,17,1,4
2023,2023-08-01,DiJonai Carrington,Sun,G,11,0,1,0
2023,2023-08-01,Brianna Turner,Mercury,F,32,2,8,3
2023,2023-08-01,Megan Gustafson,Mercury,C,27,17,4,0
2023,2023-08-01,Diana Taurasi,Mercury,G,30,29,5,3
2023,2023-08-01,Moriah Jefferson,Mercury,G,25,4,1,4
2023,2023-08-01,Sophie Cunningham,Mercury,G,23,2,3,1
2023,2023-08-01,Michaela Onyenwere,Mercury,F,14,4,1,1
2023,2023-08-01,Liz Dixon,Mercury,F,1,0,1,0
2023,2023-08-01,Kadi Sissoko,Mercury,F,5,0,0,0
2023,2023-08-01,Shey Peddy,Mercury,G,21,7,3,3
2023,2023-08-01,Sug Sutton,Mercury,G,21,6,3,3
2023,2023-08-01,Emma Cannon,Fever,F,31,23,9,1
2023,2023-08-01,Aliyah Boston,Fever,F,33,6,11,4
2023,2023-08-01,Erica Wheeler,Fever,G,33,13,4,2
2023,2023-08-01,Kelsey Mitchell,Fever,G,35,21,4,2
2023,2023-08-01,Lexie Hull,Fever,G,31,3,4,1
2023,2023-08-01,Victaria Saxton,Fever,F,9,4,1,0
2023,2023-08-01,Amanda Zahui B.,Fever,C,7,0,1,1
2023,2023-08-01,Kristy Wallace,Fever,G,10,0,1,1
2023,2023-08-01,Maya Caldwell,Fever,G,1,0,0,0
2023,2023-08-01,Grace Berger,Fever,G,10,2,1,0
2023,2023-08-01,Cheyenne Parker,Dream,F,28,19,5,3
2023,2023-08-01,Nia Coffey,Dream,F,15,14,2,1
2023,2023-08-01,Danielle Robinson,Dream,G,18,7,1,3
2023,2023-08-01,Allisha Gray,Dream,G,31,8,2,2
2023,2023-08-01,Rhyne Howard,Dream,G,34,6,6,6
2023,2023-08-01,Monique Billings,Dream,F,9,1,2,1
2023,2023-08-01,Naz Hillmon,Dream,F,17,2,4,0
2023,2023-08-01,Laeticia Amihere,Dream,F,4,3,1,0
2023,2023-08-01,Iliana Rupert,Dream,C,8,2,1,1
2023,2023-08-01,AD Durr,Dream,G,8,5,1,0
2023,2023-08-01,Aari McDonald,Dream,G,19,0,2,3
2023,2023-08-01,Haley Jones,Dream,G,9,5,1,1
2023,2023-08-01,A'ja Wilson,Aces,F,26,20,11,1
2023,2023-08-01,Kiah Stokes,Aces,C,24,3,9,0
2023,2023-08-01,Chelsea Gray,Aces,G,29,10,2,7
2023,2023-08-01,Kelsey Plum,Aces,G,33,14,1,5
2023,2023-08-01,Jackie Young,Aces,G,28,24,1,1
2023,2023-08-01,Alysha Clark,Aces,F,26,5,4,2
2023,2023-08-01,Cayla George,Aces,F,9,0,3,0
2023,2023-08-01,Sydney Colson,Aces,G,4,2,1,1
2023,2023-08-01,Ashley Joens,Aces,G,4,0,0,0
2023,2023-08-01,Kierstan Bell,Aces,G,18,15,3,0
2023,2023-08-01,Betnijah Laney,Liberty,F,31,9,3,4
2023,2023-08-01,Breanna Stewart,Liberty,F,38,16,12,4
2023,2023-08-01,Jonquel Jones,Liberty,F,29,9,8,1
2023,2023-08-01,Courtney Vandersloot,Liberty,G,31,23,7,6
2023,2023-08-01,Sabrina Ionescu,Liberty,G,34,11,3,3
2023,2023-08-01,Kayla Thornton,Liberty,F,6,3,2,1
2023,2023-08-01,Nyara Sabally,Liberty,F,8,2,2,0
2023,2023-08-01,Han Xu,Liberty,C,0,0,0,0
2023,2023-08-01,Marine Johannes,Liberty,G,14,3,3,1
2023,2023-08-01,Jocelyn Willoughby,Liberty,G,9,0,0,0
2023,2023-08-01,Nneka Ogwumike,Sparks,F,33,20,8,1
2023,2023-08-01,Karlie Samuelson,Sparks,F,33,8,6,2
2023,2023-08-01,Azura Stevens,Sparks,F,22,8,4,3
2023,2023-08-01,Layshia Clarendon,Sparks,G,28,11,3,3
2023,2023-08-01,Jordin Canada,Sparks,G,40,13,3,6
2023,2023-08-01,Dearica Hamby,Sparks,F,25,6,7,1
2023,2023-08-01,Jasmine Thomas,Sparks,G,13,3,2,2
2023,2023-08-01,Destanni Henderson,Sparks,G,0,0,0,0
2023,2023-08-01,Rae Burrell,Sparks,G,6,0,2,0
2023,2023-07-30,Dorka Juhasz,Lynx,F,24,11,6,2
2023,2023-07-30,Diamond Miller,Lynx,F,19,7,0,2
2023,2023-07-30,Nikolina Milic,Lynx,F,22,6,6,1
2023,2023-07-30,Kayla McBride,Lynx,G,33,19,0,3
2023,2023-07-30,Lindsay Allen,Lynx,G,32,16,2,6
2023,2023-07-30,Jessica Shepard,Lynx,F,24,12,14,2
2023,2023-07-30,Bridget Carleton,Lynx,F,10,0,1,2
2023,2023-07-30,Tiffany Mitchell,Lynx,G,13,2,0,2
2023,2023-07-30,Aerial Powers,Lynx,G,23,14,2,3
2023,2023-07-30,DeWanna Bonner,Sun,F,37,31,5,2
2023,2023-07-30,Alyssa Thomas,Sun,F,38,17,14,11
2023,2023-07-30,Tiffany Hayes,Sun,G,19,3,4,2
2023,2023-07-30,Rebecca Allen,Sun,G,26,6,3,2
2023,2023-07-30,Natisha Hiedeman,Sun,G,36,9,0,2
2023,2023-07-30,Olivia Nelson-Ododa,Sun,F,17,6,4,0
2023,2023-07-30,Tyasha Harris,Sun,G,4,0,0,0
2023,2023-07-30,DiJonai Carrington,Sun,G,24,11,4,3
2023,2023-07-30,Tianna Hawkins,Mystics,F,32,17,10,2
2023,2023-07-30,Myisha Hines-Allen,Mystics,F,20,7,7,2
2023,2023-07-30,Natasha Cloud,Mystics,G,31,7,4,4
2023,2023-07-30,Brittney Sykes,Mystics,G,35,25,2,1
2023,2023-07-30,Shatori Walker-Kimbrough,Mystics,G,33,5,3,2
2023,2023-07-30,Cyesha Damian Goree,Mystics,F,9,2,1,0
2023,2023-07-30,Queen Egbo,Mystics,C,19,5,4,1
2023,2023-07-30,Linnae Harper,Mystics,G,3,3,0,0
2023,2023-07-30,Li Meng,Mystics,G,19,2,2,1
2023,2023-07-30,Cheyenne Parker,Dream,F,26,11,3,3
2023,2023-07-30,Nia Coffey,Dream,F,25,16,9,5
2023,2023-07-30,Danielle Robinson,Dream,G,8,0,0,2
2023,2023-07-30,Allisha Gray,Dream,G,37,27,5,4
2023,2023-07-30,Rhyne Howard,Dream,G,30,11,5,0
2023,2023-07-30,Monique Billings,Dream,F,15,2,3,1
2023,2023-07-30,Naz Hillmon,Dream,F,10,2,2,0
2023,2023-07-30,Iliana Rupert,Dream,C,7,0,2,0
2023,2023-07-30,AD Durr,Dream,G,7,2,1,0
2023,2023-07-30,Aari McDonald,Dream,G,24,7,2,5
2023,2023-07-30,Haley Jones,Dream,G,9,2,1,1
2023,2023-07-30,Gabby Williams,Storm,F,33,14,2,4
2023,2023-07-30,Dulcy Fankam Mendjiadeu,Storm,F,12,0,1,0
2023,2023-07-30,Ezi Magbegor,Storm,C,29,6,3,1
2023,2023-07-30,Sami Whitcomb,Storm,G,23,9,4,6
2023,2023-07-30,Jewell Loyd,Storm,G,34,26,4,8
2023,2023-07-30,Joyner Holmes,Storm,F,3,3,0,0
2023,2023-07-30,Mercedes Russell,Storm,C,18,6,4,0
2023,2023-07-30,Yvonne Turner,Storm,G,2,0,0,1
2023,2023-07-30,Kia Nurse,Storm,G,14,3,3,0
2023,2023-07-30,Jordan Horston,Storm,G,26,15,6,2
2023,2023-07-30,Jade Melbourne,Storm,G,2,3,1,0
2023,2023-07-30,Ivana Dojkic,Storm,G,2,0,0,1
2023,2023-07-30,Aliyah Boston,Fever,F,32,14,7,0
2023,2023-07-30,Erica Wheeler,Fever,G,23,9,1,5
2023,2023-07-30,Kelsey Mitchell,Fever,G,35,19,1,5
2023,2023-07-30,Victoria Vivians,Fever,G,20,7,6,0
2023,2023-07-30,Lexie Hull,Fever,G,34,0,2,4
2023,2023-07-30,Emma Cannon,Fever,F,13,4,5,1
2023,2023-07-30,Victaria Saxton,Fever,F,10,5,1,0
2023,2023-07-30,Amanda Zahui B.,Fever,C,5,2,2,0
2023,2023-07-30,Kristy Wallace,Fever,G,13,2,2,2
2023,2023-07-30,Maya Caldwell,Fever,G,3,0,0,0
2023,2023-07-30,Grace Berger,Fever,G,13,0,0,0
2023,2023-07-30,Brianna Turner,Mercury,F,25,4,6,1
2023,2023-07-30,Megan Gustafson,Mercury,C,27,17,8,1
2023,2023-07-30,Diana Taurasi,Mercury,G,26,24,6,4
2023,2023-07-30,Moriah Jefferson,Mercury,G,25,9,1,7
2023,2023-07-30,Sophie Cunningham,Mercury,G,34,8,1,3
2023,2023-07-30,Michaela Onyenwere,Mercury,F,27,18,5,5
2023,2023-07-30,Liz Dixon,Mercury,F,3,0,1,0
2023,2023-07-30,Kadi Sissoko,Mercury,F,5,0,0,0
2023,2023-07-30,Shey Peddy,Mercury,G,11,0,1,2
2023,2023-07-30,Sug Sutton,Mercury,G,16,5,0,1
2023,2023-07-30,Alanna Smith,Sky,F,27,10,4,1
2023,2023-07-30,Elizabeth Williams,Sky,C,26,5,5,2
2023,2023-07-30,Courtney Williams,Sky,G,28,19,4,9
2023,2023-07-30,Kahleah Copper,Sky,G,28,24,1,2
2023,2023-07-30,Marina Mabrey,Sky,G,29,23,5,6
2023,2023-07-30,Robyn Parks,Sky,F,19,14,3,3
2023,2023-07-30,Morgan Bertsch,Sky,F,9,0,2,0
2023,2023-07-30,Ruthy Hebard,Sky,F,14,6,2,2
2023,2023-07-30,Taylor Soule,Sky,F,2,0,0,0
2023,2023-07-30,Dana Evans,Sky,G,18,3,1,2
2023,2023-07-30,Betnijah Laney,Liberty,F,29,7,4,5
2023,2023-07-30,Breanna Stewart,Liberty,F,33,25,9,2
2023,2023-07-30,Jonquel Jones,Liberty,F,29,13,13,3
2023,2023-07-30,Courtney Vandersloot,Liberty,G,27,8,6,9
2023,2023-07-30,Sabrina Ionescu,Liberty,G,30,14,6,5
2023,2023-07-30,Kayla Thornton,Liberty,F,15,2,2,0
2023,2023-07-30,Nyara Sabally,Liberty,F,3,0,0,0
2023,2023-07-30,Marine Johannes,Liberty,G,24,15,1,0
2023,2023-07-30,Jocelyn Willoughby,Liberty,G,11,3,1,2
2023,2023-07-30,Nneka Ogwumike,Sparks,F,26,10,5,3
2023,2023-07-30,Azura Stevens,Sparks,F,28,13,3,3
2023,2023-07-30,Layshia Clarendon,Sparks,G,23,7,1,2
2023,2023-07-30,Jordin Canada,Sparks,G,31,17,1,4
2023,2023-07-30,Zia Cooke,Sparks,G,7,0,0,0
2023,2023-07-30,Dearica Hamby,Sparks,F,26,21,6,0
2023,2023-07-30,Karlie Samuelson,Sparks,F,26,5,4,3
2023,2023-07-30,Jasmine Thomas,Sparks,G,21,4,3,2
2023,2023-07-30,Rae Burrell,Sparks,G,13,2,2,0
2023,2023-07-30,Natasha Howard,Wings,F,37,13,11,2
2023,2023-07-30,Satou Sabally,Wings,F,37,19,6,3
2023,2023-07-30,Teaira McCowan,Wings,C,32,25,14,2
2023,2023-07-30,Arike Ogunbowale,Wings,G,40,14,5,5
2023,2023-07-30,Crystal Dangerfield,Wings,G,30,9,1,3
2023,2023-07-30,Maddy Siegrist,Wings,F,0,0,0,0
2023,2023-07-30,Awak Kuier,Wings,F,6,1,1,0
2023,2023-07-30,Kalani Brown,Wings,C,9,10,3,0
2023,2023-07-30,Odyssey Sims,Wings,G,4,0,0,2
2023,2023-07-30,Veronica Burton,Wings,G,5,0,0,1
2023,2023-07-30,A'ja Wilson,Aces,F,36,22,7,1
2023,2023-07-30,Kiah Stokes,Aces,C,17,4,4,0
2023,2023-07-30,Chelsea Gray,Aces,G,36,27,5,8
2023,2023-07-30,Kelsey Plum,Aces,G,36,28,6,3
2023,2023-07-30,Jackie Young,Aces,G,34,9,3,5
2023,2023-07-30,Alysha Clark,Aces,F,23,12,4,0
2023,2023-07-30,Cayla George,Aces,F,6,0,1,0
2023,2023-07-30,Kierstan Bell,Aces,G,11,2,0,0
2023,2023-07-28,Gabby Williams,Storm,F,33,17,6,4
2023,2023-07-28,Dulcy Fankam Mendjiadeu,Storm,F,15,4,6,1
2023,2023-07-28,Ezi Magbegor,Storm,C,32,17,9,5
2023,2023-07-28,Sami Whitcomb,Storm,G,35,12,10,2
2023,2023-07-28,Jewell Loyd,Storm,G,36,15,6,6
2023,2023-07-28,Joyner Holmes,Storm,F,2,0,0,0
2023,2023-07-28,Mercedes Russell,Storm,C,16,8,5,0
2023,2023-07-28,Kia Nurse,Storm,G,12,2,1,0
2023,2023-07-28,Jordan Horston,Storm,G,15,8,2,2
2023,2023-07-28,Ivana Dojkic,Storm,G,4,0,1,2
2023,2023-07-28,Alanna Smith,Sky,F,33,10,3,2
2023,2023-07-28,Elizabeth Williams,Sky,C,30,8,6,3
2023,2023-07-28,Courtney Williams,Sky,G,32,10,3,5
2023,2023-07-28,Kahleah Copper,Sky,G,34,17,8,2
2023,2023-07-28,Marina Mabrey,Sky,G,24,5,2,2
2023,2023-07-28,Robyn Parks,Sky,F,13,3,1,1
2023,2023-07-28,Ruthy Hebard,Sky,F,10,9,3,0
2023,2023-07-28,Dana Evans,Sky,G,25,12,0,3
2023,2023-07-28,Tianna Hawkins,Mystics,F,26,6,4,2
2023,2023-07-28,Myisha Hines-Allen,Mystics,F,22,3,3,2
2023,2023-07-28,Natasha Cloud,Mystics,G,30,11,4,3
2023,2023-07-28,Brittney Sykes,Mystics,G,29,12,5,4
2023,2023-07-28,Shatori Walker-Kimbrough,Mystics,G,35,14,1,3
2023,2023-07-28,Cyesha Damian Goree,Mystics,F,23,8,1,1
2023,2023-07-28,Queen Egbo,Mystics,C,0,0,0,0
2023,2023-07-28,Linnae Harper,Mystics,G,5,0,1,3
2023,2023-07-28,Abby Meyers,Mystics,G,5,2,0,0
2023,2023-07-28,Li Meng,Mystics,G,24,6,2,1
2023,2023-07-28,Natasha Howard,Wings,F,28,14,9,3
2023,2023-07-28,Satou Sabally,Wings,F,33,14,11,10
2023,2023-07-28,Teaira McCowan,Wings,C,25,18,7,4
2023,2023-07-28,Arike Ogunbowale,Wings,G,35,18,4,4
2023,2023-07-28,Crystal Dangerfield,Wings,G,19,2,3,2
2023,2023-07-28,Maddy Siegrist,Wings,F,11,10,1,0
2023,2023-07-28,Awak Kuier,Wings,F,14,12,4,3
2023,2023-07-28,Kalani Brown,Wings,C,12,2,4,0
2023,2023-07-28,Odyssey Sims,Wings,G,14,0,4,1
2023,2023-07-28,Veronica Burton,Wings,G,10,0,1,2
2023,2023-07-28,Dorka Juhasz,Lynx,F,30,13,10,1
2023,2023-07-28,Diamond Miller,Lynx,F,34,22,5,2
2023,2023-07-28,Nikolina Milic,Lynx,F,15,6,4,2
2023,2023-07-28,Kayla McBride,Lynx,G,35,26,5,4
2023,2023-07-28,Lindsay Allen,Lynx,G,29,7,4,4
2023,2023-07-28,Jessica Shepard,Lynx,F,18,5,6,4
2023,2023-07-28,Bridget Carleton,Lynx,F,10,0,0,1
2023,2023-07-28,Emily Engstler,Lynx,F,14,4,5,0
2023,2023-07-28,Tiffany Mitchell,Lynx,G,16,5,1,2
2023,2023-07-28,Betnijah Laney,Liberty,F,36,11,3,2
2023,2023-07-28,Breanna Stewart,Liberty,F,35,23,6,5
2023,2023-07-28,Jonquel Jones,Liberty,F,28,9,11,2
2023,2023-07-28,Marine Johannes,Liberty,G,20,4,0,1
2023,2023-07-28,Sabrina Ionescu,Liberty,G,36,31,7,7
2023,2023-07-28,Kayla Thornton,Liberty,F,24,5,7,2
2023,2023-07-28,Nyara Sabally,Liberty,F,10,0,2,1
2023,2023-07-28,Epiphanny Prince,Liberty,G,3,0,0,0
2023,2023-07-28,Jocelyn Willoughby,Liberty,G,7,0,1,0
2023,2023-07-27,Aliyah Boston,Fever,F,33,12,6,0
2023,2023-07-27,Erica Wheeler,Fever,G,29,17,8,7
2023,2023-07-27,Kelsey Mitchell,Fever,G,32,7,0,2
2023,2023-07-27,Victoria Vivians,Fever,G,28,5,7,3
2023,2023-07-27,Lexie Hull,Fever,G,17,3,1,1
2023,2023-07-27,Emma Cannon,Fever,F,12,0,4,1
2023,2023-07-27,Amanda Zahui B.,Fever,C,7,0,0,0
2023,2023-07-27,Kristy Wallace,Fever,G,22,13,3,2
2023,2023-07-27,Grace Berger,Fever,G,20,11,1,3
2023,2023-07-27,Nneka Ogwumike,Sparks,F,30,25,9,0
2023,2023-07-27,Azura Stevens,Sparks,F,25,5,2,2
2023,2023-07-27,Layshia Clarendon,Sparks,G,24,9,4,2
2023,2023-07-27,Jordin Canada,Sparks,G,34,21,4,7
2023,2023-07-27,Zia Cooke,Sparks,G,17,5,0,0
2023,2023-07-27,Dearica Hamby,Sparks,F,24,6,7,1
2023,2023-07-27,Karlie Samuelson,Sparks,F,20,2,2,3
2023,2023-07-27,Jasmine Thomas,Sparks,G,24,8,2,2
2023,2023-07-27,Rae Burrell,Sparks,G,3,0,0,0
2023,2023-07-27,Cheyenne Parker,Dream,F,24,10,4,2
2023,2023-07-27,Nia Coffey,Dream,F,14,0,2,1
2023,2023-07-27,Danielle Robinson,Dream,G,14,5,2,1
2023,2023-07-27,Allisha Gray,Dream,G,39,25,8,6
2023,2023-07-27,Rhyne Howard,Dream,G,35,10,5,2
2023,2023-07-27,Monique Billings,Dream,F,22,6,4,1
2023,2023-07-27,Naz Hillmon,Dream,F,2,1,0,0
2023,2023-07-27,Laeticia Amihere,Dream,F,4,2,0,0
2023,2023-07-27,Iliana Rupert,Dream,C,15,5,3,0
2023,2023-07-27,AD Durr,Dream,G,3,2,1,0
2023,2023-07-27,Aari McDonald,Dream,G,28,18,3,5
2023,2023-07-27,Haley Jones,Dream,G,2,0,0,0
2023,2023-07-27,Betnijah Laney,Liberty,F,29,14,1,2
2023,2023-07-27,Breanna Stewart,Liberty,F,32,33,12,5
2023,2023-07-27,Jonquel Jones,Liberty,F,24,19,13,1
2023,2023-07-27,Courtney Vandersloot,Liberty,G,20,6,0,3
2023,2023-07-27,Sabrina Ionescu,Liberty,G,33,12,4,9
2023,2023-07-27,Kayla Thornton,Liberty,F,23,6,8,0
2023,2023-07-27,Nyara Sabally,Liberty,F,6,2,1,0
2023,2023-07-27,Epiphanny Prince,Liberty,G,3,0,0,0
2023,2023-07-27,Marine Johannes,Liberty,G,18,3,0,2
2023,2023-07-27,Jocelyn Willoughby,Liberty,G,12,0,0,1
2023,2023-07-26,Tianna Hawkins,Mystics,F,20,7,4,2
2023,2023-07-26,Myisha Hines-Allen,Mystics,F,23,12,7,2
2023,2023-07-26,Natasha Cloud,Mystics,G,36,24,0,6
2023,2023-07-26,Brittney Sykes,Mystics,G,33,17,2,4
2023,2023-07-26,Shatori Walker-Kimbrough,Mystics,G,34,6,6,4
2023,2023-07-26,Cyesha Damian Goree,Mystics,F,13,9,1,0
2023,2023-07-26,Queen Egbo,Mystics,C,16,9,7,0
2023,2023-07-26,Linnae Harper,Mystics,G,2,0,1,0
2023,2023-07-26,Abby Meyers,Mystics,G,2,0,0,0
2023,2023-07-26,Li Meng,Mystics,G,20,8,1,0
2023,2023-07-26,Napheesa Collier,Lynx,F,35,24,11,3
2023,2023-07-26,Dorka Juhasz,Lynx,F,25,7,9,2
2023,2023-07-26,Diamond Miller,Lynx,F,34,21,3,9
2023,2023-07-26,Kayla McBride,Lynx,G,33,15,3,2
2023,2023-07-26,Lindsay Allen,Lynx,G,25,5,1,4
2023,2023-07-26,Jessica Shepard,Lynx,F,13,8,3,0
2023,2023-07-26,Bridget Carleton,Lynx,F,13,3,0,0
2023,2023-07-26,Nikolina Milic,Lynx,F,7,8,3,1
2023,2023-07-26,Tiffany Mitchell,Lynx,G,15,6,0,0
2023,2023-07-25,Brianna Turner,Mercury,F,19,2,4,0
2023,2023-07-25,Michaela Onyenwere,Mercury,F,26,9,4,2
2023,2023-07-25,Brittney Griner,Mercury,C,25,16,7,0
2023,2023-07-25,Moriah Jefferson,Mercury,G,26,2,0,3
2023,2023-07-25,Sophie Cunningham,Mercury,G,23,11,2,0
2023,2023-07-25,Liz Dixon,Mercury,F,3,1,1,0
2023,2023-07-25,Kadi Sissoko,Mercury,F,13,0,2,0
2023,2023-07-25,Megan Gustafson,Mercury,C,22,19,8,1
2023,2023-07-25,Shey Peddy,Mercury,G,21,1,3,2
2023,2023-07-25,Sug Sutton,Mercury,G,22,4,2,3
2023,2023-07-25,Cheyenne Parker,Dream,F,18,4,5,3
2023,2023-07-25,Nia Coffey,Dream,F,16,7,3,3
2023,2023-07-25,Danielle Robinson,Dream,G,22,3,1,4
2023,2023-07-25,Allisha Gray,Dream,G,25,12,5,3
2023,2023-07-25,Rhyne Howard,Dream,G,21,10,3,0
2023,2023-07-25,Monique Billings,Dream,F,10,8,3,0
2023,2023-07-25,Naz Hillmon,Dream,F,9,0,1,1
2023,2023-07-25,Laeticia Amihere,Dream,F,9,0,1,0
2023,2023-07-25,Iliana Rupert,Dream,C,18,6,7,3
2023,2023-07-25,AD Durr,Dream,G,16,12,0,0
2023,2023-07-25,Aari McDonald,Dream,G,18,11,3,0
2023,2023-07-25,Haley Jones,Dream,G,19,5,3,5
2023,2023-07-25,Gabby Williams,Storm,F,35,5,5,4
2023,2023-07-25,Dulcy Fankam Mendjiadeu,Storm,F,15,6,4,0
2023,2023-07-25,Ezi Magbegor,Storm,C,39,22,12,5
2023,2023-07-25,Sami Whitcomb,Storm,G,38,11,5,6
2023,2023-07-25,Jewell Loyd,Storm,G,37,32,4,5
2023,2023-07-25,Joyner Holmes,Storm,F,4,0,1,0
2023,2023-07-25,Mercedes Russell,Storm,C,22,6,2,1
2023,2023-07-25,Kia Nurse,Storm,G,9,0,2,1
2023,2023-07-25,Betnijah Laney,Liberty,F,34,19,3,3
2023,2023-07-25,Breanna Stewart,Liberty,F,37,22,7,1
2023,2023-07-25,Jonquel Jones,Liberty,F,30,13,17,2
2023,2023-07-25,Courtney Vandersloot,Liberty,G,23,10,4,6
2023,2023-07-25,Sabrina Ionescu,Liberty,G,32,12,12,12
2023,2023-07-25,Kayla Thornton,Liberty,F,12,0,1,1
2023,2023-07-25,Nyara Sabally,Liberty,F,7,0,2,0
2023,2023-07-25,Marine Johannes,Liberty,G,21,10,1,1
2023,2023-07-25,Jocelyn Willoughby,Liberty,G,4,0,0,0
2023,2023-07-25,A'ja Wilson,Aces,F,30,24,4,4
2023,2023-07-25,Kiah Stokes,Aces,C,31,6,17,2
2023,2023-07-25,Chelsea Gray,Aces,G,35,22,6,9
2023,2023-07-25,Kelsey Plum,Aces,G,35,27,2,6
2023,2023-07-25,Jackie Young,Aces,G,38,15,3,2
2023,2023-07-25,Alysha Clark,Aces,F,17,8,3,1
2023,2023-07-25,Kierstan Bell,Aces,G,14,5,0,0
2023,2023-07-25,Alanna Smith,Sky,F,22,7,8,2
2023,2023-07-25,Elizabeth Williams,Sky,C,35,12,4,2
2023,2023-07-25,Courtney Williams,Sky,G,31,11,4,11
2023,2023-07-25,Kahleah Copper,Sky,G,34,37,6,2
2023,2023-07-25,Marina Mabrey,Sky,G,30,11,5,6
2023,2023-07-25,Robyn Parks,Sky,F,21,8,6,0
2023,2023-07-25,Morgan Bertsch,Sky,F,8,0,0,0
2023,2023-07-25,Dana Evans,Sky,G,18,9,1,0
2023,2023-07-25,DeWanna Bonner,Sun,F,39,32,8,4
2023,2023-07-25,Alyssa Thomas,Sun,F,40,8,10,7
2023,2023-07-25,Tiffany Hayes,Sun,G,35,28,4,5
2023,2023-07-25,Rebecca Allen,Sun,G,22,7,4,0
2023,2023-07-25,Natisha Hiedeman,Sun,G,37,9,3,2
2023,2023-07-25,Olivia Nelson-Ododa,Sun,F,22,4,2,1
2023,2023-07-25,Tyasha Harris,Sun,G,3,0,0,0
2023,2023-07-25,DiJonai Carrington,Sun,G,3,0,0,0
2023,2023-07-25,Natasha Howard,Wings,F,31,9,5,3
2023,2023-07-25,Satou Sabally,Wings,F,32,16,13,3
2023,2023-07-25,Teaira McCowan,Wings,C,35,21,15,0
2023,2023-07-25,Arike Ogunbowale,Wings,G,40,25,2,3
2023,2023-07-25,Crystal Dangerfield,Wings,G,20,3,1,2
2023,2023-07-25,Awak Kuier,Wings,F,16,0,5,0
2023,2023-07-25,Kalani Brown,Wings,C,5,0,1,0
2023,2023-07-25,Odyssey Sims,Wings,G,5,2,0,1
2023,2023-07-25,Veronica Burton,Wings,G,15,7,2,3
2023,2023-07-25,Aliyah Boston,Fever,F,26,9,4,2
2023,2023-07-25,Erica Wheeler,Fever,G,33,15,5,8
2023,2023-07-25,Kelsey Mitchell,Fever,G,35,19,2,4
2023,2023-07-25,Victoria Vivians,Fever,G,28,17,6,3
2023,2023-07-25,Lexie Hull,Fever,G,25,8,2,2
2023,2023-07-25,Emma Cannon,Fever,F,12,7,5,0
2023,2023-07-25,Amanda Zahui B.,Fever,C,14,1,6,0
2023,2023-07-25,Kristy Wallace,Fever,G,16,2,3,1
2023,2023-07-25,Grace Berger,Fever,G,11,0,2,0
2023,2023-07-25,Nneka Ogwumike,Sparks,F,37,30,8,3
2023,2023-07-25,Azura Stevens,Sparks,F,30,15,6,0
2023,2023-07-25,Layshia Clarendon,Sparks,G,35,6,0,2
2023,2023-07-25,Lexie Brown,Sparks,G,24,2,0,0
2023,2023-07-25,Jordin Canada,Sparks,G,36,20,4,10
2023,2023-07-25,Dearica Hamby,Sparks,F,13,4,3,1
2023,2023-07-25,Jasmine Thomas,Sparks,G,4,0,0,1
2023,2023-07-25,Rae Burrell,Sparks,G,5,0,1,0
2023,2023-07-25,Zia Cooke,Sparks,G,16,2,3,0
2023,2023-07-23,Brianna Turner,Mercury,F,24,4,6,2
2023,2023-07-23,Michaela Onyenwere,Mercury,F,22,4,2,1
2023,2023-07-23,Brittney Griner,Mercury,C,29,12,5,5
2023,2023-07-23,Moriah Jefferson,Mercury,G,26,11,3,3
2023,2023-07-23,Sophie Cunningham,Mercury,G,31,17,6,1
2023,2023-07-23,Liz Dixon,Mercury,F,1,0,0,0
2023,2023-07-23,Kadi Sissoko,Mercury,F,6,0,0,0
2023,2023-07-23,Megan Gustafson,Mercury,C,19,12,3,2
2023,2023-07-23,Shey Peddy,Mercury,G,18,1,1,0
2023,2023-07-23,Sug Sutton,Mercury,G,24,8,4,6
2023,2023-07-23,Tianna Hawkins,Mystics,F,29,7,7,1
2023,2023-07-23,Myisha Hines-Allen,Mystics,F,17,3,6,4
2023,2023-07-23,Natasha Cloud,Mystics,G,32,23,4,9
2023,2023-07-23,Brittney Sykes,Mystics,G,32,23,5,2
2023,2023-07-23,Shatori Walker-Kimbrough,Mystics,G,34,13,1,1
2023,2023-07-23,Cyesha Damian Goree,Mystics,F,11,0,4,0
2023,2023-07-23,Queen Egbo,Mystics,C,23,6,7,0
2023,2023-07-23,Linnae Harper,Mystics,G,1,0,0,0
2023,2023-07-23,Abby Meyers,Mystics,G,1,2,0,0
2023,2023-07-23,Li Meng,Mystics,G,18,7,1,1
2023,2023-07-23,Aliyah Boston,Fever,F,22,6,1,3
2023,2023-07-23,Erica Wheeler,Fever,G,21,15,1,2
2023,2023-07-23,Kelsey Mitchell,Fever,G,30,13,1,4
2023,2023-07-23,Victoria Vivians,Fever,G,29,16,5,3
2023,2023-07-23,Lexie Hull,Fever,G,25,7,1,0
2023,2023-07-23,Emma Cannon,Fever,F,13,7,2,0
2023,2023-07-23,Victaria Saxton,Fever,F,3,0,1,0
2023,2023-07-23,Amanda Zahui B.,Fever,C,15,5,2,1
2023,2023-07-23,Kristy Wallace,Fever,G,9,3,2,0
2023,2023-07-23,Maya Caldwell,Fever,G,14,2,5,1
2023,2023-07-23,Grace Berger,Fever,G,19,9,4,5
2023,2023-07-23,Betnijah Laney,Liberty,F,30,22,4,0
2023,2023-07-23,Breanna Stewart,Liberty,F,26,11,4,3
2023,2023-07-23,Jonquel Jones,Liberty,F,26,18,11,2
2023,2023-07-23,Courtney Vandersloot,Liberty,G,25,9,3,10
2023,2023-07-23,Sabrina Ionescu,Liberty,G,30,12,4,6
2023,2023-07-23,Kayla Thornton,Liberty,F,17,10,2,0
2023,2023-07-23,Nyara Sabally,Liberty,F,14,4,3,1
2023,2023-07-23,Epiphanny Prince,Liberty,G,4,0,0,2
2023,2023-07-23,Marine Johannes,Liberty,G,20,12,2,4
2023,2023-07-23,Jocelyn Willoughby,Liberty,G,6,3,2,1
2023,2023-07-22,DeWanna Bonner,Sun,F,32,20,9,3
2023,2023-07-22,Alyssa Thomas,Sun,F,30,15,11,8
2023,2023-07-22,Tiffany Hayes,Sun,G,32,10,3,3
2023,2023-07-22,Rebecca Allen,Sun,G,30,11,1,0
2023,2023-07-22,Natisha Hiedeman,Sun,G,25,15,2,3
2023,2023-07-22,Kristine Anigwe,Sun,F,3,0,0,0
2023,2023-07-22,Olivia Nelson-Ododa,Sun,F,19,6,7,1
2023,2023-07-22,Tyasha Harris,Sun,G,16,2,1,1
2023,2023-07-22,DiJonai Carrington,Sun,G,14,7,5,3
2023,2023-07-22,Leigha Brown,Sun,G,1,0,0,0
2023,2023-07-22,Cheyenne Parker,Dream,F,28,17,8,1
2023,2023-07-22,Nia Coffey,Dream,F,28,4,5,0
2023,2023-07-22,Danielle Robinson,Dream,G,13,0,2,0
2023,2023-07-22,Allisha Gray,Dream,G,34,17,7,2
2023,2023-07-22,Rhyne Howard,Dream,G,35,22,6,2
2023,2023-07-22,Monique Billings,Dream,F,5,2,2,0
2023,2023-07-22,Naz Hillmon,Dream,F,4,2,1,0
2023,2023-07-22,Iliana Rupert,Dream,C,15,0,3,2
2023,2023-07-22,AD Durr,Dream,G,11,0,3,0
2023,2023-07-22,Aari McDonald,Dream,G,27,14,1,0
2023,2023-07-22,Haley Jones,Dream,G,1,0,0,0
2023,2023-07-22,A'ja Wilson,Aces,F,34,35,14,2
2023,2023-07-22,Kiah Stokes,Aces,C,15,2,3,0
2023,2023-07-22,Chelsea Gray,Aces,G,34,11,5,11
2023,2023-07-22,Kelsey Plum,Aces,G,32,16,1,3
2023,2023-07-22,Jackie Young,Aces,G,32,19,5,5
2023,2023-07-22,Alysha Clark,Aces,F,21,11,2,0
2023,2023-07-22,Cayla George,Aces,F,10,2,3,2
2023,2023-07-22,Sydney Colson,Aces,G,3,0,0,1
2023,2023-07-22,Ashley Joens,Aces,G,3,0,0,0
2023,2023-07-22,Kierstan Bell,Aces,G,16,2,1,1
2023,2023-07-22,Napheesa Collier,Lynx,F,35,16,8,3
2023,2023-07-22,Dorka Juhasz,Lynx,F,26,8,8,3
2023,2023-07-22,Diamond Miller,Lynx,F,31,17,5,3
2023,2023-07-22,Kayla McBride,Lynx,G,23,10,3,1
2023,2023-07-22,Lindsay Allen,Lynx,G,26,4,2,4
2023,2023-07-22,Bridget Carleton,Lynx,F,16,3,3,1
2023,2023-07-22,Nikolina Milic,Lynx,F,16,8,3,1
2023,2023-07-22,Tiffany Mitchell,Lynx,G,19,8,0,1
2023,2023-07-22,Aerial Powers,Lynx,G,8,7,4,0
2023,2023-07-22,Nneka Ogwumike,Sparks,F,29,16,5,3
2023,2023-07-22,Azura Stevens,Sparks,F,22,12,4,0
2023,2023-07-22,Layshia Clarendon,Sparks,G,32,6,3,5
2023,2023-07-22,Lexie Brown,Sparks,G,33,14,4,2
2023,2023-07-22,Jordin Canada,Sparks,G,33,16,5,7
2023,2023-07-22,Dearica Hamby,Sparks,F,29,18,2,1
2023,2023-07-22,Jasmine Thomas,Sparks,G,5,0,0,0
2023,2023-07-22,Rae Burrell,Sparks,G,10,0,0,1
2023,2023-07-22,Zia Cooke,Sparks,G,7,2,1,1
2023,2023-07-22,Natasha Howard,Wings,F,37,28,11,2
2023,2023-07-22,Satou Sabally,Wings,F,38,26,11,6
2023,2023-07-22,Teaira McCowan,Wings,C,26,7,4,1
2023,2023-07-22,Arike Ogunbowale,Wings,G,37,25,3,5
2023,2023-07-22,Crystal Dangerfield,Wings,G,27,4,2,6
2023,2023-07-22,Maddy Siegrist,Wings,F,3,0,0,0
2023,2023-07-22,Awak Kuier,Wings,F,10,0,4,0
2023,2023-07-22,Kalani Brown,Wings,C,7,6,0,0
2023,2023-07-22,Odyssey Sims,Wings,G,13,2,3,6
2023,2023-07-22,Veronica Burton,Wings,G,1,0,0,0
2023,2023-07-22,Alanna Smith,Sky,F,31,9,17,2
2023,2023-07-22,Elizabeth Williams,Sky,C,20,4,8,0
2023,2023-07-22,Courtney Williams,Sky,G,28,4,8,3
2023,2023-07-22,Kahleah Copper,Sky,G,28,29,1,1
2023,2023-07-22,Marina Mabrey,Sky,G,29,22,5,6
2023,2023-07-22,Robyn Parks,Sky,F,12,5,1,1
2023,2023-07-22,Morgan Bertsch,Sky,F,13,4,1,1
2023,2023-07-22,Ruthy Hebard,Sky,F,14,7,1,1
2023,2023-07-22,Taylor Soule,Sky,F,2,0,0,0
2023,2023-07-22,Sika Kone,Sky,F,1,0,1,0
2023,2023-07-22,Dana Evans,Sky,G,20,6,1,2
2023,2023-07-22,Gabby Williams,Storm,F,25,6,3,3
2023,2023-07-22,Dulcy Fankam Mendjiadeu,Storm,F,9,0,3,0
2023,2023-07-22,Ezi Magbegor,Storm,C,29,14,3,2
2023,2023-07-22,Jewell Loyd,Storm,G,36,12,4,2
2023,2023-07-22,Ivana Dojkic,Storm,G,8,2,0,1
2023,2023-07-22,Joyner Holmes,Storm,F,10,2,4,2
2023,2023-07-22,Mercedes Russell,Storm,C,16,7,1,0
2023,2023-07-22,Sami Whitcomb,Storm,G,21,11,1,1
2023,2023-07-22,Kia Nurse,Storm,G,11,4,2,0
2023,2023-07-22,Jordan Horston,Storm,G,17,12,1,1
2023,2023-07-22,Jade Melbourne,Storm,G,18,5,2,1
2023,2023-07-21,Betnijah Laney,Liberty,F,30,10,3,3
2023,2023-07-21,Breanna Stewart,Liberty,F,36,24,10,0
2023,2023-07-21,Jonquel Jones,Liberty,F,32,27,11,3
2023,2023-07-21,Courtney Vandersloot,Liberty,G,29,12,4,3
2023,2023-07-21,Sabrina Ionescu,Liberty,G,33,16,11,9
2023,2023-07-21,Kayla Thornton,Liberty,F,12,2,3,2
2023,2023-07-21,Nyara Sabally,Liberty,F,0,0,0,0
2023,2023-07-21,Epiphanny Prince,Liberty,G,0,0,0,0
2023,2023-07-21,Marine Johannes,Liberty,G,17,5,6,2
2023,2023-07-21,Jocelyn Willoughby,Liberty,G,10,0,0,0
2023,2023-07-21,Tianna Hawkins,Mystics,F,33,14,4,3
2023,2023-07-21,Myisha Hines-Allen,Mystics,F,15,6,4,3
2023,2023-07-21,Natasha Cloud,Mystics,G,38,17,4,5
2023,2023-07-21,Brittney Sykes,Mystics,G,34,29,10,3
2023,2023-07-21,Shatori Walker-Kimbrough,Mystics,G,35,15,2,2
2023,2023-07-21,Cyesha Damian Goree,Mystics,F,6,1,0,0
2023,2023-07-21,Queen Egbo,Mystics,C,15,2,2,1
2023,2023-07-21,Linnae Harper,Mystics,G,5,0,0,0
2023,2023-07-21,Abby Meyers,Mystics,G,0,0,0,0
2023,2023-07-21,Li Meng,Mystics,G,18,3,2,2
2023,2023-07-20,Nia Coffey,Dream,F,34,13,13,0
2023,2023-07-20,Monique Billings,Dream,F,15,3,6,1
2023,2023-07-20,Danielle Robinson,Dream,G,20,2,0,1
2023,2023-07-20,Allisha Gray,Dream,G,35,18,6,7
2023,2023-07-20,Rhyne Howard,Dream,G,38,22,2,3
2023,2023-07-20,Cheyenne Parker,Dream,F,17,4,5,2
2023,2023-07-20,Naz Hillmon,Dream,F,6,1,1,0
2023,2023-07-20,Iliana Rupert,Dream,C,7,1,2,0
2023,2023-07-20,AD Durr,Dream,G,5,0,0,0
2023,2023-07-20,Aari McDonald,Dream,G,16,7,2,1
2023,2023-07-20,Haley Jones,Dream,G,6,0,2,0
2023,2023-07-20,DeWanna Bonner,Sun,F,36,13,6,6
2023,2023-07-20,Alyssa Thomas,Sun,F,38,12,10,7
2023,2023-07-20,Tiffany Hayes,Sun,G,21,8,3,2
2023,2023-07-20,Rebecca Allen,Sun,G,36,13,3,0
2023,2023-07-20,Natisha Hiedeman,Sun,G,32,24,3,3
2023,2023-07-20,Kristine Anigwe,Sun,F,2,0,1,0
2023,2023-07-20,Olivia Nelson-Ododa,Sun,F,7,0,2,0
2023,2023-07-20,Tyasha Harris,Sun,G,8,3,1,2
2023,2023-07-20,DiJonai Carrington,Sun,G,19,9,4,0
2023,2023-07-20,Leigha Brown,Sun,G,2,0,0,0
2023,2023-07-20,Nneka Ogwumike,Sparks,F,29,19,9,2
2023,2023-07-20,Karlie Samuelson,Sparks,F,28,3,4,2
2023,2023-07-20,Azura Stevens,Sparks,F,18,2,5,0
2023,2023-07-20,Layshia Clarendon,Sparks,G,23,11,4,3
2023,2023-07-20,Jordin Canada,Sparks,G,35,12,7,8
2023,2023-07-20,Dearica Hamby,Sparks,F,27,5,3,0
2023,2023-07-20,Jasmine Thomas,Sparks,G,5,0,2,0
2023,2023-07-20,Lexie Brown,Sparks,G,20,13,3,1
2023,2023-07-20,Rae Burrell,Sparks,G,12,5,2,1
2023,2023-07-20,Zia Cooke,Sparks,G,4,0,0,0
2023,2023-07-20,Napheesa Collier,Lynx,F,30,22,8,0
2023,2023-07-20,Dorka Juhasz,Lynx,F,33,16,10,3
2023,2023-07-20,Diamond Miller,Lynx,F,35,13,7,9
2023,2023-07-20,Kayla McBride,Lynx,G,29,0,5,3
2023,2023-07-20,Lindsay Allen,Lynx,G,32,6,3,3
2023,2023-07-20,Bridget Carleton,Lynx,F,11,3,0,0
2023,2023-07-20,Nikolina Milic,Lynx,F,15,9,0,1
2023,2023-07-20,Tiffany Mitchell,Lynx,G,11,4,2,0
2023,2023-07-20,Aerial Powers,Lynx,G,4,0,1,0
2023,2023-07-20,Alanna Smith,Sky,F,29,6,7,0
2023,2023-07-20,Elizabeth Williams,Sky,C,30,7,8,5
2023,2023-07-20,Courtney Williams,Sky,G,29,9,6,3
2023,2023-07-20,Kahleah Copper,Sky,G,32,17,3,2
2023,2023-07-20,Marina Mabrey,Sky,G,22,4,2,2
2023,2023-07-20,Robyn Parks,Sky,F,14,4,0,0
2023,2023-07-20,Morgan Bertsch,Sky,F,11,2,0,1
2023,2023-07-20,Ruthy Hebard,Sky,F,10,5,6,0
2023,2023-07-20,Taylor Soule,Sky,F,1,0,1,0
2023,2023-07-20,Dana Evans,Sky,G,22,8,4,2
2023,2023-07-20,Brianna Turner,Mercury,F,27,6,6,2
2023,2023-07-20,Michaela Onyenwere,Mercury,F,17,8,2,0
2023,2023-07-20,Brittney Griner,Mercury,C,27,12,11,3
2023,2023-07-20,Moriah Jefferson,Mercury,G,28,4,3,3
2023,2023-07-20,Sophie Cunningham,Mercury,G,29,5,2,7
2023,2023-07-20,Liz Dixon,Mercury,F,1,0,0,0
2023,2023-07-20,Kadi Sissoko,Mercury,F,13,2,0,0
2023,2023-07-20,Megan Gustafson,Mercury,C,12,12,6,0
2023,2023-07-20,Shey Peddy,Mercury,G,21,20,6,1
2023,2023-07-20,Sug Sutton,Mercury,G,25,11,4,3
2023,2023-07-20,A'ja Wilson,Aces,F,35,23,15,0
2023,2023-07-20,Kiah Stokes,Aces,C,19,0,5,2
2023,2023-07-20,Chelsea Gray,Aces,G,35,6,2,8
2023,2023-07-20,Kelsey Plum,Aces,G,35,20,3,6
2023,2023-07-20,Jackie Young,Aces,G,37,22,8,1
2023,2023-07-20,Alysha Clark,Aces,F,25,6,5,2
2023,2023-07-20,Cayla George,Aces,F,2,0,1,0
2023,2023-07-20,Kierstan Bell,Aces,G,11,2,1,0
2023,2023-07-20,Gabby Williams,Storm,F,29,4,5,4
2023,2023-07-20,Dulcy Fankam Mendjiadeu,Storm,F,16,0,2,0
2023,2023-07-20,Ezi Magbegor,Storm,C,29,12,7,0
2023,2023-07-20,Jewell Loyd,Storm,G,35,12,6,6
2023,2023-07-20,Ivana Dojkic,Storm,G,21,8,1,1
2023,2023-07-20,Mercedes Russell,Storm,C,14,8,3,1
2023,2023-07-20,Sami Whitcomb,Storm,G,21,8,4,2
2023,2023-07-20,Kia Nurse,Storm,G,13,0,0,0
2023,2023-07-20,Jordan Horston,Storm,G,24,11,5,2
2023,2023-07-19,Aliyah Boston,Fever,F,28,11,8,2
2023,2023-07-19,Erica Wheeler,Fever,G,26,10,4,4
2023,2023-07-19,Kelsey Mitchell,Fever,G,38,18,1,5
2023,2023-07-19,Victoria Vivians,Fever,G,23,11,3,3
2023,2023-07-19,Kristy Wallace,Fever,G,24,7,5,3
2023,2023-07-19,Emma Cannon,Fever,F,21,13,5,2
2023,2023-07-19,Amanda Zahui B.,Fever,C,12,7,1,0
2023,2023-07-19,Maya Caldwell,Fever,G,5,2,2,0
2023,2023-07-19,Grace Berger,Fever,G,22,3,3,3
2023,2023-07-19,Tianna Hawkins,Mystics,F,32,13,9,3
2023,2023-07-19,Myisha Hines-Allen,Mystics,F,19,7,4,2
2023,2023-07-19,Natasha Cloud,Mystics,G,34,19,5,5
2023,2023-07-19,Brittney Sykes,Mystics,G,32,9,4,7
2023,2023-07-19,Shatori Walker-Kimbrough,Mystics,G,27,2,1,3
2023,2023-07-19,Cyesha Damian Goree,Mystics,F,9,2,0,0
2023,2023-07-19,Queen Egbo,Mystics,C,20,10,5,1
2023,2023-07-19,Linnae Harper,Mystics,G,10,6,2,0
2023,2023-07-19,Li Meng,Mystics,G,18,8,2,1
2023,2023-07-19,Natasha Howard,Wings,F,28,14,3,0
2023,2023-07-19,Satou Sabally,Wings,F,27,15,5,7
2023,2023-07-19,Teaira McCowan,Wings,C,29,15,12,1
2023,2023-07-19,Arike Ogunbowale,Wings,G,36,25,5,4
2023,2023-07-19,Crystal Dangerfield,Wings,G,25,9,2,7
2023,2023-07-19,Maddy Siegrist,Wings,F,7,6,2,0
2023,2023-07-19,Awak Kuier,Wings,F,18,7,4,1
2023,2023-07-19,Kalani Brown,Wings,C,11,5,4,1
2023,2023-07-19,Odyssey Sims,Wings,G,15,2,3,4
2023,2023-07-19,Veronica Burton,Wings,G,4,0,0,0
2023,2023-07-19,Betnijah Laney,Liberty,F,25,11,4,2
2023,2023-07-19,Breanna Stewart,Liberty,F,35,25,6,2
2023,2023-07-19,Jonquel Jones,Liberty,F,29,11,9,1
2023,2023-07-19,Courtney Vandersloot,Liberty,G,33,7,1,7
2023,2023-07-19,Sabrina Ionescu,Liberty,G,31,22,8,6
2023,2023-07-19,Kayla Thornton,Liberty,F,9,0,2,1
2023,2023-07-19,Nyara Sabally,Liberty,F,10,0,4,2
2023,2023-07-19,Epiphanny Prince,Liberty,G,4,3,1,0
2023,2023-07-19,Marine Johannes,Liberty,G,17,9,0,0
2023,2023-07-19,Jocelyn Willoughby,Liberty,G,6,0,1,0
2023,2023-07-18,Napheesa Collier,Lynx,F,38,35,9,3
2023,2023-07-18,Dorka Juhasz,Lynx,F,26,6,12,1
2023,2023-07-18,Diamond Miller,Lynx,F,17,8,2,0
2023,2023-07-18,Kayla McBride,Lynx,G,36,12,3,1
2023,2023-07-18,Lindsay Allen,Lynx,G,36,3,6,5
2023,2023-07-18,Bridget Carleton,Lynx,F,14,0,1,0
2023,2023-07-18,Emily Engstler,Lynx,F,1,0,0,0
2023,2023-07-18,Nikolina Milic,Lynx,F,14,7,4,1
2023,2023-07-18,Tiffany Mitchell,Lynx,G,17,2,0,1
2023,2023-07-18,Kayana Traylor,Lynx,G,1,0,0,0
2023,2023-07-18,Nia Coffey,Dream,F,26,13,10,4
2023,2023-07-18,Monique Billings,Dream,F,23,6,4,0
2023,2023-07-18,Danielle Robinson,Dream,G,28,6,3,2
2023,2023-07-18,Allisha Gray,Dream,G,29,12,3,6
2023,2023-07-18,Rhyne Howard,Dream,G,36,21,3,7
2023,2023-07-18,Cheyenne Parker,Dream,F,13,3,8,3
2023,2023-07-18,Naz Hillmon,Dream,F,13,3,2,0
2023,2023-07-18,Iliana Rupert,Dream,C,5,3,1,0
2023,2023-07-18,AD Durr,Dream,G,14,13,2,1
2023,2023-07-18,Haley Jones,Dream,G,12,2,1,1
2023,2023-07-18,DeWanna Bonner,Sun,F,38,19,10,2
2023,2023-07-18,Alyssa Thomas,Sun,F,40,11,6,7
2023,2023-07-18,Tiffany Hayes,Sun,G,28,10,4,1
2023,2023-07-18,Rebecca Allen,Sun,G,16,4,5,1
2023,2023-07-18,Natisha Hiedeman,Sun,G,16,0,1,0
2023,2023-07-18,Kristine Anigwe,Sun,F,2,0,0,0
2023,2023-07-18,Olivia Nelson-Ododa,Sun,F,23,3,5,1
2023,2023-07-18,Tyasha Harris,Sun,G,24,9,0,1
2023,2023-07-18,DiJonai Carrington,Sun,G,13,10,1,1
2023,2023-07-18,Brianna Turner,Mercury,F,32,6,8,2
2023,2023-07-18,Brittney Griner,Mercury,C,34,12,5,5
2023,2023-07-18,Diana Taurasi,Mercury,G,30,15,3,4
2023,2023-07-18,Moriah Jefferson,Mercury,G,23,11,2,3
2023,2023-07-18,Sophie Cunningham,Mercury,G,32,17,6,1
2023,2023-07-18,Michaela Onyenwere,Mercury,F,10,1,3,0
2023,2023-07-18,Kadi Sissoko,Mercury,F,1,0,0,0
2023,2023-07-18,Megan Gustafson,Mercury,C,4,0,1,0
2023,2023-07-18,Shey Peddy,Mercury,G,19,3,1,2
2023,2023-07-18,Sug Sutton,Mercury,G,15,7,4,2
2023,2023-07-15,Nneka Ogwumike,Team Stewart,F,20,6,11,5
2023,2023-07-15,Breanna Stewart,Team Stewart,F,24,9,6,9
2023,2023-07-15,Satou Sabally,Team Stewart,F,22,19,8,1
2023,2023-07-15,Brittney Griner,Team Stewart,C,26,18,13,2
2023,2023-07-15,Jewell Loyd,Team Stewart,G,24,31,4,6
2023,2023-07-15,Napheesa Collier,Team Stewart,F,16,20,6,2
2023,2023-07-15,Ezi Magbegor,Team Stewart,C,12,2,4,2
2023,2023-07-15,Courtney Vandersloot,Team Stewart,G,10,2,0,1
2023,2023-07-15,Kahleah Copper,Team Stewart,G,15,16,3,0
2023,2023-07-15,Kelsey Mitchell,Team Stewart,G,12,2,3,2
2023,2023-07-15,Sabrina Ionescu,Team Stewart,G,20,18,6,8
2023,2023-07-15,A'ja Wilson,Team Wilson,F,24,20,5,2
2023,2023-07-15,Aliyah Boston,Team Wilson,F,19,6,11,2
2023,2023-07-15,Chelsea Gray,Team Wilson,G,22,5,6,7
2023,2023-07-15,Arike Ogunbowale,Team Wilson,G,22,18,6,5
2023,2023-07-15,Jackie Young,Team Wilson,G,22,6,3,2
2023,2023-07-15,DeWanna Bonner,Team Wilson,F,9,0,3,1
2023,2023-07-15,Alyssa Thomas,Team Wilson,F,10,2,1,1
2023,2023-07-15,Cheyenne Parker,Team Wilson,F,18,14,6,2
2023,2023-07-15,Allisha Gray,Team Wilson,G,18,10,2,1
2023,2023-07-15,Kelsey Plum,Team Wilson,G,21,30,1,5
2023,2023-07-15,Rhyne Howard,Team Wilson,G,15,16,3,3
2023,2023-07-12,Betnijah Laney,Liberty,F,34,10,4,1
2023,2023-07-12,Breanna Stewart,Liberty,F,41,18,10,3
2023,2023-07-12,Jonquel Jones,Liberty,F,21,12,7,2
2023,2023-07-12,Courtney Vandersloot,Liberty,G,38,6,5,12
2023,2023-07-12,Sabrina Ionescu,Liberty,G,36,34,6,5
2023,2023-07-12,Kayla Thornton,Liberty,F,16,6,4,1
2023,2023-07-12,Nyara Sabally,Liberty,F,16,7,7,0
2023,2023-07-12,Marine Johannes,Liberty,G,16,0,2,3
2023,2023-07-12,Jocelyn Willoughby,Liberty,G,8,2,2,0
2023,2023-07-12,Aliyah Boston,Fever,F,37,23,9,2
2023,2023-07-12,Erica Wheeler,Fever,G,31,11,3,5
2023,2023-07-12,Kelsey Mitchell,Fever,G,29,16,1,4
2023,2023-07-12,Victoria Vivians,Fever,G,38,3,9,2
2023,2023-07-12,Maya Caldwell,Fever,G,6,0,1,0
2023,2023-07-12,Emma Cannon,Fever,F,27,19,8,1
2023,2023-07-12,Victaria Saxton,Fever,F,2,0,0,0
2023,2023-07-12,Amanda Zahui B.,Fever,C,8,0,0,0
2023,2023-07-12,Kristy Wallace,Fever,G,10,0,2,2
2023,2023-07-12,Grace Berger,Fever,G,36,15,7,4
2023,2023-07-12,DeWanna Bonner,Sun,F,36,21,6,1
2023,2023-07-12,Alyssa Thomas,Sun,F,38,19,7,10
2023,2023-07-12,Tiffany Hayes,Sun,G,33,22,7,4
2023,2023-07-12,Rebecca Allen,Sun,G,21,5,1,0
2023,2023-07-12,Natisha Hiedeman,Sun,G,6,0,0,1
2023,2023-07-12,Olivia Nelson-Ododa,Sun,F,4,0,1,0
2023,2023-07-12,Tyasha Harris,Sun,G,34,6,3,8
2023,2023-07-12,DiJonai Carrington,Sun,G,26,11,4,1
2023,2023-07-12,Leigha Brown,Sun,G,2,0,1,1
2023,2023-07-12,Alanna Smith,Sky,F,23,6,4,0
2023,2023-07-12,Elizabeth Williams,Sky,C,35,16,8,1
2023,2023-07-12,Courtney Williams,Sky,G,32,6,8,6
2023,2023-07-12,Kahleah Copper,Sky,G,37,22,3,4
2023,2023-07-12,Marina Mabrey,Sky,G,32,9,6,3
2023,2023-07-12,Robyn Parks,Sky,F,0,0,0,0
2023,2023-07-12,Morgan Bertsch,Sky,F,17,5,0,1
2023,2023-07-12,Ruthy Hebard,Sky,F,1,0,0,0
2023,2023-07-12,Dana Evans,Sky,G,23,8,2,4
2023,2023-07-12,Natasha Howard,Wings,F,35,28,14,4
2023,2023-07-12,Satou Sabally,Wings,F,33,19,8,5
2023,2023-07-12,Teaira McCowan,Wings,C,29,19,6,1
2023,2023-07-12,Arike Ogunbowale,Wings,G,36,18,5,11
2023,2023-07-12,Crystal Dangerfield,Wings,G,24,7,2,7
2023,2023-07-12,Maddy Siegrist,Wings,F,9,4,2,1
2023,2023-07-12,Awak Kuier,Wings,F,11,8,3,0
2023,2023-07-12,Odyssey Sims,Wings,G,16,4,3,1
2023,2023-07-12,Veronica Burton,Wings,G,5,0,0,1
2023,2023-07-12,Napheesa Collier,Lynx,F,20,11,4,1
2023,2023-07-12,Dorka Juhasz,Lynx,F,25,5,1,2
2023,2023-07-12,Diamond Miller,Lynx,F,24,9,2,0
2023,2023-07-12,Kayla McBride,Lynx,G,16,10,0,0
2023,2023-07-12,Lindsay Allen,Lynx,G,19,2,5,6
2023,2023-07-12,Bridget Carleton,Lynx,F,19,3,3,0
2023,2023-07-12,Emily Engstler,Lynx,F,16,9,5,0
2023,2023-07-12,Nikolina Milic,Lynx,F,19,6,5,0
2023,2023-07-12,Rachel Banham,Lynx,G,27,8,2,6
2023,2023-07-12,Kayana Traylor,Lynx,G,15,4,1,1
2023,2023-07-12,Dulcy Fankam Mendjiadeu,Storm,F,21,13,6,0
2023,2023-07-12,Ezi Magbegor,Storm,C,26,0,8,4
2023,2023-07-12,Kia Nurse,Storm,G,16,3,0,1
2023,2023-07-12,Jordan Horston,Storm,G,35,23,10,2
2023,2023-07-12,Ivana Dojkic,Storm,G,12,0,1,3
2023,2023-07-12,Gabby Williams,Storm,F,24,10,2,2
2023,2023-07-12,Joyner Holmes,Storm,F,17,10,2,2
2023,2023-07-12,Sami Whitcomb,Storm,G,20,9,1,2
2023,2023-07-12,Yvonne Turner,Storm,G,5,0,2,0
2023,2023-07-12,Jade Melbourne,Storm,G,24,7,0,5
2023,2023-07-12,Cheyenne Parker,Dream,F,22,18,6,0
2023,2023-07-12,Nia Coffey,Dream,F,18,4,7,0
2023,2023-07-12,Danielle Robinson,Dream,G,18,4,2,5
2023,2023-07-12,Allisha Gray,Dream,G,32,19,6,3
2023,2023-07-12,Rhyne Howard,Dream,G,31,15,6,5
2023,2023-07-12,Monique Billings,Dream,F,11,7,5,0
2023,2023-07-12,Naz Hillmon,Dream,F,15,2,4,1
2023,2023-07-12,Laeticia Amihere,Dream,F,7,0,0,0
2023,2023-07-12,Iliana Rupert,Dream,C,7,2,3,0
2023,2023-07-12,AD Durr,Dream,G,16,7,2,1
2023,2023-07-12,Haley Jones,Dream,G,22,7,4,3
2023,2023-07-12,A'ja Wilson,Aces,F,31,25,12,0
2023,2023-07-12,Kiah Stokes,Aces,C,25,7,3,1
2023,2023-07-12,Chelsea Gray,Aces,G,34,16,2,5
2023,2023-07-12,Kelsey Plum,Aces,G,34,21,5,4
2023,2023-07-12,Jackie Young,Aces,G,30,14,3,5
2023,2023-07-12,Alysha Clark,Aces,F,22,8,8,2
2023,2023-07-12,Cayla George,Aces,F,7,2,1,1
2023,2023-07-12,Sydney Colson,Aces,G,3,0,0,1
2023,2023-07-12,Kierstan Bell,Aces,G,15,4,0,1
2023,2023-07-12,Nneka Ogwumike,Sparks,F,28,20,11,1
2023,2023-07-12,Karlie Samuelson,Sparks,F,31,7,3,6
2023,2023-07-12,Azura Stevens,Sparks,F,31,22,12,2
2023,2023-07-12,Jasmine Thomas,Sparks,G,17,3,2,1
2023,2023-07-12,Jordin Canada,Sparks,G,27,3,0,5
2023,2023-07-12,Dearica Hamby,Sparks,F,25,6,5,3
2023,2023-07-12,Destanni Henderson,Sparks,G,13,7,1,3
2023,2023-07-12,Rae Burrell,Sparks,G,5,2,1,1
2023,2023-07-12,Zia Cooke,Sparks,G,23,8,1,0
2023,2023-07-11,Dulcy Fankam Mendjiadeu,Storm,F,31,12,11,0
2023,2023-07-11,Ezi Magbegor,Storm,C,33,12,9,2
2023,2023-07-11,Jewell Loyd,Storm,G,35,39,4,3
2023,2023-07-11,Kia Nurse,Storm,G,20,3,1,3
2023,2023-07-11,Ivana Dojkic,Storm,G,18,5,1,2
2023,2023-07-11,Gabby Williams,Storm,F,20,0,2,2
2023,2023-07-11,Joyner Holmes,Storm,F,5,2,0,1
2023,2023-07-11,Sami Whitcomb,Storm,G,14,3,0,1
2023,2023-07-11,Jordan Horston,Storm,G,11,2,2,1
2023,2023-07-11,Jade Melbourne,Storm,G,12,8,1,3
2023,2023-07-11,Tianna Hawkins,Mystics,F,32,13,6,2
2023,2023-07-11,Myisha Hines-Allen,Mystics,F,17,6,5,0
2023,2023-07-11,Natasha Cloud,Mystics,G,28,9,2,8
2023,2023-07-11,Brittney Sykes,Mystics,G,31,26,5,3
2023,2023-07-11,Ariel Atkins,Mystics,G,11,5,1,3
2023,2023-07-11,Queen Egbo,Mystics,C,24,6,8,0
2023,2023-07-11,Linnae Harper,Mystics,G,8,3,1,0
2023,2023-07-11,Shatori Walker-Kimbrough,Mystics,G,23,16,1,1
2023,2023-07-11,Li Meng,Mystics,G,24,9,2,2
2023,2023-07-11,Brianna Turner,Mercury,F,25,2,9,1
2023,2023-07-11,Brittney Griner,Mercury,C,24,13,6,1
2023,2023-07-11,Diana Taurasi,Mercury,G,23,11,1,6
2023,2023-07-11,Moriah Jefferson,Mercury,G,24,9,2,1
2023,2023-07-11,Sophie Cunningham,Mercury,G,27,2,2,1
2023,2023-07-11,Michaela Onyenwere,Mercury,F,23,18,2,0
2023,2023-07-11,Kadi Sissoko,Mercury,F,6,0,4,0
2023,2023-07-11,Megan Gustafson,Mercury,C,13,3,5,0
2023,2023-07-11,Shey Peddy,Mercury,G,13,10,2,1
2023,2023-07-11,Jennie Simms,Mercury,G,6,2,1,0
2023,2023-07-11,Sug Sutton,Mercury,G,17,2,4,4
2023,2023-07-11,A'ja Wilson,Aces,F,27,20,8,1
2023,2023-07-11,Kiah Stokes,Aces,C,19,7,4,1
2023,2023-07-11,Chelsea Gray,Aces,G,32,21,6,11
2023,2023-07-11,Kelsey Plum,Aces,G,30,17,5,4
2023,2023-07-11,Jackie Young,Aces,G,30,23,3,6
2023,2023-07-11,Alysha Clark,Aces,F,27,2,4,1
2023,2023-07-11,Cayla George,Aces,F,16,3,5,0
2023,2023-07-11,Sydney Colson,Aces,G,3,2,0,0
2023,2023-07-11,Kierstan Bell,Aces,G,15,3,0,0
2023,2023-07-09,Tianna Hawkins,Mystics,F,31,24,4,2
2023,2023-07-09,Elena Delle Donne,Mystics,F,13,0,2,2
2023,2023-07-09,Brittney Sykes,Mystics,G,34,14,1,7
2023,2023-07-09,Shatori Walker-Kimbrough,Mystics,G,31,7,4,6
2023,2023-07-09,Ariel Atkins,Mystics,G,29,10,6,4
2023,2023-07-09,Myisha Hines-Allen,Mystics,F,18,14,3,1
2023,2023-07-09,Queen Egbo,Mystics,C,16,8,7,1
2023,2023-07-09,Linnae Harper,Mystics,G,13,4,2,0
2023,2023-07-09,Li Meng,Mystics,G,16,3,2,1
2023,2023-07-09,DeWanna Bonner,Sun,F,37,28,4,4
2023,2023-07-09,Alyssa Thomas,Sun,F,39,22,9,6
2023,2023-07-09,Tiffany Hayes,Sun,G,34,10,4,2
2023,2023-07-09,Rebecca Allen,Sun,G,28,9,2,3
2023,2023-07-09,Natisha Hiedeman,Sun,G,14,4,2,0
2023,2023-07-09,Olivia Nelson-Ododa,Sun,F,6,0,1,0
2023,2023-07-09,Tyasha Harris,Sun,G,26,10,0,3
2023,2023-07-09,DiJonai Carrington,Sun,G,14,9,2,0
2023,2023-07-09,Leigha Brown,Sun,G,1,0,0,0
2023,2023-07-09,Natasha Howard,Wings,F,37,16,8,1
2023,2023-07-09,Satou Sabally,Wings,F,22,7,4,1
2023,2023-07-09,Teaira McCowan,Wings,C,34,9,7,5
2023,2023-07-09,Arike Ogunbowale,Wings,G,38,28,4,5
2023,2023-07-09,Crystal Dangerfield,Wings,G,31,9,3,1
2023,2023-07-09,Maddy Siegrist,Wings,F,6,4,1,0
2023,2023-07-09,Awak Kuier,Wings,F,7,0,2,0
2023,2023-07-09,Odyssey Sims,Wings,G,19,4,3,5
2023,2023-07-09,Veronica Burton,Wings,G,6,0,1,0
2023,2023-07-09,NaLyssa Smith,Fever,F,25,17,6,3
2023,2023-07-09,Aliyah Boston,Fever,F,32,18,8,0
2023,2023-07-09,Erica Wheeler,Fever,G,25,9,6,3
2023,2023-07-09,Kelsey Mitchell,Fever,G,33,12,1,4
2023,2023-07-09,Lexie Hull,Fever,G,34,7,6,2
2023,2023-07-09,Amanda Zahui B.,Fever,C,8,0,0,0
2023,2023-07-09,Victoria Vivians,Fever,G,15,4,6,2
2023,2023-07-09,Kristy Wallace,Fever,G,10,4,0,0
2023,2023-07-09,Maya Caldwell,Fever,G,4,0,1,1
2023,2023-07-09,Grace Berger,Fever,G,14,5,1,3
2023,2023-07-09,Nneka Ogwumike,Sparks,F,37,20,14,0
2023,2023-07-09,Dearica Hamby,Sparks,F,5,0,1,0
2023,2023-07-09,Azura Stevens,Sparks,F,40,13,8,1
2023,2023-07-09,Jasmine Thomas,Sparks,G,29,10,0,4
2023,2023-07-09,Jordin Canada,Sparks,G,29,16,2,3
2023,2023-07-09,Destanni Henderson,Sparks,G,18,4,2,2
2023,2023-07-09,Rae Burrell,Sparks,G,22,6,2,1
2023,2023-07-09,Zia Cooke,Sparks,G,21,3,1,4
2023,2023-07-09,Brianna Turner,Mercury,F,31,4,4,0
2023,2023-07-09,Brittney Griner,Mercury,C,30,29,11,2
2023,2023-07-09,Diana Taurasi,Mercury,G,30,22,4,5
2023,2023-07-09,Moriah Jefferson,Mercury,G,27,11,0,8
2023,2023-07-09,Sophie Cunningham,Mercury,G,34,0,6,2
2023,2023-07-09,Michaela Onyenwere,Mercury,F,17,0,5,2
2023,2023-07-09,Kadi Sissoko,Mercury,F,7,2,1,0
2023,2023-07-09,Megan Gustafson,Mercury,C,10,7,3,0
2023,2023-07-09,Sug Sutton,Mercury,G,15,3,3,3
2023,2023-07-09,A'ja Wilson,Aces,F,27,15,10,3
2023,2023-07-09,Kiah Stokes,Aces,C,25,4,7,2
2023,2023-07-09,Chelsea Gray,Aces,G,30,14,2,10
2023,2023-07-09,Kelsey Plum,Aces,G,31,40,2,4
2023,2023-07-09,Jackie Young,Aces,G,29,17,4,8
2023,2023-07-09,Alysha Clark,Aces,F,23,11,5,2
2023,2023-07-09,Cayla George,Aces,F,15,0,4,1
2023,2023-07-09,Sydney Colson,Aces,G,5,5,0,1
2023,2023-07-09,Kierstan Bell,Aces,G,15,7,0,0
2023,2023-07-09,Napheesa Collier,Lynx,F,31,18,5,2
2023,2023-07-09,Dorka Juhasz,Lynx,F,24,4,3,4
2023,2023-07-09,Diamond Miller,Lynx,F,24,15,4,3
2023,2023-07-09,Kayla McBride,Lynx,G,28,11,1,1
2023,2023-07-09,Lindsay Allen,Lynx,G,24,10,0,5
2023,2023-07-09,Bridget Carleton,Lynx,F,18,7,5,1
2023,2023-07-09,Emily Engstler,Lynx,F,11,0,3,0
2023,2023-07-09,Nikolina Milic,Lynx,F,16,14,5,0
2023,2023-07-09,Rachel Banham,Lynx,G,16,10,0,7
2023,2023-07-09,Kayana Traylor,Lynx,G,8,0,0,1
2023,2023-07-09,Cheyenne Parker,Dream,F,26,18,11,1
2023,2023-07-09,Nia Coffey,Dream,F,25,8,6,1
2023,2023-07-09,Danielle Robinson,Dream,G,28,11,1,6
2023,2023-07-09,Allisha Gray,Dream,G,36,11,5,5
2023,2023-07-09,Rhyne Howard,Dream,G,38,32,6,4
2023,2023-07-09,Monique Billings,Dream,F,14,2,2,3
2023,2023-07-09,Naz Hillmon,Dream,F,15,2,8,2
2023,2023-07-09,AD Durr,Dream,G,5,0,2,1
2023,2023-07-09,Haley Jones,Dream,G,12,4,1,1
2023,2023-07-09,Alanna Smith,Sky,F,21,7,6,0
2023,2023-07-09,Elizabeth Williams,Sky,C,35,13,9,5
2023,2023-07-09,Courtney Williams,Sky,G,35,14,7,7
2023,2023-07-09,Kahleah Copper,Sky,G,34,28,2,1
2023,2023-07-09,Marina Mabrey,Sky,G,29,5,2,5
2023,2023-07-09,Robyn Parks,Sky,F,5,0,3,1
2023,2023-07-09,Morgan Bertsch,Sky,F,19,5,0,1
2023,2023-07-09,Ruthy Hebard,Sky,F,5,0,1,0
2023,2023-07-09,Dana Evans,Sky,G,17,5,0,0
2023,2023-07-08,Dulcy Fankam Mendjiadeu,Storm,F,37,12,14,1
2023,2023-07-08,Ezi Magbegor,Storm,C,28,10,8,6
2023,2023-07-08,Jewell Loyd,Storm,G,31,14,4,2
2023,2023-07-08,Kia Nurse,Storm,G,15,3,0,1
2023,2023-07-08,Ivana Dojkic,Storm,G,28,8,3,3
2023,2023-07-08,Mercedes Russell,Storm,C,3,2,2,0
2023,2023-07-08,Sami Whitcomb,Storm,G,30,19,6,3
2023,2023-07-08,Jordan Horston,Storm,G,30,8,11,3
2023,2023-07-08,Betnijah Laney,Liberty,F,31,7,3,2
2023,2023-07-08,Breanna Stewart,Liberty,F,37,25,8,3
2023,2023-07-08,Jonquel Jones,Liberty,F,25,9,4,1
2023,2023-07-08,Courtney Vandersloot,Liberty,G,33,9,3,7
2023,2023-07-08,Sabrina Ionescu,Liberty,G,32,20,4,8
2023,2023-07-08,Kayla Thornton,Liberty,F,14,2,4,0
2023,2023-07-08,Nyara Sabally,Liberty,F,15,8,3,1
2023,2023-07-08,Marine Johannes,Liberty,G,13,0,1,1
2023,2023-07-07,NaLyssa Smith,Fever,F,28,19,7,2
2023,2023-07-07,Aliyah Boston,Fever,F,33,12,7,4
2023,2023-07-07,Erica Wheeler,Fever,G,27,7,2,7
2023,2023-07-07,Kelsey Mitchell,Fever,G,36,18,2,3
2023,2023-07-07,Lexie Hull,Fever,G,37,20,6,3
2023,2023-07-07,Amanda Zahui B.,Fever,C,4,4,1,1
2023,2023-07-07,Victoria Vivians,Fever,G,15,6,2,1
2023,2023-07-07,Kristy Wallace,Fever,G,13,2,1,2
2023,2023-07-07,Maya Caldwell,Fever,G,5,0,0,1
2023,2023-07-07,Grace Berger,Fever,G,2,0,0,0
2023,2023-07-07,Tianna Hawkins,Mystics,F,34,10,6,5
2023,2023-07-07,Myisha Hines-Allen,Mystics,F,16,6,2,1
2023,2023-07-07,Brittney Sykes,Mystics,G,34,29,5,2
2023,2023-07-07,Shatori Walker-Kimbrough,Mystics,G,32,9,5,1
2023,2023-07-07,Ariel Atkins,Mystics,G,35,26,10,3
2023,2023-07-07,Queen Egbo,Mystics,C,15,3,2,2
2023,2023-07-07,Linnae Harper,Mystics,G,10,4,1,0
2023,2023-07-07,Li Meng,Mystics,G,24,9,0,0
2023,2023-07-07,Cheyenne Parker,Dream,F,27,14,10,3
2023,2023-07-07,Nia Coffey,Dream,F,30,4,9,1
2023,2023-07-07,Danielle Robinson,Dream,G,33,14,9,6
2023,2023-07-07,Allisha Gray,Dream,G,37,21,5,3
2023,2023-07-07,Rhyne Howard,Dream,G,39,17,5,2
2023,2023-07-07,Monique Billings,Dream,F,11,4,2,1
2023,2023-07-07,Naz Hillmon,Dream,F,12,8,1,0
2023,2023-07-07,AD Durr,Dream,G,3,0,0,0
2023,2023-07-07,Haley Jones,Dream,G,8,0,1,1
2023,2023-07-07,Alanna Smith,Sky,F,24,9,6,1
2023,2023-07-07,Elizabeth Williams,Sky,C,32,11,5,3
2023,2023-07-07,Courtney Williams,Sky,G,25,3,2,7
2023,2023-07-07,Kahleah Copper,Sky,G,34,16,6,3
2023,2023-07-07,Marina Mabrey,Sky,G,33,14,4,3
2023,2023-07-07,Robyn Parks,Sky,F,10,0,4,0
2023,2023-07-07,Morgan Bertsch,Sky,F,20,7,1,0
2023,2023-07-07,Taylor Soule,Sky,F,1,0,0,0
2023,2023-07-07,Sika Kone,Sky,F,4,0,3,0
2023,2023-07-07,Dana Evans,Sky,G,18,8,0,1
2023,2023-07-07,Candace Parker,Aces,F,25,10,6,1
2023,2023-07-07,A'ja Wilson,Aces,F,34,18,5,1
2023,2023-07-07,Chelsea Gray,Aces,G,36,14,2,3
2023,2023-07-07,Kelsey Plum,Aces,G,36,21,4,6
2023,2023-07-07,Jackie Young,Aces,G,32,15,2,2
2023,2023-07-07,Alysha Clark,Aces,F,16,0,0,0
2023,2023-07-07,Kiah Stokes,Aces,C,21,0,6,1
2023,2023-07-07,Natasha Howard,Wings,F,37,16,11,3
2023,2023-07-07,Satou Sabally,Wings,F,31,10,5,5
2023,2023-07-07,Teaira McCowan,Wings,C,36,14,12,2
2023,2023-07-07,Arike Ogunbowale,Wings,G,39,21,0,2
2023,2023-07-07,Crystal Dangerfield,Wings,G,34,14,5,6
2023,2023-07-07,Maddy Siegrist,Wings,F,8,2,0,0
2023,2023-07-07,Awak Kuier,Wings,F,4,0,1,0
2023,2023-07-07,Odyssey Sims,Wings,G,9,0,0,3
2023,2023-07-07,Veronica Burton,Wings,G,3,3,2,0
2023,2023-07-07,Brianna Turner,Mercury,F,32,0,7,3
2023,2023-07-07,Michaela Onyenwere,Mercury,F,32,24,4,1
2023,2023-07-07,Brittney Griner,Mercury,C,25,12,7,0
2023,2023-07-07,Moriah Jefferson,Mercury,G,18,5,2,2
2023,2023-07-07,Sophie Cunningham,Mercury,G,30,8,3,0
2023,2023-07-07,Kadi Sissoko,Mercury,F,3,0,0,0
2023,2023-07-07,Megan Gustafson,Mercury,C,15,8,3,0
2023,2023-07-07,Shey Peddy,Mercury,G,18,5,3,1
2023,2023-07-07,Jennie Simms,Mercury,G,1,0,0,0
2023,2023-07-07,Sug Sutton,Mercury,G,26,2,1,10
2023,2023-07-07,Napheesa Collier,Lynx,F,30,12,12,5
2023,2023-07-07,Dorka Juhasz,Lynx,F,32,5,10,4
2023,2023-07-07,Diamond Miller,Lynx,F,21,10,5,1
2023,2023-07-07,Kayla McBride,Lynx,G,31,10,1,1
2023,2023-07-07,Lindsay Allen,Lynx,G,31,9,5,4
2023,2023-07-07,Bridget Carleton,Lynx,F,22,11,2,2
2023,2023-07-07,Emily Engstler,Lynx,F,7,0,0,2
2023,2023-07-07,Nikolina Milic,Lynx,F,13,10,3,0
2023,2023-07-07,Rachel Banham,Lynx,G,9,6,0,1
2023,2023-07-07,Kayana Traylor,Lynx,G,4,2,0,0
2023,2023-07-06,Ezi Magbegor,Storm,C,20,8,5,1
2023,2023-07-06,Jewell Loyd,Storm,G,29,22,2,2
2023,2023-07-06,Kia Nurse,Storm,G,25,11,3,4
2023,2023-07-06,Jordan Horston,Storm,G,23,6,4,2
2023,2023-07-06,Ivana Dojkic,Storm,G,21,5,0,1
2023,2023-07-06,Joyner Holmes,Storm,F,17,5,4,3
2023,2023-07-06,Dulcy Fankam Mendjiadeu,Storm,F,17,8,2,0
2023,2023-07-06,Mercedes Russell,Storm,C,2,0,1,0
2023,2023-07-06,Sami Whitcomb,Storm,G,23,3,9,4
2023,2023-07-06,Yvonne Turner,Storm,G,6,0,0,0
2023,2023-07-06,Jade Melbourne,Storm,G,17,5,1,0
2023,2023-07-06,DeWanna Bonner,Sun,F,24,16,7,1
2023,2023-07-06,Alyssa Thomas,Sun,F,23,16,5,7
2023,2023-07-06,Tiffany Hayes,Sun,G,25,14,0,5
2023,2023-07-06,Rebecca Allen,Sun,G,27,14,5,3
2023,2023-07-06,Natisha Hiedeman,Sun,G,33,14,0,1
2023,2023-07-06,Liz Dixon,Sun,F,9,0,0,0
2023,2023-07-06,Olivia Nelson-Ododa,Sun,F,20,6,9,1
2023,2023-07-06,Tyasha Harris,Sun,G,23,11,1,5
2023,2023-07-06,Leigha Brown,Sun,G,17,2,3,1
2023,2023-07-05,Brianna Turner,Mercury,F,28,4,2,1
2023,2023-07-05,Brittney Griner,Mercury,C,32,21,8,2
2023,2023-07-05,Diana Taurasi,Mercury,G,28,23,5,7
2023,2023-07-05,Moriah Jefferson,Mercury,G,29,14,4,6
2023,2023-07-05,Sophie Cunningham,Mercury,G,27,12,0,0
2023,2023-07-05,Michaela Onyenwere,Mercury,F,25,19,3,2
2023,2023-07-05,Kadi Sissoko,Mercury,F,4,0,1,0
2023,2023-07-05,Megan Gustafson,Mercury,C,7,0,0,0
2023,2023-07-05,Shey Peddy,Mercury,G,11,2,1,3
2023,2023-07-05,Sug Sutton,Mercury,G,8,0,1,2
2023,2023-07-05,Betnijah Laney,Liberty,F,28,14,0,1
2023,2023-07-05,Breanna Stewart,Liberty,F,38,43,12,6
2023,2023-07-05,Jonquel Jones,Liberty,F,31,13,4,2
2023,2023-07-05,Courtney Vandersloot,Liberty,G,32,8,2,7
2023,2023-07-05,Sabrina Ionescu,Liberty,G,32,11,7,9
2023,2023-07-05,Kayla Thornton,Liberty,F,11,6,1,0
2023,2023-07-05,Nyara Sabally,Liberty,F,9,2,2,0
2023,2023-07-05,Marine Johannes,Liberty,G,15,2,1,2
2023,2023-07-05,Jocelyn Willoughby,Liberty,G,4,0,1,0
2023,2023-07-05,NaLyssa Smith,Fever,F,31,18,11,0
2023,2023-07-05,Aliyah Boston,Fever,F,38,22,9,1
2023,2023-07-05,Erica Wheeler,Fever,G,30,8,2,7
2023,2023-07-05,Kelsey Mitchell,Fever,G,25,7,2,3
2023,2023-07-05,Lexie Hull,Fever,G,23,8,1,1
2023,2023-07-05,Emma Cannon,Fever,F,4,1,2,0
2023,2023-07-05,Victoria Vivians,Fever,G,13,5,2,1
2023,2023-07-05,Kristy Wallace,Fever,G,18,6,1,0
2023,2023-07-05,Maya Caldwell,Fever,G,13,6,0,2
2023,2023-07-05,Grace Berger,Fever,G,5,2,0,0
2023,2023-07-05,Napheesa Collier,Lynx,F,32,32,8,2
2023,2023-07-05,Dorka Juhasz,Lynx,F,28,6,3,3
2023,2023-07-05,Diamond Miller,Lynx,F,24,1,5,2
2023,2023-07-05,Kayla McBride,Lynx,G,37,21,6,3
2023,2023-07-05,Lindsay Allen,Lynx,G,33,16,2,6
2023,2023-07-05,Bridget Carleton,Lynx,F,19,2,1,1
2023,2023-07-05,Emily Engstler,Lynx,F,5,0,0,0
2023,2023-07-05,Nikolina Milic,Lynx,F,12,5,1,1
2023,2023-07-05,Rachel Banham,Lynx,G,7,5,0,1
2023,2023-07-05,Kayana Traylor,Lynx,G,3,2,0,1
2023,2023-07-05,Natasha Howard,Wings,F,38,32,13,3
2023,2023-07-05,Satou Sabally,Wings,F,18,9,1,2
2023,2023-07-05,Teaira McCowan,Wings,C,30,14,11,1
2023,2023-07-05,Arike Ogunbowale,Wings,G,40,12,4,7
2023,2023-07-05,Crystal Dangerfield,Wings,G,34,11,3,2
2023,2023-07-05,Maddy Siegrist,Wings,F,5,2,1,0
2023,2023-07-05,Awak Kuier,Wings,F,12,0,4,0
2023,2023-07-05,Odyssey Sims,Wings,G,13,2,1,0
2023,2023-07-05,Veronica Burton,Wings,G,10,0,1,3
2023,2023-07-05,Candace Parker,Aces,F,26,7,4,4
2023,2023-07-05,Alysha Clark,Aces,F,35,10,2,0
2023,2023-07-05,A'ja Wilson,Aces,F,36,22,13,1
2023,2023-07-05,Chelsea Gray,Aces,G,36,20,5,6
2023,2023-07-05,Jackie Young,Aces,G,36,28,7,5
2023,2023-07-05,Kiah Stokes,Aces,C,18,2,7,0
2023,2023-07-05,Kierstan Bell,Aces,G,13,0,1,1
2023,2023-07-05,Cheyenne Parker,Dream,F,28,14,11,3
2023,2023-07-05,Nia Coffey,Dream,F,24,9,6,1
2023,2023-07-05,Danielle Robinson,Dream,G,23,7,4,6
2023,2023-07-05,Allisha Gray,Dream,G,34,23,4,6
2023,2023-07-05,Rhyne Howard,Dream,G,25,15,5,6
2023,2023-07-05,Monique Billings,Dream,F,13,5,3,1
2023,2023-07-05,Naz Hillmon,Dream,F,14,4,2,1
2023,2023-07-05,Laeticia Amihere,Dream,F,4,0,0,0
2023,2023-07-05,AD Durr,Dream,G,17,7,1,2
2023,2023-07-05,Haley Jones,Dream,G,18,6,3,4
2023,2023-07-05,Nneka Ogwumike,Sparks,F,30,19,10,3
2023,2023-07-05,Dearica Hamby,Sparks,F,30,5,6,2
2023,2023-07-05,Karlie Samuelson,Sparks,F,14,5,1,2
2023,2023-07-05,Jasmine Thomas,Sparks,G,14,3,0,1
2023,2023-07-05,Jordin Canada,Sparks,G,32,13,3,7
2023,2023-07-05,Azura Stevens,Sparks,F,30,16,12,1
2023,2023-07-05,Destanni Henderson,Sparks,G,10,0,0,3
2023,2023-07-05,Rae Burrell,Sparks,G,16,7,1,0
2023,2023-07-05,Zia Cooke,Sparks,G,22,11,0,1
2023,2023-07-02,Nneka Ogwumike,Sparks,F,24,25,5,0
2023,2023-07-02,Dearica Hamby,Sparks,F,34,18,8,3
2023,2023-07-02,Karlie Samuelson,Sparks,F,19,6,3,2
2023,2023-07-02,Jasmine Thomas,Sparks,G,14,3,2,4
2023,2023-07-02,Destanni Henderson,Sparks,G,36,2,1,6
2023,2023-07-02,Azura Stevens,Sparks,F,26,13,9,0
2023,2023-07-02,Rae Burrell,Sparks,G,24,6,4,0
2023,2023-07-02,Zia Cooke,Sparks,G,22,11,1,2
2023,2023-07-02,Cheyenne Parker,Dream,F,21,8,5,1
2023,2023-07-02,Nia Coffey,Dream,F,12,13,5,0
2023,2023-07-02,Danielle Robinson,Dream,G,21,4,5,5
2023,2023-07-02,Allisha Gray,Dream,G,32,15,2,2
2023,2023-07-02,Rhyne Howard,Dream,G,32,43,2,4
2023,2023-07-02,Monique Billings,Dream,F,18,9,5,0
2023,2023-07-02,Naz Hillmon,Dream,F,17,2,7,1
2023,2023-07-02,Laeticia Amihere,Dream,F,12,9,3,0
2023,2023-07-02,AD Durr,Dream,G,13,0,3,0
2023,2023-07-02,Taylor Mikesell,Dream,G,2,0,0,0
2023,2023-07-02,Haley Jones,Dream,G,20,9,3,5
2023,2023-07-02,Tianna Hawkins,Mystics,F,37,8,11,4
2023,2023-07-02,Amanda Zahui B.,Mystics,C,20,6,1,0
2023,2023-07-02,Natasha Cloud,Mystics,G,30,7,3,6
2023,2023-07-02,Brittney Sykes,Mystics,G,32,15,5,3
2023,2023-07-02,Ariel Atkins,Mystics,G,33,20,1,2
2023,2023-07-02,Myisha Hines-Allen,Mystics,F,15,4,1,1
2023,2023-07-02,Linnae Harper,Mystics,G,9,0,0,1
2023,2023-07-02,Shatori Walker-Kimbrough,Mystics,G,23,9,2,2
2023,2023-07-02,Abby Meyers,Mystics,G,2,3,0,0
2023,2023-07-02,Natasha Howard,Wings,F,30,13,6,2
2023,2023-07-02,Satou Sabally,Wings,F,36,27,15,4
2023,2023-07-02,Teaira McCowan,Wings,C,23,10,11,4
2023,2023-07-02,Arike Ogunbowale,Wings,G,33,17,4,5
2023,2023-07-02,Crystal Dangerfield,Wings,G,23,5,7,2
2023,2023-07-02,Maddy Siegrist,Wings,F,5,2,1,0
2023,2023-07-02,Awak Kuier,Wings,F,12,2,4,0
2023,2023-07-02,Kalani Brown,Wings,C,15,8,4,2
2023,2023-07-02,Odyssey Sims,Wings,G,16,5,0,3
2023,2023-07-02,Veronica Burton,Wings,G,8,0,2,3
2023,2023-07-02,Alanna Smith,Sky,F,22,0,6,1
2023,2023-07-02,Elizabeth Williams,Sky,C,34,17,9,6
2023,2023-07-02,Courtney Williams,Sky,G,34,28,5,8
2023,2023-07-02,Kahleah Copper,Sky,G,24,15,1,0
2023,2023-07-02,Marina Mabrey,Sky,G,34,17,4,6
2023,2023-07-02,Robyn Parks,Sky,F,5,0,1,0
2023,2023-07-02,Morgan Bertsch,Sky,F,22,6,3,0
2023,2023-07-02,Kristine Anigwe,Sky,F,1,0,0,0
2023,2023-07-02,Dana Evans,Sky,G,22,6,2,1
2023,2023-07-02,NaLyssa Smith,Fever,F,27,27,8,1
2023,2023-07-02,Aliyah Boston,Fever,F,37,4,7,4
2023,2023-07-02,Erica Wheeler,Fever,G,21,9,1,3
2023,2023-07-02,Kelsey Mitchell,Fever,G,37,26,4,8
2023,2023-07-02,Lexie Hull,Fever,G,13,0,2,0
2023,2023-07-02,Queen Egbo,Fever,C,3,0,2,0
2023,2023-07-02,Victoria Vivians,Fever,G,13,6,6,1
2023,2023-07-02,Kristy Wallace,Fever,G,19,7,4,3
2023,2023-07-02,Maya Caldwell,Fever,G,27,5,1,0
2023,2023-07-02,Grace Berger,Fever,G,4,3,0,1
2023,2023-07-02,Betnijah Laney,Liberty,F,32,10,5,4
2023,2023-07-02,Breanna Stewart,Liberty,F,35,20,8,6
2023,2023-07-02,Jonquel Jones,Liberty,F,23,8,2,2
2023,2023-07-02,Courtney Vandersloot,Liberty,G,33,18,5,13
2023,2023-07-02,Sabrina Ionescu,Liberty,G,29,13,7,4
2023,2023-07-02,Kayla Thornton,Liberty,F,18,3,5,0
2023,2023-07-02,Nyara Sabally,Liberty,F,12,3,5,0
2023,2023-07-02,Marine Johannes,Liberty,G,17,6,0,1
2023,2023-07-02,Joyner Holmes,Storm,F,16,0,2,0
2023,2023-07-02,Ezi Magbegor,Storm,C,35,12,9,4
2023,2023-07-02,Jewell Loyd,Storm,G,38,27,4,3
2023,2023-07-02,Kia Nurse,Storm,G,22,10,5,3
2023,2023-07-02,Ivana Dojkic,Storm,G,16,2,3,0
2023,2023-07-02,Dulcy Fankam Mendjiadeu,Storm,F,17,5,5,1
2023,2023-07-02,Mercedes Russell,Storm,C,5,0,0,0
2023,2023-07-02,Sami Whitcomb,Storm,G,26,10,2,2
2023,2023-07-02,Jordan Horston,Storm,G,16,0,2,3
2023,2023-07-02,Jade Melbourne,Storm,G,8,0,1,0
2023,2023-07-01,DeWanna Bonner,Sun,F,33,19,2,0
2023,2023-07-01,Alyssa Thomas,Sun,F,33,12,5,11
2023,2023-07-01,Tiffany Hayes,Sun,G,22,8,1,4
2023,2023-07-01,Rebecca Allen,Sun,G,20,0,2,0
2023,2023-07-01,Natisha Hiedeman,Sun,G,19,13,2,2
2023,2023-07-01,Liz Dixon,Sun,F,6,0,1,1
2023,2023-07-01,Olivia Nelson-Ododa,Sun,F,23,9,4,1
2023,2023-07-01,Tyasha Harris,Sun,G,15,6,1,0
2023,2023-07-01,DiJonai Carrington,Sun,G,22,12,4,3
2023,2023-07-01,Leigha Brown,Sun,G,7,5,2,0
2023,2023-07-01,Candace Parker,Aces,F,26,15,3,8
2023,2023-07-01,A'ja Wilson,Aces,F,29,23,13,5
2023,2023-07-01,Chelsea Gray,Aces,G,29,11,4,4
2023,2023-07-01,Kelsey Plum,Aces,G,25,25,3,1
2023,2023-07-01,Jackie Young,Aces,G,28,11,6,4
2023,2023-07-01,Alysha Clark,Aces,F,23,9,5,1
2023,2023-07-01,Cayla George,Aces,F,5,2,3,0
2023,2023-07-01,Kiah Stokes,Aces,C,20,0,5,0
2023,2023-07-01,Sydney Colson,Aces,G,5,0,0,2
2023,2023-07-01,Kierstan Bell,Aces,G,10,6,0,0
2023,2023-07-01,Napheesa Collier,Lynx,F,37,16,9,3
2023,2023-07-01,Dorka Juhasz,Lynx,F,30,6,6,2
2023,2023-07-01,Diamond Miller,Lynx,F,29,25,6,0
2023,2023-07-01,Kayla McBride,Lynx,G,29,8,1,0
2023,2023-07-01,Lindsay Allen,Lynx,G,29,8,1,8
2023,2023-07-01,Bridget Carleton,Lynx,F,15,6,2,1
2023,2023-07-01,Emily Engstler,Lynx,F,3,0,1,0
2023,2023-07-01,Nikolina Milic,Lynx,F,10,4,3,0
2023,2023-07-01,Rachel Banham,Lynx,G,15,13,1,2
2023,2023-07-01,Kayana Traylor,Lynx,G,2,0,0,0
2023,2023-07-01,Brianna Turner,Mercury,F,37,2,13,1
2023,2023-07-01,Michaela Onyenwere,Mercury,F,20,10,5,1
2023,2023-07-01,Brittney Griner,Mercury,C,34,23,5,1
2023,2023-07-01,Diana Taurasi,Mercury,G,26,7,2,5
2023,2023-07-01,Moriah Jefferson,Mercury,G,27,14,4,7
2023,2023-07-01,Kadi Sissoko,Mercury,F,4,0,0,0
2023,2023-07-01,Megan Gustafson,Mercury,C,4,0,2,0
2023,2023-07-01,Shey Peddy,Mercury,G,12,8,1,1
2023,2023-07-01,Jennie Simms,Mercury,G,13,2,2,1
2023,2023-07-01,Sug Sutton,Mercury,G,24,10,1,2
2023,2023-06-30,Tianna Hawkins,Mystics,F,23,7,4,0
2023,2023-06-30,Elena Delle Donne,Mystics,F,34,31,5,0
2023,2023-06-30,Natasha Cloud,Mystics,G,36,15,3,6
2023,2023-06-30,Brittney Sykes,Mystics,G,23,15,6,2
2023,2023-06-30,Ariel Atkins,Mystics,G,29,10,5,2
2023,2023-06-30,Myisha Hines-Allen,Mystics,F,14,2,4,1
2023,2023-06-30,Amanda Zahui B.,Mystics,C,9,2,1,0
2023,2023-06-30,Linnae Harper,Mystics,G,1,0,0,0
2023,2023-06-30,Shatori Walker-Kimbrough,Mystics,G,29,5,4,3
2023,2023-06-30,Abby Meyers,Mystics,G,3,2,2,0
2023,2023-06-30,Cheyenne Parker,Dream,F,21,6,4,0
2023,2023-06-30,Nia Coffey,Dream,F,26,15,4,2
2023,2023-06-30,Danielle Robinson,Dream,G,17,2,2,2
2023,2023-06-30,Allisha Gray,Dream,G,40,26,5,4
2023,2023-06-30,Rhyne Howard,Dream,G,39,14,5,8
2023,2023-06-30,Monique Billings,Dream,F,19,9,6,0
2023,2023-06-30,Naz Hillmon,Dream,F,2,2,1,0
2023,2023-06-30,Laeticia Amihere,Dream,F,14,5,1,0
2023,2023-06-30,AD Durr,Dream,G,17,15,2,2
2023,2023-06-30,Haley Jones,Dream,G,5,0,1,1
2023,2023-06-30,Nneka Ogwumike,Sparks,F,26,14,5,1
2023,2023-06-30,Dearica Hamby,Sparks,F,30,12,12,2
2023,2023-06-30,Karlie Samuelson,Sparks,F,35,11,3,3
2023,2023-06-30,Jasmine Thomas,Sparks,G,19,0,0,1
2023,2023-06-30,Jordin Canada,Sparks,G,16,7,1,4
2023,2023-06-30,Azura Stevens,Sparks,F,25,15,5,1
2023,2023-06-30,Destanni Henderson,Sparks,G,24,6,0,3
2023,2023-06-30,Rae Burrell,Sparks,G,6,3,1,1
2023,2023-06-30,Zia Cooke,Sparks,G,19,10,3,0
2023,2023-06-30,Alanna Smith,Sky,F,33,18,6,3
2023,2023-06-30,Elizabeth Williams,Sky,C,26,12,4,4
2023,2023-06-30,Courtney Williams,Sky,G,26,12,11,13
2023,2023-06-30,Kahleah Copper,Sky,G,31,17,4,0
2023,2023-06-30,Marina Mabrey,Sky,G,29,15,3,3
2023,2023-06-30,Robyn Parks,Sky,F,8,0,0,1
2023,2023-06-30,Morgan Bertsch,Sky,F,21,4,1,0
2023,2023-06-30,Dana Evans,Sky,G,27,8,2,4
2023,2023-06-29,Betnijah Laney,Liberty,F,24,3,4,1
2023,2023-06-29,Breanna Stewart,Liberty,F,28,16,5,3
2023,2023-06-29,Jonquel Jones,Liberty,F,24,13,6,1
2023,2023-06-29,Courtney Vandersloot,Liberty,G,28,10,2,5
2023,2023-06-29,Sabrina Ionescu,Liberty,G,24,7,6,7
2023,2023-06-29,Kayla Thornton,Liberty,F,27,3,4,0
2023,2023-06-29,Nyara Sabally,Liberty,F,9,6,2,0
2023,2023-06-29,Epiphanny Prince,Liberty,G,7,8,0,2
2023,2023-06-29,Marine Johannes,Liberty,G,19,10,2,2
2023,2023-06-29,Jocelyn Willoughby,Liberty,G,10,5,0,0
2023,2023-06-29,Candace Parker,Aces,F,24,15,6,5
2023,2023-06-29,A'ja Wilson,Aces,F,31,16,3,3
2023,2023-06-29,Chelsea Gray,Aces,G,32,14,2,6
2023,2023-06-29,Kelsey Plum,Aces,G,32,18,3,8
2023,2023-06-29,Jackie Young,Aces,G,30,15,5,6
2023,2023-06-29,Alysha Clark,Aces,F,20,9,2,1
2023,2023-06-29,Cayla George,Aces,F,5,2,1,0
2023,2023-06-29,Kiah Stokes,Aces,C,18,7,5,0
2023,2023-06-29,Sydney Colson,Aces,G,5,0,0,3
2023,2023-06-29,Kierstan Bell,Aces,G,5,2,0,0
2023,2023-06-29,NaLyssa Smith,Fever,F,23,10,9,1
2023,2023-06-29,Aliyah Boston,Fever,F,27,6,9,4
2023,2023-06-29,Erica Wheeler,Fever,G,26,8,2,4
2023,2023-06-29,Kelsey Mitchell,Fever,G,32,15,2,4
2023,2023-06-29,Lexie Hull,Fever,G,23,4,1,0
2023,2023-06-29,Emma Cannon,Fever,F,12,4,3,0
2023,2023-06-29,Victaria Saxton,Fever,F,2,0,1,0
2023,2023-06-29,Queen Egbo,Fever,C,6,0,3,0
2023,2023-06-29,Victoria Vivians,Fever,G,13,2,1,2
2023,2023-06-29,Kristy Wallace,Fever,G,20,9,1,0
2023,2023-06-29,Maya Caldwell,Fever,G,12,3,1,1
2023,2023-06-29,Grace Berger,Fever,G,5,2,0,1
2023,2023-06-29,Brianna Turner,Mercury,F,33,11,6,3
2023,2023-06-29,Brittney Griner,Mercury,C,26,22,5,3
2023,2023-06-29,Diana Taurasi,Mercury,G,26,17,3,6
2023,2023-06-29,Moriah Jefferson,Mercury,G,15,9,1,2
2023,2023-06-29,Sophie Cunningham,Mercury,G,16,2,0,4
2023,2023-06-29,Michaela Onyenwere,Mercury,F,29,9,7,4
2023,2023-06-29,Kadi Sissoko,Mercury,F,10,4,1,1
2023,2023-06-29,Alaina Coates,Mercury,C,4,2,0,0
2023,2023-06-29,Jennie Simms,Mercury,G,15,2,4,1
2023,2023-06-29,Sug Sutton,Mercury,G,26,7,3,4
2023,2023-06-29,Napheesa Collier,Lynx,F,45,31,8,5
2023,2023-06-29,Dorka Juhasz,Lynx,F,31,11,8,3
2023,2023-06-29,Diamond Miller,Lynx,F,25,19,4,2
2023,2023-06-29,Kayla McBride,Lynx,G,40,19,6,3
2023,2023-06-29,Lindsay Allen,Lynx,G,30,5,1,6
2023,2023-06-29,Bridget Carleton,Lynx,F,22,6,2,1
2023,2023-06-29,Emily Engstler,Lynx,F,2,0,1,0
2023,2023-06-29,Nikolina Milic,Lynx,F,14,5,3,2
2023,2023-06-29,Rachel Banham,Lynx,G,14,3,3,3
2023,2023-06-29,Kayana Traylor,Lynx,G,1,0,0,0
2023,2023-06-29,Joyner Holmes,Storm,F,21,0,4,1
2023,2023-06-29,Ezi Magbegor,Storm,C,41,16,16,4
2023,2023-06-29,Jewell Loyd,Storm,G,40,41,9,2
2023,2023-06-29,Kia Nurse,Storm,G,23,3,2,1
2023,2023-06-29,Ivana Dojkic,Storm,G,39,7,6,10
2023,2023-06-29,Dulcy Fankam Mendjiadeu,Storm,F,27,8,9,0
2023,2023-06-29,Sami Whitcomb,Storm,G,30,22,2,3
2023,2023-06-29,Jade Melbourne,Storm,G,4,0,0,0
2023,2023-06-28,Nneka Ogwumike,Sparks,F,33,16,11,2
2023,2023-06-28,Dearica Hamby,Sparks,F,21,6,5,4
2023,2023-06-28,Karlie Samuelson,Sparks,F,29,11,2,2
2023,2023-06-28,Azura Stevens,Sparks,F,18,2,3,0
2023,2023-06-28,Jordin Canada,Sparks,G,29,13,3,5
2023,2023-06-28,Chiney Ogwumike,Sparks,F,22,11,5,0
2023,2023-06-28,Jasmine Thomas,Sparks,G,17,4,4,1
2023,2023-06-28,Destanni Henderson,Sparks,G,11,0,0,1
2023,2023-06-28,Rae Burrell,Sparks,G,6,0,1,0
2023,2023-06-28,Zia Cooke,Sparks,G,13,0,0,2
2023,2023-06-28,Alanna Smith,Sky,F,34,9,7,2
2023,2023-06-28,Elizabeth Williams,Sky,C,30,8,3,1
2023,2023-06-28,Courtney Williams,Sky,G,28,21,9,2
2023,2023-06-28,Kahleah Copper,Sky,G,30,14,6,2
2023,2023-06-28,Marina Mabrey,Sky,G,31,13,5,4
2023,2023-06-28,Robyn Parks,Sky,F,10,0,1,0
2023,2023-06-28,Morgan Bertsch,Sky,F,14,4,3,2
2023,2023-06-28,Taylor Soule,Sky,F,1,0,0,1
2023,2023-06-28,Sika Kone,Sky,F,1,0,0,0
2023,2023-06-28,Dana Evans,Sky,G,20,11,1,2
2023,2023-06-28,Cheyenne Parker,Dream,F,23,23,8,0
2023,2023-06-28,Nia Coffey,Dream,F,23,14,4,1
2023,2023-06-28,Danielle Robinson,Dream,G,18,6,0,6
2023,2023-06-28,Allisha Gray,Dream,G,36,17,3,3
2023,2023-06-28,Rhyne Howard,Dream,G,26,8,1,4
2023,2023-06-28,Monique Billings,Dream,F,16,4,6,0
2023,2023-06-28,Naz Hillmon,Dream,F,8,4,3,0
2023,2023-06-28,Laeticia Amihere,Dream,F,17,7,5,2
2023,2023-06-28,AD Durr,Dream,G,10,3,1,0
2023,2023-06-28,Taylor Mikesell,Dream,G,3,0,0,0
2023,2023-06-28,Haley Jones,Dream,G,20,0,1,5
2023,2023-06-28,Tianna Hawkins,Mystics,F,25,13,11,1
2023,2023-06-28,Elena Delle Donne,Mystics,F,26,25,7,4
2023,2023-06-28,Natasha Cloud,Mystics,G,30,8,4,7
2023,2023-06-28,Brittney Sykes,Mystics,G,32,12,4,10
2023,2023-06-28,Ariel Atkins,Mystics,G,26,19,5,3
2023,2023-06-28,Myisha Hines-Allen,Mystics,F,17,16,3,0
2023,2023-06-28,Amanda Zahui B.,Mystics,C,12,3,3,0
2023,2023-06-28,Shatori Walker-Kimbrough,Mystics,G,22,11,2,1
2023,2023-06-28,Abby Meyers,Mystics,G,10,2,2,0
2023,2023-06-27,Betnijah Laney,Liberty,F,34,16,3,1
2023,2023-06-27,Breanna Stewart,Liberty,F,36,24,9,3
2023,2023-06-27,Jonquel Jones,Liberty,F,32,14,11,2
2023,2023-06-27,Courtney Vandersloot,Liberty,G,34,17,6,9
2023,2023-06-27,Sabrina Ionescu,Liberty,G,27,6,3,5
2023,2023-06-27,Kayla Thornton,Liberty,F,14,7,3,1
2023,2023-06-27,Nyara Sabally,Liberty,F,8,2,1,1
2023,2023-06-27,Marine Johannes,Liberty,G,15,3,2,2
2023,2023-06-27,DeWanna Bonner,Sun,F,26,12,5,1
2023,2023-06-27,Alyssa Thomas,Sun,F,40,11,10,10
2023,2023-06-27,Tiffany Hayes,Sun,G,19,6,0,0
2023,2023-06-27,Rebecca Allen,Sun,G,30,2,1,1
2023,2023-06-27,Natisha Hiedeman,Sun,G,15,6,5,2
2023,2023-06-27,Olivia Nelson-Ododa,Sun,F,21,14,5,1
2023,2023-06-27,Tyasha Harris,Sun,G,25,7,2,1
2023,2023-06-27,DiJonai Carrington,Sun,G,25,23,6,2
2023,2023-06-27,Mercedes Russell,Storm,C,13,4,2,2
2023,2023-06-27,Ezi Magbegor,Storm,C,37,20,6,1
2023,2023-06-27,Jewell Loyd,Storm,G,36,14,9,1
2023,2023-06-27,Kia Nurse,Storm,G,26,10,5,3
2023,2023-06-27,Ivana Dojkic,Storm,G,32,14,2,9
2023,2023-06-27,Joyner Holmes,Storm,F,27,11,8,3
2023,2023-06-27,Sami Whitcomb,Storm,G,23,20,1,2
2023,2023-06-27,Yvonne Turner,Storm,G,5,0,0,0
2023,2023-06-27,Napheesa Collier,Lynx,F,34,33,10,1
2023,2023-06-27,Dorka Juhasz,Lynx,F,29,10,12,3
2023,2023-06-27,Diamond Miller,Lynx,F,31,18,4,5
2023,2023-06-27,Kayla McBride,Lynx,G,30,18,2,1
2023,2023-06-27,Lindsay Allen,Lynx,G,34,11,4,9
2023,2023-06-27,Bridget Carleton,Lynx,F,10,2,2,0
2023,2023-06-27,Emily Engstler,Lynx,F,5,0,1,0
2023,2023-06-27,Nikolina Milic,Lynx,F,13,9,2,1
2023,2023-06-27,Rachel Banham,Lynx,G,13,3,1,5
2023,2023-06-27,Kayana Traylor,Lynx,G,1,0,0,0
2023,2023-06-27,Natasha Howard,Wings,F,28,19,10,4
2023,2023-06-27,Satou Sabally,Wings,F,36,18,12,6
2023,2023-06-27,Teaira McCowan,Wings,C,23,8,3,1
2023,2023-06-27,Arike Ogunbowale,Wings,G,36,23,2,3
2023,2023-06-27,Crystal Dangerfield,Wings,G,23,0,3,4
2023,2023-06-27,Maddy Siegrist,Wings,F,12,2,2,0
2023,2023-06-27,Awak Kuier,Wings,F,11,4,3,1
2023,2023-06-27,Kalani Brown,Wings,C,14,0,2,1
2023,2023-06-27,Veronica Burton,Wings,G,17,3,0,0
2023,2023-06-27,Brianna Turner,Mercury,F,35,4,7,2
2023,2023-06-27,Michaela Onyenwere,Mercury,F,35,12,3,3
2023,2023-06-27,Brittney Griner,Mercury,C,29,20,5,3
2023,2023-06-27,Diana Taurasi,Mercury,G,27,6,3,2
2023,2023-06-27,Moriah Jefferson,Mercury,G,30,11,3,4
2023,2023-06-27,Kadi Sissoko,Mercury,F,4,0,0,0
2023,2023-06-27,Alaina Coates,Mercury,C,2,0,0,0
2023,2023-06-27,Jennie Simms,Mercury,G,15,3,3,0
2023,2023-06-27,Sug Sutton,Mercury,G,23,6,1,4
2023,2023-06-26,NaLyssa Smith,Fever,F,34,13,14,2
2023,2023-06-26,Aliyah Boston,Fever,F,34,20,14,3
2023,2023-06-26,Erica Wheeler,Fever,G,34,20,3,3
2023,2023-06-26,Kelsey Mitchell,Fever,G,35,14,0,2
2023,2023-06-26,Lexie Hull,Fever,G,24,5,5,0
2023,2023-06-26,Queen Egbo,Fever,C,3,0,0,0
2023,2023-06-26,Victoria Vivians,Fever,G,10,0,1,0
2023,2023-06-26,Kristy Wallace,Fever,G,20,3,1,1
2023,2023-06-26,Maya Caldwell,Fever,G,6,5,1,1
2023,2023-06-26,Candace Parker,Aces,F,25,1,12,3
2023,2023-06-26,A'ja Wilson,Aces,F,34,24,10,3
2023,2023-06-26,Chelsea Gray,Aces,G,33,25,4,5
2023,2023-06-26,Kelsey Plum,Aces,G,33,17,3,3
2023,2023-06-26,Jackie Young,Aces,G,35,16,2,0
2023,2023-06-26,Alysha Clark,Aces,F,20,3,3,1
2023,2023-06-26,Kiah Stokes,Aces,C,15,0,4,0
2023,2023-06-26,Kierstan Bell,Aces,G,4,2,1,0
2023,2023-06-25,Alanna Smith,Sky,F,27,11,5,2
2023,2023-06-25,Elizabeth Williams,Sky,C,25,6,6,2
2023,2023-06-25,Courtney Williams,Sky,G,31,11,5,5
2023,2023-06-25,Kahleah Copper,Sky,G,34,29,7,2
2023,2023-06-25,Marina Mabrey,Sky,G,33,10,2,5
2023,2023-06-25,Robyn Parks,Sky,F,15,0,2,1
2023,2023-06-25,Morgan Bertsch,Sky,F,8,0,1,1
2023,2023-06-25,Kristine Anigwe,Sky,F,6,1,1,0
2023,2023-06-25,Dana Evans,Sky,G,21,4,1,5
2023,2023-06-25,DeWanna Bonner,Sun,F,30,26,8,1
2023,2023-06-25,Alyssa Thomas,Sun,F,33,14,11,12
2023,2023-06-25,Tiffany Hayes,Sun,G,26,11,1,3
2023,2023-06-25,Rebecca Allen,Sun,G,23,5,2,2
2023,2023-06-25,Natisha Hiedeman,Sun,G,29,14,1,5
2023,2023-06-25,Liz Dixon,Sun,F,2,2,1,0
2023,2023-06-25,Olivia Nelson-Ododa,Sun,F,15,4,6,1
2023,2023-06-25,Tyasha Harris,Sun,G,11,3,1,2
2023,2023-06-25,DiJonai Carrington,Sun,G,29,17,7,4
2023,2023-06-25,Leigha Brown,Sun,G,2,0,0,0
2023,2023-06-25,Elena Delle Donne,Mystics,F,36,15,6,3
2023,2023-06-25,Shakira Austin,Mystics,C,22,6,5,0
2023,2023-06-25,Natasha Cloud,Mystics,G,38,23,6,11
2023,2023-06-25,Brittney Sykes,Mystics,G,37,13,2,4
2023,2023-06-25,Ariel Atkins,Mystics,G,37,24,4,0
2023,2023-06-25,Tianna Hawkins,Mystics,F,21,2,4,1
2023,2023-06-25,Myisha Hines-Allen,Mystics,F,14,5,2,0
2023,2023-06-25,Shatori Walker-Kimbrough,Mystics,G,13,0,0,0
2023,2023-06-25,Abby Meyers,Mystics,G,6,0,0,0
2023,2023-06-25,Betnijah Laney,Liberty,F,36,17,6,2
2023,2023-06-25,Breanna Stewart,Liberty,F,40,18,6,3
2023,2023-06-25,Jonquel Jones,Liberty,F,23,0,10,1
2023,2023-06-25,Courtney Vandersloot,Liberty,G,32,11,7,6
2023,2023-06-25,Sabrina Ionescu,Liberty,G,38,31,3,6
2023,2023-06-25,Kayla Thornton,Liberty,F,24,5,4,1
2023,2023-06-25,Nyara Sabally,Liberty,F,13,4,4,0
2023,2023-06-25,Marine Johannes,Liberty,G,18,3,5,0
2023,2023-06-25,Natasha Howard,Wings,F,38,13,5,0
2023,2023-06-25,Satou Sabally,Wings,F,22,8,3,5
2023,2023-06-25,Teaira McCowan,Wings,C,24,14,9,0
2023,2023-06-25,Arike Ogunbowale,Wings,G,38,18,2,8
2023,2023-06-25,Crystal Dangerfield,Wings,G,36,18,6,5
2023,2023-06-25,Maddy Siegrist,Wings,F,1,0,0,0
2023,2023-06-25,Awak Kuier,Wings,F,13,2,1,1
2023,2023-06-25,Kalani Brown,Wings,C,23,10,7,1
2023,2023-06-25,Veronica Burton,Wings,G,4,0,0,0
2023,2023-06-25,Jasmine Dickey,Wings,G,2,0,2,0
2023,2023-06-25,Nneka Ogwumike,Sparks,F,35,27,12,4
2023,2023-06-25,Dearica Hamby,Sparks,F,32,17,4,2
2023,2023-06-25,Karlie Samuelson,Sparks,F,35,14,3,4
2023,2023-06-25,Azura Stevens,Sparks,F,16,7,6,1
2023,2023-06-25,Jordin Canada,Sparks,G,37,10,2,9
2023,2023-06-25,Chiney Ogwumike,Sparks,F,16,2,3,1
2023,2023-06-25,Destanni Henderson,Sparks,G,18,9,2,3
2023,2023-06-25,Rae Burrell,Sparks,G,6,3,0,1
2023,2023-06-25,Zia Cooke,Sparks,G,6,4,0,0
2023,2023-06-24,NaLyssa Smith,Fever,F,35,26,11,2
2023,2023-06-24,Aliyah Boston,Fever,F,31,18,9,0
2023,2023-06-24,Erica Wheeler,Fever,G,17,4,1,6
2023,2023-06-24,Kelsey Mitchell,Fever,G,27,9,0,1
2023,2023-06-24,Lexie Hull,Fever,G,30,15,4,4
2023,2023-06-24,Emma Cannon,Fever,F,3,0,0,1
2023,2023-06-24,Victaria Saxton,Fever,F,1,0,0,0
2023,2023-06-24,Queen Egbo,Fever,C,8,3,4,0
2023,2023-06-24,Victoria Vivians,Fever,G,18,0,1,2
2023,2023-06-24,Kristy Wallace,Fever,G,25,13,1,6
2023,2023-06-24,Maya Caldwell,Fever,G,5,0,0,0
2023,2023-06-24,Candace Parker,Aces,F,25,15,5,3
2023,2023-06-24,A'ja Wilson,Aces,F,30,28,10,3
2023,2023-06-24,Chelsea Gray,Aces,G,36,13,3,12
2023,2023-06-24,Kelsey Plum,Aces,G,32,26,0,1
2023,2023-06-24,Jackie Young,Aces,G,34,10,4,8
2023,2023-06-24,Alysha Clark,Aces,F,16,9,1,0
2023,2023-06-24,Cayla George,Aces,F,1,0,0,0
2023,2023-06-24,Kiah Stokes,Aces,C,21,0,8,0
2023,2023-06-24,Sydney Colson,Aces,G,1,0,0,0
2023,2023-06-24,Kierstan Bell,Aces,G,4,0,0,0
2023,2023-06-24,Michaela Onyenwere,Mercury,F,29,14,3,2
2023,2023-06-24,Brittney Griner,Mercury,C,20,11,6,2
2023,2023-06-24,Diana Taurasi,Mercury,G,19,13,4,1
2023,2023-06-24,Sophie Cunningham,Mercury,G,14,3,2,1
2023,2023-06-24,Sug Sutton,Mercury,G,36,2,2,7
2023,2023-06-24,Brianna Turner,Mercury,F,20,4,5,0
2023,2023-06-24,Kadi Sissoko,Mercury,F,4,0,0,0
2023,2023-06-24,Megan Gustafson,Mercury,C,12,5,2,0
2023,2023-06-24,Moriah Jefferson,Mercury,G,25,18,1,1
2023,2023-06-24,Jennie Simms,Mercury,G,20,4,3,1
2023,2023-06-24,Mercedes Russell,Storm,C,24,7,4,0
2023,2023-06-24,Ezi Magbegor,Storm,C,27,15,5,3
2023,2023-06-24,Jewell Loyd,Storm,G,29,24,7,3
2023,2023-06-24,Kia Nurse,Storm,G,19,9,1,4
2023,2023-06-24,Ivana Dojkic,Storm,G,16,6,4,3
2023,2023-06-24,Joyner Holmes,Storm,F,26,12,6,2
2023,2023-06-24,Dulcy Fankam Mendjiadeu,Storm,F,4,4,1,0
2023,2023-06-24,Sami Whitcomb,Storm,G,25,14,3,2
2023,2023-06-24,Yvonne Turner,Storm,G,22,6,1,3
2023,2023-06-24,Arella Guirantes,Storm,G,4,0,1,2
2023,2023-06-24,Jade Melbourne,Storm,G,4,0,0,1
2023,2023-06-23,Betnijah Laney,Liberty,F,24,19,3,3
2023,2023-06-23,Breanna Stewart,Liberty,F,26,13,11,6
2023,2023-06-23,Jonquel Jones,Liberty,F,24,18,9,0
2023,2023-06-23,Courtney Vandersloot,Liberty,G,28,16,3,11
2023,2023-06-23,Sabrina Ionescu,Liberty,G,26,8,6,4
2023,2023-06-23,Kayla Thornton,Liberty,F,18,10,4,1
2023,2023-06-23,Nyara Sabally,Liberty,F,14,2,3,0
2023,2023-06-23,Stefanie Dolson,Liberty,C,12,3,2,1
2023,2023-06-23,Marine Johannes,Liberty,G,24,18,1,2
2023,2023-06-23,Jocelyn Willoughby,Liberty,G,4,3,0,1
2023,2023-06-23,Cheyenne Parker,Dream,F,25,13,2,1
2023,2023-06-23,Nia Coffey,Dream,F,15,0,2,2
2023,2023-06-23,Allisha Gray,Dream,G,30,17,4,2
2023,2023-06-23,Rhyne Howard,Dream,G,26,24,6,2
2023,2023-06-23,Haley Jones,Dream,G,24,2,1,3
2023,2023-06-23,Monique Billings,Dream,F,18,7,9,1
2023,2023-06-23,Naz Hillmon,Dream,F,12,2,4,1
2023,2023-06-23,Laeticia Amihere,Dream,F,12,2,2,1
2023,2023-06-23,Danielle Robinson,Dream,G,16,6,4,2
2023,2023-06-23,AD Durr,Dream,G,16,5,3,0
2023,2023-06-23,Taylor Mikesell,Dream,G,6,2,0,0
2023,2023-06-23,Natasha Howard,Wings,F,38,23,12,2
2023,2023-06-23,Satou Sabally,Wings,F,34,13,11,3
2023,2023-06-23,Teaira McCowan,Wings,C,29,6,8,0
2023,2023-06-23,Arike Ogunbowale,Wings,G,38,16,5,4
2023,2023-06-23,Crystal Dangerfield,Wings,G,29,7,4,2
2023,2023-06-23,Maddy Siegrist,Wings,F,3,2,2,0
2023,2023-06-23,Awak Kuier,Wings,F,2,2,1,0
2023,2023-06-23,Kalani Brown,Wings,C,13,3,4,0
2023,2023-06-23,Ashley Joens,Wings,G,0,0,0,0
2023,2023-06-23,Veronica Burton,Wings,G,11,2,1,0
2023,2023-06-23,Jasmine Dickey,Wings,G,2,0,0,0
2023,2023-06-23,Nneka Ogwumike,Sparks,F,34,20,7,2
2023,2023-06-23,Dearica Hamby,Sparks,F,21,2,10,3
2023,2023-06-23,Karlie Samuelson,Sparks,F,20,5,0,1
2023,2023-06-23,Azura Stevens,Sparks,F,28,4,7,1
2023,2023-06-23,Jordin Canada,Sparks,G,33,18,1,6
2023,2023-06-23,Chiney Ogwumike,Sparks,F,21,5,5,1
2023,2023-06-23,Jasmine Thomas,Sparks,G,4,0,1,1
2023,2023-06-23,Destanni Henderson,Sparks,G,26,18,1,1
2023,2023-06-23,Rae Burrell,Sparks,G,7,2,0,0
2023,2023-06-23,Zia Cooke,Sparks,G,6,2,0,0
2023,2023-06-22,Elena Delle Donne,Mystics,F,28,18,8,4
2023,2023-06-22,Shakira Austin,Mystics,C,26,10,7,0
2023,2023-06-22,Natasha Cloud,Mystics,G,30,16,3,3
2023,2023-06-22,Brittney Sykes,Mystics,G,27,8,11,5
2023,2023-06-22,Ariel Atkins,Mystics,G,26,12,2,3
2023,2023-06-22,Tianna Hawkins,Mystics,F,17,4,5,0
2023,2023-06-22,Myisha Hines-Allen,Mystics,F,14,2,2,2
2023,2023-06-22,Amanda Zahui B.,Mystics,C,2,0,0,1
2023,2023-06-22,Shatori Walker-Kimbrough,Mystics,G,23,8,3,2
2023,2023-06-22,Abby Meyers,Mystics,G,6,2,0,0
2023,2023-06-22,Alanna Smith,Sky,F,26,13,8,1
2023,2023-06-22,Elizabeth Williams,Sky,C,27,6,5,1
2023,2023-06-22,Courtney Williams,Sky,G,31,5,4,9
2023,2023-06-22,Kahleah Copper,Sky,G,31,7,5,0
2023,2023-06-22,Marina Mabrey,Sky,G,29,8,4,2
2023,2023-06-22,Robyn Parks,Sky,F,16,3,0,0
2023,2023-06-22,Morgan Bertsch,Sky,F,18,7,1,0
2023,2023-06-22,Kristine Anigwe,Sky,F,7,3,1,1
2023,2023-06-22,Taylor Soule,Sky,F,2,0,1,0
2023,2023-06-22,Sika Kone,Sky,F,2,2,1,0
2023,2023-06-22,Dana Evans,Sky,G,12,5,0,0
2023,2023-06-22,DeWanna Bonner,Sun,F,20,11,7,1
2023,2023-06-22,Alyssa Thomas,Sun,F,28,15,9,2
2023,2023-06-22,Tiffany Hayes,Sun,G,24,21,6,1
2023,2023-06-22,Rebecca Allen,Sun,G,29,8,4,0
2023,2023-06-22,Natisha Hiedeman,Sun,G,22,4,3,1
2023,2023-06-22,Liz Dixon,Sun,F,4,2,0,0
2023,2023-06-22,Olivia Nelson-Ododa,Sun,F,19,4,4,4
2023,2023-06-22,Tyasha Harris,Sun,G,19,6,2,2
2023,2023-06-22,DiJonai Carrington,Sun,G,22,17,5,1
2023,2023-06-22,Leigha Brown,Sun,G,12,1,0,2
2023,2023-06-22,Bridget Carleton,Lynx,F,20,4,5,0
2023,2023-06-22,Napheesa Collier,Lynx,F,34,21,7,2
2023,2023-06-22,Dorka Juhasz,Lynx,F,26,8,6,2
2023,2023-06-22,Kayla McBride,Lynx,G,23,4,1,2
2023,2023-06-22,Tiffany Mitchell,Lynx,G,19,6,3,0
2023,2023-06-22,Emily Engstler,Lynx,F,17,6,7,5
2023,2023-06-22,Nikolina Milic,Lynx,F,15,6,3,2
2023,2023-06-22,Rachel Banham,Lynx,G,18,5,2,0
2023,2023-06-22,Lindsay Allen,Lynx,G,28,8,3,7
2023,2023-06-22,NaLyssa Smith,Fever,F,29,12,14,0
2023,2023-06-22,Aliyah Boston,Fever,F,31,9,11,5
2023,2023-06-22,Erica Wheeler,Fever,G,18,10,1,5
2023,2023-06-22,Kelsey Mitchell,Fever,G,37,25,0,3
2023,2023-06-22,Lexie Hull,Fever,G,18,6,0,1
2023,2023-06-22,Emma Cannon,Fever,F,11,10,8,0
2023,2023-06-22,Victaria Saxton,Fever,F,3,0,2,0
2023,2023-06-22,Queen Egbo,Fever,C,5,0,4,0
2023,2023-06-22,Kristy Wallace,Fever,G,23,4,6,5
2023,2023-06-22,Maya Caldwell,Fever,G,25,4,1,0
2023,2023-06-22,Mercedes Russell,Storm,C,27,4,8,2
2023,2023-06-22,Ezi Magbegor,Storm,C,38,18,6,1
2023,2023-06-22,Jewell Loyd,Storm,G,37,19,2,4
2023,2023-06-22,Kia Nurse,Storm,G,29,9,3,0
2023,2023-06-22,Ivana Dojkic,Storm,G,37,11,5,6
2023,2023-06-22,Joyner Holmes,Storm,F,7,0,1,1
2023,2023-06-22,Sami Whitcomb,Storm,G,13,3,2,0
2023,2023-06-22,Jordan Horston,Storm,G,11,4,2,1
2023,2023-06-21,Candace Parker,Aces,F,23,8,6,6
2023,2023-06-21,A'ja Wilson,Aces,F,26,20,12,0
2023,2023-06-21,Chelsea Gray,Aces,G,28,11,1,8
2023,2023-06-21,Kelsey Plum,Aces,G,28,21,2,6
2023,2023-06-21,Jackie Young,Aces,G,25,23,0,5
2023,2023-06-21,Alysha Clark,Aces,F,22,4,3,4
2023,2023-06-21,Cayla George,Aces,F,10,6,2,0
2023,2023-06-21,Kiah Stokes,Aces,C,19,0,2,0
2023,2023-06-21,Sydney Colson,Aces,G,4,1,1,0
2023,2023-06-21,Kierstan Bell,Aces,G,15,5,3,0
2023,2023-06-21,Brianna Turner,Mercury,F,27,8,0,1
2023,2023-06-21,Michaela Onyenwere,Mercury,F,29,9,7,3
2023,2023-06-21,Moriah Jefferson,Mercury,G,22,12,0,2
2023,2023-06-21,Sophie Cunningham,Mercury,G,30,14,2,6
2023,2023-06-21,Sug Sutton,Mercury,G,33,21,2,2
2023,2023-06-21,Sam Thomas,Mercury,F,11,0,1,0
2023,2023-06-21,Kadi Sissoko,Mercury,F,10,0,2,0
2023,2023-06-21,Megan Gustafson,Mercury,C,20,10,10,1
2023,2023-06-21,Evina Westbrook,Mercury,G,18,5,2,1
2023,2023-06-20,Cheyenne Parker,Dream,F,27,15,6,1
2023,2023-06-20,Nia Coffey,Dream,F,22,2,1,0
2023,2023-06-20,Allisha Gray,Dream,G,29,9,3,4
2023,2023-06-20,Rhyne Howard,Dream,G,30,15,4,2
2023,2023-06-20,Haley Jones,Dream,G,25,4,2,4
2023,2023-06-20,Monique Billings,Dream,F,13,3,7,2
2023,2023-06-20,Naz Hillmon,Dream,F,13,4,5,0
2023,2023-06-20,Laeticia Amihere,Dream,F,9,4,2,0
2023,2023-06-20,Danielle Robinson,Dream,G,16,6,0,1
2023,2023-06-20,AD Durr,Dream,G,7,2,2,0
2023,2023-06-20,Taylor Mikesell,Dream,G,8,9,1,1
2023,2023-06-20,Natasha Howard,Wings,F,35,23,4,3
2023,2023-06-20,Satou Sabally,Wings,F,32,10,4,4
2023,2023-06-20,Teaira McCowan,Wings,C,23,9,11,0
2023,2023-06-20,Arike Ogunbowale,Wings,G,36,21,2,3
2023,2023-06-20,Crystal Dangerfield,Wings,G,25,4,5,5
2023,2023-06-20,Maddy Siegrist,Wings,F,9,4,1,0
2023,2023-06-20,Awak Kuier,Wings,F,3,0,1,0
2023,2023-06-20,Kalani Brown,Wings,C,16,11,14,1
2023,2023-06-20,Ashley Joens,Wings,G,2,0,2,0
2023,2023-06-20,Veronica Burton,Wings,G,15,3,1,3
2023,2023-06-20,Jasmine Dickey,Wings,G,4,0,1,0
2023,2023-06-20,Bridget Carleton,Lynx,F,25,14,6,1
2023,2023-06-20,Napheesa Collier,Lynx,F,38,26,14,2
2023,2023-06-20,Dorka Juhasz,Lynx,F,8,0,0,0
2023,2023-06-20,Kayla McBride,Lynx,G,36,5,2,2
2023,2023-06-20,Tiffany Mitchell,Lynx,G,26,8,4,2
2023,2023-06-20,Nikolina Milic,Lynx,F,28,9,5,4
2023,2023-06-20,Rachel Banham,Lynx,G,12,0,1,1
2023,2023-06-20,Lindsay Allen,Lynx,G,27,5,3,8
2023,2023-06-20,Nneka Ogwumike,Sparks,F,33,20,9,2
2023,2023-06-20,Dearica Hamby,Sparks,F,28,9,8,0
2023,2023-06-20,Karlie Samuelson,Sparks,F,36,9,2,2
2023,2023-06-20,Azura Stevens,Sparks,F,18,0,2,2
2023,2023-06-20,Jordin Canada,Sparks,G,34,10,5,5
2023,2023-06-20,Chiney Ogwumike,Sparks,F,22,4,6,2
2023,2023-06-20,Jasmine Thomas,Sparks,G,11,0,3,1
2023,2023-06-20,Destanni Henderson,Sparks,G,6,2,0,0
2023,2023-06-20,Rae Burrell,Sparks,G,8,7,2,0
2023,2023-06-20,Zia Cooke,Sparks,G,4,0,0,0
2023,2023-06-20,DeWanna Bonner,Sun,F,30,20,6,3
2023,2023-06-20,Alyssa Thomas,Sun,F,40,13,15,12
2023,2023-06-20,Brionna Jones,Sun,F,30,13,4,3
2023,2023-06-20,Tiffany Hayes,Sun,G,27,12,5,4
2023,2023-06-20,Natisha Hiedeman,Sun,G,35,17,3,2
2023,2023-06-20,Olivia Nelson-Ododa,Sun,F,10,6,1,1
2023,2023-06-20,Rebecca Allen,Sun,G,10,0,3,0
2023,2023-06-20,Tyasha Harris,Sun,G,5,0,0,0
2023,2023-06-20,DiJonai Carrington,Sun,G,13,4,1,0
2023,2023-06-20,Mercedes Russell,Storm,C,26,5,2,1
2023,2023-06-20,Ezi Magbegor,Storm,C,33,13,11,1
2023,2023-06-20,Jewell Loyd,Storm,G,39,33,2,4
2023,2023-06-20,Kia Nurse,Storm,G,19,4,1,5
2023,2023-06-20,Ivana Dojkic,Storm,G,31,5,2,3
2023,2023-06-20,Joyner Holmes,Storm,F,13,3,1,2
2023,2023-06-20,Sami Whitcomb,Storm,G,11,5,2,0
2023,2023-06-20,Jordan Horston,Storm,G,29,11,13,2
2023,2023-06-20,Jade Melbourne,Storm,G,1,0,0,0
2023,2023-06-18,Brianna Turner,Mercury,F,34,6,4,1
2023,2023-06-18,Michaela Onyenwere,Mercury,F,12,5,0,2
2023,2023-06-18,Moriah Jefferson,Mercury,G,29,11,4,1
2023,2023-06-18,Sophie Cunningham,Mercury,G,31,27,2,1
2023,2023-06-18,Sug Sutton,Mercury,G,32,10,3,9
2023,2023-06-18,Kadi Sissoko,Mercury,F,16,4,5,1
2023,2023-06-18,Megan Gustafson,Mercury,C,22,6,7,0
2023,2023-06-18,Shey Peddy,Mercury,G,19,2,2,1
2023,2023-06-18,Evina Westbrook,Mercury,G,5,0,0,0
2023,2023-06-18,Betnijah Laney,Liberty,F,25,8,1,1
2023,2023-06-18,Breanna Stewart,Liberty,F,32,28,14,7
2023,2023-06-18,Jonquel Jones,Liberty,F,23,13,11,3
2023,2023-06-18,Courtney Vandersloot,Liberty,G,31,8,2,6
2023,2023-06-18,Marine Johannes,Liberty,G,26,10,2,3
2023,2023-06-18,Kayla Thornton,Liberty,F,15,6,3,0
2023,2023-06-18,Nyara Sabally,Liberty,F,8,5,1,0
2023,2023-06-18,Stefanie Dolson,Liberty,C,17,6,4,1
2023,2023-06-18,Epiphanny Prince,Liberty,G,11,0,1,2
2023,2023-06-18,Jocelyn Willoughby,Liberty,G,12,5,0,2
2023,2023-06-18,Alanna Smith,Sky,F,26,8,13,0
2023,2023-06-18,Elizabeth Williams,Sky,C,18,9,3,2
2023,2023-06-18,Courtney Williams,Sky,G,25,2,2,6
2023,2023-06-18,Kahleah Copper,Sky,G,31,8,3,4
2023,2023-06-18,Marina Mabrey,Sky,G,32,11,3,3
2023,2023-06-18,Morgan Bertsch,Sky,F,23,16,7,0
2023,2023-06-18,Taylor Soule,Sky,F,10,5,4,1
2023,2023-06-18,Sika Kone,Sky,F,14,7,4,0
2023,2023-06-18,Dana Evans,Sky,G,22,3,1,3
2023,2023-06-18,Elena Delle Donne,Mystics,F,27,20,6,2
2023,2023-06-18,Shakira Austin,Mystics,C,26,12,4,1
2023,2023-06-18,Natasha Cloud,Mystics,G,32,2,3,5
2023,2023-06-18,Brittney Sykes,Mystics,G,27,16,6,4
2023,2023-06-18,Ariel Atkins,Mystics,G,23,9,1,1
2023,2023-06-18,Tianna Hawkins,Mystics,F,14,4,2,1
2023,2023-06-18,Myisha Hines-Allen,Mystics,F,13,4,1,0
2023,2023-06-18,Shatori Walker-Kimbrough,Mystics,G,20,4,0,0
2023,2023-06-18,Li Meng,Mystics,G,19,6,2,2
2023,2023-06-18,Cheyenne Parker,Dream,F,29,15,7,1
2023,2023-06-18,Nia Coffey,Dream,F,24,11,4,6
2023,2023-06-18,Allisha Gray,Dream,G,29,25,2,3
2023,2023-06-18,Rhyne Howard,Dream,G,33,21,6,1
2023,2023-06-18,Haley Jones,Dream,G,26,8,4,5
2023,2023-06-18,Monique Billings,Dream,F,10,0,3,0
2023,2023-06-18,Naz Hillmon,Dream,F,19,6,3,0
2023,2023-06-18,Danielle Robinson,Dream,G,15,7,2,2
2023,2023-06-18,AD Durr,Dream,G,15,7,0,1
2023,2023-06-18,NaLyssa Smith,Fever,F,24,12,7,1
2023,2023-06-18,Aliyah Boston,Fever,F,32,25,6,0
2023,2023-06-18,Erica Wheeler,Fever,G,24,4,3,8
2023,2023-06-18,Kelsey Mitchell,Fever,G,35,24,2,4
2023,2023-06-18,Lexie Hull,Fever,G,17,2,2,0
2023,2023-06-18,Emma Cannon,Fever,F,6,5,1,0
2023,2023-06-18,Queen Egbo,Fever,C,9,3,5,1
2023,2023-06-18,Victoria Vivians,Fever,G,9,2,1,1
2023,2023-06-18,Kristy Wallace,Fever,G,25,13,5,3
2023,2023-06-18,Maya Caldwell,Fever,G,13,2,1,1
2023,2023-06-18,Grace Berger,Fever,G,6,2,1,0
2023,2023-06-18,DeWanna Bonner,Sun,F,34,20,9,1
2023,2023-06-18,Alyssa Thomas,Sun,F,40,16,4,12
2023,2023-06-18,Brionna Jones,Sun,F,33,17,8,3
2023,2023-06-18,Tiffany Hayes,Sun,G,19,9,0,2
2023,2023-06-18,Natisha Hiedeman,Sun,G,25,3,3,4
2023,2023-06-18,Olivia Nelson-Ododa,Sun,F,7,2,1,0
2023,2023-06-18,Rebecca Allen,Sun,G,6,0,1,0
2023,2023-06-18,Tyasha Harris,Sun,G,15,7,0,1
2023,2023-06-18,DiJonai Carrington,Sun,G,21,9,3,1
2023,2023-06-18,Nneka Ogwumike,Sparks,F,36,19,15,5
2023,2023-06-18,Dearica Hamby,Sparks,F,31,8,4,3
2023,2023-06-18,Azura Stevens,Sparks,F,30,12,4,0
2023,2023-06-18,Jordin Canada,Sparks,G,34,14,5,6
2023,2023-06-18,Zia Cooke,Sparks,G,14,2,1,1
2023,2023-06-18,Chiney Ogwumike,Sparks,F,14,6,3,0
2023,2023-06-18,Karlie Samuelson,Sparks,F,24,11,1,0
2023,2023-06-18,Jasmine Thomas,Sparks,G,11,0,0,0
2023,2023-06-18,Destanni Henderson,Sparks,G,6,2,1,3
2023,2023-06-18,Bridget Carleton,Lynx,F,18,3,6,3
2023,2023-06-18,Napheesa Collier,Lynx,F,26,18,7,1
2023,2023-06-18,Dorka Juhasz,Lynx,F,29,4,9,3
2023,2023-06-18,Kayla McBride,Lynx,G,23,7,1,1
2023,2023-06-18,Tiffany Mitchell,Lynx,G,31,8,3,1
2023,2023-06-18,Emily Engstler,Lynx,F,10,2,4,0
2023,2023-06-18,Nikolina Milic,Lynx,F,19,5,5,1
2023,2023-06-18,Rachel Banham,Lynx,G,21,7,1,1
2023,2023-06-18,Lindsay Allen,Lynx,G,23,8,6,1
2023,2023-06-18,Candace Parker,Aces,F,24,11,6,5
2023,2023-06-18,A'ja Wilson,Aces,F,25,8,14,1
2023,2023-06-18,Chelsea Gray,Aces,G,26,17,2,5
2023,2023-06-18,Kelsey Plum,Aces,G,25,21,4,3
2023,2023-06-18,Jackie Young,Aces,G,30,24,4,2
2023,2023-06-18,Alysha Clark,Aces,F,23,5,3,1
2023,2023-06-18,Cayla George,Aces,F,10,0,2,0
2023,2023-06-18,Kiah Stokes,Aces,C,17,3,3,0
2023,2023-06-18,Sydney Colson,Aces,G,6,0,0,1
2023,2023-06-18,Kierstan Bell,Aces,G,14,4,1,0
2023,2023-06-17,Mercedes Russell,Storm,C,34,12,10,5
2023,2023-06-17,Ezi Magbegor,Storm,C,26,15,5,2
2023,2023-06-17,Jewell Loyd,Storm,G,38,39,5,5
2023,2023-06-17,Kia Nurse,Storm,G,32,11,1,2
2023,2023-06-17,Ivana Dojkic,Storm,G,33,14,2,7
2023,2023-06-17,Dulcy Fankam Mendjiadeu,Storm,F,2,2,0,0
2023,2023-06-17,Sami Whitcomb,Storm,G,11,8,4,1
2023,2023-06-17,Jordan Horston,Storm,G,16,8,1,0
2023,2023-06-17,Jade Melbourne,Storm,G,8,0,1,0
2023,2023-06-17,Natasha Howard,Wings,F,39,20,10,3
2023,2023-06-17,Satou Sabally,Wings,F,38,25,7,5
2023,2023-06-17,Kalani Brown,Wings,C,30,2,8,4
2023,2023-06-17,Arike Ogunbowale,Wings,G,38,41,3,3
2023,2023-06-17,Veronica Burton,Wings,G,18,0,2,4
2023,2023-06-17,Maddy Siegrist,Wings,F,3,0,0,1
2023,2023-06-17,Awak Kuier,Wings,F,1,0,0,0
2023,2023-06-17,Crystal Dangerfield,Wings,G,33,15,1,3
2023,2023-06-17,Jasmine Dickey,Wings,G,1,0,0,0
2023,2023-06-16,Brianna Turner,Mercury,F,26,5,7,1
2023,2023-06-16,Michaela Onyenwere,Mercury,F,32,20,9,1
2023,2023-06-16,Moriah Jefferson,Mercury,G,24,10,1,1
2023,2023-06-16,Sophie Cunningham,Mercury,G,27,13,1,2
2023,2023-06-16,Sug Sutton,Mercury,G,35,7,1,8
2023,2023-06-16,Kadi Sissoko,Mercury,F,11,2,2,1
2023,2023-06-16,Megan Gustafson,Mercury,C,16,6,3,0
2023,2023-06-16,Shey Peddy,Mercury,G,16,6,0,3
2023,2023-06-16,Evina Westbrook,Mercury,G,13,0,3,3
2023,2023-06-16,Elena Delle Donne,Mystics,F,29,17,1,3
2023,2023-06-16,Shakira Austin,Mystics,C,9,6,6,1
2023,2023-06-16,Brittney Sykes,Mystics,G,19,16,4,3
2023,2023-06-16,Ariel Atkins,Mystics,G,31,11,2,5
2023,2023-06-16,Li Meng,Mystics,G,27,14,2,0
2023,2023-06-16,Tianna Hawkins,Mystics,F,24,4,8,3
2023,2023-06-16,Myisha Hines-Allen,Mystics,F,13,0,2,2
2023,2023-06-16,Amanda Zahui B.,Mystics,C,10,7,4,0
2023,2023-06-16,Kristi Toliver,Mystics,G,13,6,1,3
2023,2023-06-16,Shatori Walker-Kimbrough,Mystics,G,25,7,4,2
2023,2023-06-16,Bridget Carleton,Lynx,F,23,2,5,2
2023,2023-06-16,Napheesa Collier,Lynx,F,38,25,6,1
2023,2023-06-16,Dorka Juhasz,Lynx,F,29,9,4,3
2023,2023-06-16,Kayla McBride,Lynx,G,31,16,5,1
2023,2023-06-16,Tiffany Mitchell,Lynx,G,28,5,1,3
2023,2023-06-16,Nikolina Milic,Lynx,F,15,10,2,1
2023,2023-06-16,Rachel Banham,Lynx,G,26,7,4,6
2023,2023-06-16,Lindsay Allen,Lynx,G,10,3,2,2
2023,2023-06-16,Nneka Ogwumike,Sparks,F,33,8,5,7
2023,2023-06-16,Dearica Hamby,Sparks,F,30,14,9,3
2023,2023-06-16,Azura Stevens,Sparks,F,18,8,7,0
2023,2023-06-16,Jordin Canada,Sparks,G,40,22,3,5
2023,2023-06-16,Zia Cooke,Sparks,G,25,5,1,1
2023,2023-06-16,Chiney Ogwumike,Sparks,F,13,5,0,0
2023,2023-06-16,Karlie Samuelson,Sparks,F,21,5,1,1
2023,2023-06-16,Jasmine Thomas,Sparks,G,19,5,2,1
2023,2023-06-15,Cheyenne Parker,Dream,F,28,19,2,1
2023,2023-06-15,Nia Coffey,Dream,F,29,2,7,3
2023,2023-06-15,Allisha Gray,Dream,G,45,27,10,2
2023,2023-06-15,Rhyne Howard,Dream,G,40,19,4,6
2023,2023-06-15,Haley Jones,Dream,G,34,10,4,9
2023,2023-06-15,Monique Billings,Dream,F,17,4,4,0
2023,2023-06-15,Naz Hillmon,Dream,F,17,4,5,1
2023,2023-06-15,Laeticia Amihere,Dream,F,0,0,0,0
2023,2023-06-15,AD Durr,Dream,G,15,7,2,1
2023,2023-06-15,DeWanna Bonner,Sun,F,30,20,2,3
2023,2023-06-15,Alyssa Thomas,Sun,F,43,23,6,7
2023,2023-06-15,Brionna Jones,Sun,F,42,28,13,1
2023,2023-06-15,Tiffany Hayes,Sun,G,21,4,4,5
2023,2023-06-15,Natisha Hiedeman,Sun,G,24,0,2,3
2023,2023-06-15,Olivia Nelson-Ododa,Sun,F,3,0,0,0
2023,2023-06-15,Rebecca Allen,Sun,G,18,3,0,0
2023,2023-06-15,Tyasha Harris,Sun,G,16,0,1,2
2023,2023-06-15,DiJonai Carrington,Sun,G,29,10,2,1
2023,2023-06-15,NaLyssa Smith,Fever,F,32,15,8,2
2023,2023-06-15,Aliyah Boston,Fever,F,33,19,8,0
2023,2023-06-15,Erica Wheeler,Fever,G,29,10,4,4
2023,2023-06-15,Kelsey Mitchell,Fever,G,31,15,0,5
2023,2023-06-15,Lexie Hull,Fever,G,10,2,1,0
2023,2023-06-15,Queen Egbo,Fever,C,3,0,0,0
2023,2023-06-15,Victoria Vivians,Fever,G,23,17,2,3
2023,2023-06-15,Kristy Wallace,Fever,G,18,8,2,3
2023,2023-06-15,Maya Caldwell,Fever,G,17,6,1,0
2023,2023-06-15,Grace Berger,Fever,G,4,0,0,0
2023,2023-06-15,Robyn Parks,Sky,F,27,13,3,1
2023,2023-06-15,Alanna Smith,Sky,F,38,8,11,4
2023,2023-06-15,Elizabeth Williams,Sky,C,32,8,2,1
2023,2023-06-15,Courtney Williams,Sky,G,31,0,3,10
2023,2023-06-15,Marina Mabrey,Sky,G,38,36,6,2
2023,2023-06-15,Sika Kone,Sky,F,6,4,1,1
2023,2023-06-15,Dana Evans,Sky,G,27,21,2,3
2023,2023-06-15,Ezi Magbegor,Storm,C,34,23,11,2
2023,2023-06-15,Jewell Loyd,Storm,G,35,17,1,2
2023,2023-06-15,Kia Nurse,Storm,G,24,2,2,1
2023,2023-06-15,Jordan Horston,Storm,G,22,4,5,0
2023,2023-06-15,Ivana Dojkic,Storm,G,32,16,2,3
2023,2023-06-15,Joyner Holmes,Storm,F,3,0,0,0
2023,2023-06-15,Dulcy Fankam Mendjiadeu,Storm,F,11,0,2,0
2023,2023-06-15,Mercedes Russell,Storm,C,11,0,4,2
2023,2023-06-15,Sami Whitcomb,Storm,G,18,0,1,2
2023,2023-06-15,Yvonne Turner,Storm,G,3,0,0,0
2023,2023-06-15,Arella Guirantes,Storm,G,3,1,0,0
2023,2023-06-15,Jade Melbourne,Storm,G,6,0,0,0
2023,2023-06-15,Candace Parker,Aces,F,25,7,4,6
2023,2023-06-15,A'ja Wilson,Aces,F,29,14,12,1
2023,2023-06-15,Chelsea Gray,Aces,G,30,8,4,9
2023,2023-06-15,Kelsey Plum,Aces,G,31,19,1,4
2023,2023-06-15,Jackie Young,Aces,G,27,28,2,1
2023,2023-06-15,Alysha Clark,Aces,F,22,6,6,1
2023,2023-06-15,Cayla George,Aces,F,10,2,1,1
2023,2023-06-15,Kiah Stokes,Aces,C,9,0,4,1
2023,2023-06-15,Sydney Colson,Aces,G,4,0,0,1
2023,2023-06-15,Kierstan Bell,Aces,G,13,12,3,0
2023,2023-06-14,Nneka Ogwumike,Sparks,F,33,20,10,2
2023,2023-06-14,Dearica Hamby,Sparks,F,35,23,8,2
2023,2023-06-14,Azura Stevens,Sparks,F,28,8,2,0
2023,2023-06-14,Lexie Brown,Sparks,G,33,5,4,4
2023,2023-06-14,Jordin Canada,Sparks,G,33,15,1,6
2023,2023-06-14,Karlie Samuelson,Sparks,F,25,6,2,1
2023,2023-06-14,Jasmine Thomas,Sparks,G,4,0,1,1
2023,2023-06-14,Nia Clouden,Sparks,G,3,0,0,0
2023,2023-06-14,Zia Cooke,Sparks,G,7,2,1,0
2023,2023-06-14,Natasha Howard,Wings,F,32,7,6,0
2023,2023-06-14,Satou Sabally,Wings,F,38,14,13,4
2023,2023-06-14,Kalani Brown,Wings,C,29,21,11,1
2023,2023-06-14,Arike Ogunbowale,Wings,G,38,13,0,3
2023,2023-06-14,Veronica Burton,Wings,G,22,0,0,4
2023,2023-06-14,Maddy Siegrist,Wings,F,7,0,2,0
2023,2023-06-14,Awak Kuier,Wings,F,13,4,4,0
2023,2023-06-14,Odyssey Sims,Wings,G,17,2,2,2
2023,2023-06-14,Ashley Joens,Wings,G,1,0,0,0
2023,2023-06-14,Jasmine Dickey,Wings,G,2,0,0,0
2023,2023-06-13,Elena Delle Donne,Mystics,F,28,17,6,1
2023,2023-06-13,Shakira Austin,Mystics,C,28,6,5,1
2023,2023-06-13,Natasha Cloud,Mystics,G,24,7,5,5
2023,2023-06-13,Brittney Sykes,Mystics,G,30,9,6,4
2023,2023-06-13,Ariel Atkins,Mystics,G,23,7,1,2
2023,2023-06-13,Tianna Hawkins,Mystics,F,10,2,0,1
2023,2023-06-13,Myisha Hines-Allen,Mystics,F,11,6,1,1
2023,2023-06-13,Amanda Zahui B.,Mystics,C,2,0,0,0
2023,2023-06-13,Kristi Toliver,Mystics,G,9,6,0,0
2023,2023-06-13,Shatori Walker-Kimbrough,Mystics,G,15,0,1,0
2023,2023-06-13,Li Meng,Mystics,G,18,6,2,1
2023,2023-06-13,NaLyssa Smith,Fever,F,32,8,3,1
2023,2023-06-13,Aliyah Boston,Fever,F,30,23,14,6
2023,2023-06-13,Erica Wheeler,Fever,G,22,5,5,4
2023,2023-06-13,Kelsey Mitchell,Fever,G,31,19,2,0
2023,2023-06-13,Lexie Hull,Fever,G,22,8,5,0
2023,2023-06-13,Queen Egbo,Fever,C,10,6,10,0
2023,2023-06-13,Victoria Vivians,Fever,G,10,6,2,0
2023,2023-06-13,Kristy Wallace,Fever,G,28,8,4,3
2023,2023-06-13,Maya Caldwell,Fever,G,7,0,0,1
2023,2023-06-13,Grace Berger,Fever,G,8,4,1,2
2023,2023-06-13,Cheyenne Parker,Dream,F,37,6,11,3
2023,2023-06-13,Nia Coffey,Dream,F,17,12,2,2
2023,2023-06-13,Allisha Gray,Dream,G,30,16,6,1
2023,2023-06-13,Rhyne Howard,Dream,G,34,12,5,4
2023,2023-06-13,Haley Jones,Dream,G,37,13,9,1
2023,2023-06-13,Monique Billings,Dream,F,22,12,7,0
2023,2023-06-13,Naz Hillmon,Dream,F,5,2,1,1
2023,2023-06-13,AD Durr,Dream,G,18,13,1,3
2023,2023-06-13,Betnijah Laney,Liberty,F,34,17,1,2
2023,2023-06-13,Breanna Stewart,Liberty,F,37,12,13,6
2023,2023-06-13,Jonquel Jones,Liberty,F,23,12,6,1
2023,2023-06-13,Courtney Vandersloot,Liberty,G,38,11,6,6
2023,2023-06-13,Marine Johannes,Liberty,G,33,18,1,4
2023,2023-06-13,Kayla Thornton,Liberty,F,10,0,0,0
2023,2023-06-13,Nyara Sabally,Liberty,F,6,0,2,0
2023,2023-06-13,Stefanie Dolson,Liberty,C,12,7,2,0
2023,2023-06-13,Jocelyn Willoughby,Liberty,G,5,2,2,0
2023,2023-06-13,Ezi Magbegor,Storm,C,34,9,7,2
2023,2023-06-13,Jewell Loyd,Storm,G,33,17,4,4
2023,2023-06-13,Kia Nurse,Storm,G,19,8,4,3
2023,2023-06-13,Jordan Horston,Storm,G,33,13,14,1
2023,2023-06-13,Ivana Dojkic,Storm,G,28,14,2,4
2023,2023-06-13,Joyner Holmes,Storm,F,2,0,1,0
2023,2023-06-13,Dulcy Fankam Mendjiadeu,Storm,F,2,0,2,0
2023,2023-06-13,Mercedes Russell,Storm,C,9,0,2,2
2023,2023-06-13,Sami Whitcomb,Storm,G,21,18,2,3
2023,2023-06-13,Yvonne Turner,Storm,G,3,0,0,0
2023,2023-06-13,Arella Guirantes,Storm,G,3,0,0,0
2023,2023-06-13,Jade Melbourne,Storm,G,14,4,0,2
2023,2023-06-13,Michaela Onyenwere,Mercury,F,26,10,4,0
2023,2023-06-13,Brittney Griner,Mercury,C,9,2,2,1
2023,2023-06-13,Diana Taurasi,Mercury,G,23,0,0,3
2023,2023-06-13,Sophie Cunningham,Mercury,G,30,21,4,1
2023,2023-06-13,Sug Sutton,Mercury,G,32,15,6,4
2023,2023-06-13,Brianna Turner,Mercury,F,22,1,10,2
2023,2023-06-13,Kadi Sissoko,Mercury,F,9,0,2,0
2023,2023-06-13,Megan Gustafson,Mercury,C,11,7,2,0
2023,2023-06-13,Shey Peddy,Mercury,G,16,9,2,7
2023,2023-06-13,Moriah Jefferson,Mercury,G,18,2,0,1
2023,2023-06-13,Evina Westbrook,Mercury,G,3,2,0,0
2023,2023-06-11,Natasha Howard,Wings,F,28,14,7,0
2023,2023-06-11,Satou Sabally,Wings,F,38,17,11,2
2023,2023-06-11,Kalani Brown,Wings,C,18,10,2,0
2023,2023-06-11,Arike Ogunbowale,Wings,G,38,25,6,7
2023,2023-06-11,Veronica Burton,Wings,G,19,3,1,2
2023,2023-06-11,Maddy Siegrist,Wings,F,20,6,6,0
2023,2023-06-11,Awak Kuier,Wings,F,14,3,3,1
2023,2023-06-11,Odyssey Sims,Wings,G,20,8,1,8
2023,2023-06-11,Ashley Joens,Wings,G,2,0,0,0
2023,2023-06-11,Jasmine Dickey,Wings,G,4,7,0,0
2023,2023-06-11,Betnijah Laney,Liberty,F,28,10,5,4
2023,2023-06-11,Breanna Stewart,Liberty,F,36,32,9,5
2023,2023-06-11,Jonquel Jones,Liberty,F,27,8,8,3
2023,2023-06-11,Courtney Vandersloot,Liberty,G,29,15,1,10
2023,2023-06-11,Sabrina Ionescu,Liberty,G,31,22,6,6
2023,2023-06-11,Kayla Thornton,Liberty,F,16,3,3,0
2023,2023-06-11,Nyara Sabally,Liberty,F,9,0,4,0
2023,2023-06-11,Stefanie Dolson,Liberty,C,3,0,1,0
2023,2023-06-11,Han Xu,Liberty,C,1,0,0,0
2023,2023-06-11,Marine Johannes,Liberty,G,19,12,1,3
2023,2023-06-11,Jocelyn Willoughby,Liberty,G,1,0,0,0
2023,2023-06-11,Alanna Smith,Sky,F,29,7,8,1
2023,2023-06-11,Elizabeth Williams,Sky,C,26,8,5,0
2023,2023-06-11,Courtney Williams,Sky,G,28,7,4,5
2023,2023-06-11,Kahleah Copper,Sky,G,32,18,6,3
2023,2023-06-11,Marina Mabrey,Sky,G,30,20,3,2
2023,2023-06-11,Robyn Parks,Sky,F,8,5,0,0
2023,2023-06-11,Taylor Soule,Sky,F,13,2,0,0
2023,2023-06-11,Sika Kone,Sky,F,9,3,1,0
2023,2023-06-11,Dana Evans,Sky,G,26,10,0,8
2023,2023-06-11,Candace Parker,Aces,F,23,10,6,7
2023,2023-06-11,A'ja Wilson,Aces,F,28,21,10,3
2023,2023-06-11,Chelsea Gray,Aces,G,28,19,3,2
2023,2023-06-11,Kelsey Plum,Aces,G,28,16,1,3
2023,2023-06-11,Jackie Young,Aces,G,28,14,3,2
2023,2023-06-11,Alysha Clark,Aces,F,22,4,1,2
2023,2023-06-11,Cayla George,Aces,F,7,0,2,0
2023,2023-06-11,Kiah Stokes,Aces,C,22,6,5,2
2023,2023-06-11,Sydney Colson,Aces,G,5,0,0,0
2023,2023-06-11,Kierstan Bell,Aces,G,11,3,2,0
2023,2023-06-11,Tianna Hawkins,Mystics,F,29,9,6,1
2023,2023-06-11,Shakira Austin,Mystics,C,31,11,9,1
2023,2023-06-11,Natasha Cloud,Mystics,G,30,19,4,5
2023,2023-06-11,Brittney Sykes,Mystics,G,27,7,2,2
2023,2023-06-11,Ariel Atkins,Mystics,G,30,12,4,1
2023,2023-06-11,Myisha Hines-Allen,Mystics,F,11,1,6,0
2023,2023-06-11,Amanda Zahui B.,Mystics,C,9,0,4,0
2023,2023-06-11,Shatori Walker-Kimbrough,Mystics,G,20,8,2,2
2023,2023-06-11,Li Meng,Mystics,G,13,4,3,2
2023,2023-06-11,Ezi Magbegor,Storm,C,38,13,7,4
2023,2023-06-11,Yvonne Turner,Storm,G,8,0,1,0
2023,2023-06-11,Jewell Loyd,Storm,G,34,16,5,5
2023,2023-06-11,Kia Nurse,Storm,G,28,12,4,1
2023,2023-06-11,Jordan Horston,Storm,G,29,10,5,1
2023,2023-06-11,Joyner Holmes,Storm,F,3,0,1,1
2023,2023-06-11,Dulcy Fankam Mendjiadeu,Storm,F,0,0,0,0
2023,2023-06-11,Mercedes Russell,Storm,C,7,0,1,0
2023,2023-06-11,Sami Whitcomb,Storm,G,11,0,2,1
2023,2023-06-11,Arella Guirantes,Storm,G,3,0,1,0
2023,2023-06-11,Jade Melbourne,Storm,G,15,2,2,1
2023,2023-06-11,Ivana Dojkic,Storm,G,23,12,1,4
2023,2023-06-11,DeWanna Bonner,Sun,F,28,15,2,3
2023,2023-06-11,Alyssa Thomas,Sun,F,36,17,12,8
2023,2023-06-11,Brionna Jones,Sun,F,27,18,8,2
2023,2023-06-11,Tiffany Hayes,Sun,G,11,2,1,0
2023,2023-06-11,Natisha Hiedeman,Sun,G,20,2,0,4
2023,2023-06-11,Olivia Nelson-Ododa,Sun,F,13,6,1,0
2023,2023-06-11,Rebecca Allen,Sun,G,19,2,2,0
2023,2023-06-11,Tyasha Harris,Sun,G,24,15,2,1
2023,2023-06-11,DiJonai Carrington,Sun,G,22,12,6,3
2023,2023-06-11,Leigha Brown,Sun,G,1,0,0,0
2023,2023-06-11,Cheyenne Parker,Dream,F,28,20,14,2
2023,2023-06-11,Nia Coffey,Dream,F,25,3,3,2
2023,2023-06-11,Allisha Gray,Dream,G,31,18,6,3
2023,2023-06-11,Rhyne Howard,Dream,G,35,16,8,2
2023,2023-06-11,Haley Jones,Dream,G,32,2,2,4
2023,2023-06-11,Monique Billings,Dream,F,10,0,0,0
2023,2023-06-11,Naz Hillmon,Dream,F,15,4,2,1
2023,2023-06-11,Laeticia Amihere,Dream,F,2,5,0,0
2023,2023-06-11,AD Durr,Dream,G,17,9,1,1
2023,2023-06-11,Taylor Mikesell,Dream,G,5,0,1,0
2023,2023-06-11,Michaela Onyenwere,Mercury,F,32,11,12,1
2023,2023-06-11,Brittney Griner,Mercury,C,30,29,6,3
2023,2023-06-11,Diana Taurasi,Mercury,G,33,18,6,7
2023,2023-06-11,Sophie Cunningham,Mercury,G,34,13,1,2
2023,2023-06-11,Sug Sutton,Mercury,G,38,10,0,7
2023,2023-06-11,Brianna Turner,Mercury,F,15,0,0,0
2023,2023-06-11,Kadi Sissoko,Mercury,F,8,2,2,0
2023,2023-06-11,Megan Gustafson,Mercury,C,6,2,2,0
2023,2023-06-11,Evina Westbrook,Mercury,G,3,0,0,0
2023,2023-06-11,NaLyssa Smith,Fever,F,35,29,12,4
2023,2023-06-11,Aliyah Boston,Fever,F,23,4,7,5
2023,2023-06-11,Erica Wheeler,Fever,G,32,17,2,8
2023,2023-06-11,Kelsey Mitchell,Fever,G,36,12,1,2
2023,2023-06-11,Lexie Hull,Fever,G,16,6,1,0
2023,2023-06-11,Emma Cannon,Fever,F,4,4,2,0
2023,2023-06-11,Queen Egbo,Fever,C,17,5,3,0
2023,2023-06-11,Victoria Vivians,Fever,G,9,0,1,1
2023,2023-06-11,Kristy Wallace,Fever,G,20,5,1,1
2023,2023-06-11,Maya Caldwell,Fever,G,4,0,1,1
2023,2023-06-11,Grace Berger,Fever,G,5,0,0,0
2023,2023-06-11,Nneka Ogwumike,Sparks,F,35,27,8,3
2023,2023-06-11,Dearica Hamby,Sparks,F,34,9,9,4
2023,2023-06-11,Karlie Samuelson,Sparks,F,33,2,2,3
2023,2023-06-11,Lexie Brown,Sparks,G,35,21,1,4
2023,2023-06-11,Jordin Canada,Sparks,G,35,18,4,8
2023,2023-06-11,Azura Stevens,Sparks,F,10,6,1,1
2023,2023-06-11,Jasmine Thomas,Sparks,G,13,3,0,3
2023,2023-06-11,Zia Cooke,Sparks,G,5,0,1,0
2023,2023-06-11,Jessica Shepard,Lynx,F,24,8,13,0
2023,2023-06-11,Napheesa Collier,Lynx,F,36,24,9,6
2023,2023-06-11,Dorka Juhasz,Lynx,F,22,3,4,2
2023,2023-06-11,Kayla McBride,Lynx,G,32,13,3,3
2023,2023-06-11,Tiffany Mitchell,Lynx,G,26,17,2,5
2023,2023-06-11,Bridget Carleton,Lynx,F,17,9,2,0
2023,2023-06-11,Nikolina Milic,Lynx,F,17,10,4,0
2023,2023-06-11,Rachel Banham,Lynx,G,11,5,1,1
2023,2023-06-11,Lindsay Allen,Lynx,G,14,2,0,3
2023,2023-06-09,Betnijah Laney,Liberty,F,26,9,2,3
2023,2023-06-09,Breanna Stewart,Liberty,F,30,25,9,1
2023,2023-06-09,Jonquel Jones,Liberty,F,21,11,8,3
2023,2023-06-09,Courtney Vandersloot,Liberty,G,29,6,2,11
2023,2023-06-09,Sabrina Ionescu,Liberty,G,35,37,4,4
2023,2023-06-09,Kayla Thornton,Liberty,F,18,6,2,0
2023,2023-06-09,Nyara Sabally,Liberty,F,12,2,7,0
2023,2023-06-09,Stefanie Dolson,Liberty,C,8,2,0,0
2023,2023-06-09,Han Xu,Liberty,C,4,2,1,0
2023,2023-06-09,Marine Johannes,Liberty,G,15,6,2,1
2023,2023-06-09,Jocelyn Willoughby,Liberty,G,3,0,0,0
2023,2023-06-09,Cheyenne Parker,Dream,F,25,12,7,2
2023,2023-06-09,Nia Coffey,Dream,F,22,7,5,2
2023,2023-06-09,Naz Hillmon,Dream,F,25,2,4,1
2023,2023-06-09,Allisha Gray,Dream,G,31,17,5,1
2023,2023-06-09,Rhyne Howard,Dream,G,30,15,2,2
2023,2023-06-09,Monique Billings,Dream,F,8,2,3,1
2023,2023-06-09,Laeticia Amihere,Dream,F,10,8,0,0
2023,2023-06-09,AD Durr,Dream,G,16,7,2,2
2023,2023-06-09,Taylor Mikesell,Dream,G,5,6,0,1
2023,2023-06-09,Haley Jones,Dream,G,28,7,6,5
2023,2023-06-09,Michaela Onyenwere,Mercury,F,27,9,6,2
2023,2023-06-09,Brittney Griner,Mercury,C,30,18,5,0
2023,2023-06-09,Diana Taurasi,Mercury,G,28,12,4,5
2023,2023-06-09,Sophie Cunningham,Mercury,G,32,7,1,4
2023,2023-06-09,Sug Sutton,Mercury,G,29,16,4,9
2023,2023-06-09,Brianna Turner,Mercury,F,18,4,8,1
2023,2023-06-09,Kadi Sissoko,Mercury,F,4,1,0,0
2023,2023-06-09,Megan Gustafson,Mercury,C,6,4,2,0
2023,2023-06-09,Shey Peddy,Mercury,G,15,3,0,1
2023,2023-06-09,Moriah Jefferson,Mercury,G,6,3,0,1
2023,2023-06-09,Evina Westbrook,Mercury,G,4,0,1,0
2023,2023-06-09,Natasha Howard,Wings,F,31,22,7,2
2023,2023-06-09,Satou Sabally,Wings,F,37,17,16,2
2023,2023-06-09,Kalani Brown,Wings,C,30,6,8,3
2023,2023-06-09,Arike Ogunbowale,Wings,G,38,35,1,5
2023,2023-06-09,Veronica Burton,Wings,G,19,0,4,3
2023,2023-06-09,Maddy Siegrist,Wings,F,10,4,1,0
2023,2023-06-09,Awak Kuier,Wings,F,3,0,0,0
2023,2023-06-09,Odyssey Sims,Wings,G,26,6,3,7
2023,2023-06-09,Ashley Joens,Wings,G,2,0,0,0
2023,2023-06-09,Jasmine Dickey,Wings,G,4,0,1,0
2023,2023-06-09,NaLyssa Smith,Fever,F,32,12,12,2
2023,2023-06-09,Aliyah Boston,Fever,F,33,10,11,2
2023,2023-06-09,Erica Wheeler,Fever,G,24,10,3,3
2023,2023-06-09,Kelsey Mitchell,Fever,G,36,22,2,2
2023,2023-06-09,Lexie Hull,Fever,G,10,0,1,1
2023,2023-06-09,Queen Egbo,Fever,C,4,0,0,0
2023,2023-06-09,Victoria Vivians,Fever,G,18,8,2,1
2023,2023-06-09,Kristy Wallace,Fever,G,23,5,1,2
2023,2023-06-09,Maya Caldwell,Fever,G,4,0,0,1
2023,2023-06-09,Grace Berger,Fever,G,16,4,2,4
2023,2023-06-09,Jessica Shepard,Lynx,F,34,7,6,5
2023,2023-06-09,Napheesa Collier,Lynx,F,33,28,14,2
2023,2023-06-09,Dorka Juhasz,Lynx,F,25,6,2,0
2023,2023-06-09,Kayla McBride,Lynx,G,35,11,5,2
2023,2023-06-09,Tiffany Mitchell,Lynx,G,26,8,4,2
2023,2023-06-09,Bridget Carleton,Lynx,F,6,0,3,0
2023,2023-06-09,Nikolina Milic,Lynx,F,15,4,0,2
2023,2023-06-09,Rachel Banham,Lynx,G,14,5,2,0
2023,2023-06-09,Lindsay Allen,Lynx,G,12,0,2,4
2023,2023-06-09,Alanna Smith,Sky,F,29,19,9,2
2023,2023-06-09,Elizabeth Williams,Sky,C,35,14,7,2
2023,2023-06-09,Courtney Williams,Sky,G,24,4,6,3
2023,2023-06-09,Kahleah Copper,Sky,G,31,10,5,1
2023,2023-06-09,Marina Mabrey,Sky,G,33,8,5,4
2023,2023-06-09,Robyn Parks,Sky,F,12,2,1,0
2023,2023-06-09,Taylor Soule,Sky,F,1,0,0,0
2023,2023-06-09,Sika Kone,Sky,F,11,2,0,0
2023,2023-06-09,Khaalia Hillsman,Sky,C,1,0,0,0
2023,2023-06-09,Dana Evans,Sky,G,23,3,1,3
2023,2023-06-09,Nneka Ogwumike,Sparks,F,35,19,14,5
2023,2023-06-09,Dearica Hamby,Sparks,F,30,16,8,1
2023,2023-06-09,Layshia Clarendon,Sparks,G,10,2,4,0
2023,2023-06-09,Lexie Brown,Sparks,G,34,7,0,4
2023,2023-06-09,Jordin Canada,Sparks,G,33,16,5,5
2023,2023-06-09,Karlie Samuelson,Sparks,F,19,7,3,0
2023,2023-06-09,Azura Stevens,Sparks,F,13,0,6,0
2023,2023-06-09,Jasmine Thomas,Sparks,G,12,5,1,0
2023,2023-06-09,Zia Cooke,Sparks,G,15,5,1,1
2023,2023-06-09,Elena Delle Donne,Mystics,F,26,11,7,3
2023,2023-06-09,Shakira Austin,Mystics,C,29,15,11,1
2023,2023-06-09,Natasha Cloud,Mystics,G,30,7,3,4
2023,2023-06-09,Brittney Sykes,Mystics,G,28,18,4,0
2023,2023-06-09,Ariel Atkins,Mystics,G,25,3,2,6
2023,2023-06-09,Tianna Hawkins,Mystics,F,13,9,4,1
2023,2023-06-09,Myisha Hines-Allen,Mystics,F,11,0,5,1
2023,2023-06-09,Kristi Toliver,Mystics,G,10,3,1,1
2023,2023-06-09,Shatori Walker-Kimbrough,Mystics,G,16,2,1,1
2023,2023-06-09,Li Meng,Mystics,G,12,5,3,1
2023,2023-06-09,Mercedes Russell,Storm,C,13,4,2,1
2023,2023-06-09,Ezi Magbegor,Storm,C,37,24,5,3
2023,2023-06-09,Sami Whitcomb,Storm,G,26,7,3,3
2023,2023-06-09,Yvonne Turner,Storm,G,16,2,1,3
2023,2023-06-09,Kia Nurse,Storm,G,25,5,3,0
2023,2023-06-09,Dulcy Fankam Mendjiadeu,Storm,F,3,0,0,0
2023,2023-06-09,Arella Guirantes,Storm,G,13,4,1,0
2023,2023-06-09,Jordan Horston,Storm,G,27,10,9,1
2023,2023-06-09,Jade Melbourne,Storm,G,24,4,4,5
2023,2023-06-09,Ivana Dojkic,Storm,G,15,6,2,1
2023,2023-06-08,Candace Parker,Aces,F,21,6,4,2
2023,2023-06-08,A'ja Wilson,Aces,F,30,13,2,4
2023,2023-06-08,Chelsea Gray,Aces,G,29,12,1,2
2023,2023-06-08,Kelsey Plum,Aces,G,28,16,2,3
2023,2023-06-08,Jackie Young,Aces,G,27,10,4,2
2023,2023-06-08,Alysha Clark,Aces,F,22,4,1,0
2023,2023-06-08,Cayla George,Aces,F,6,6,2,1
2023,2023-06-08,Kiah Stokes,Aces,C,20,2,5,0
2023,2023-06-08,Sydney Colson,Aces,G,6,3,0,3
2023,2023-06-08,Kierstan Bell,Aces,G,13,5,5,1
2023,2023-06-08,DeWanna Bonner,Sun,F,32,41,7,1
2023,2023-06-08,Alyssa Thomas,Sun,F,34,9,8,12
2023,2023-06-08,Brionna Jones,Sun,F,34,12,9,2
2023,2023-06-08,Tiffany Hayes,Sun,G,29,11,3,5
2023,2023-06-08,Natisha Hiedeman,Sun,G,29,9,2,4
2023,2023-06-08,Olivia Nelson-Ododa,Sun,F,4,0,1,0
2023,2023-06-08,Rebecca Allen,Sun,G,19,5,2,1
2023,2023-06-08,Tyasha Harris,Sun,G,11,6,1,1
2023,2023-06-08,DiJonai Carrington,Sun,G,6,1,1,2
2023,2023-06-08,Leigha Brown,Sun,G,2,0,0,0
2023,2023-06-07,Michaela Onyenwere,Mercury,F,17,4,2,1
2023,2023-06-07,Brittney Griner,Mercury,C,34,24,4,2
2023,2023-06-07,Diana Taurasi,Mercury,G,36,19,6,7
2023,2023-06-07,Moriah Jefferson,Mercury,G,5,0,1,0
2023,2023-06-07,Sophie Cunningham,Mercury,G,36,16,2,1
2023,2023-06-07,Brianna Turner,Mercury,F,21,0,3,3
2023,2023-06-07,Kadi Sissoko,Mercury,F,4,2,1,0
2023,2023-06-07,Megan Gustafson,Mercury,C,3,0,0,1
2023,2023-06-07,Shey Peddy,Mercury,G,15,10,2,2
2023,2023-06-07,Sug Sutton,Mercury,G,31,4,5,8
2023,2023-06-07,Natasha Howard,Wings,F,32,9,5,1
2023,2023-06-07,Satou Sabally,Wings,F,34,24,10,0
2023,2023-06-07,Kalani Brown,Wings,C,30,17,15,1
2023,2023-06-07,Arike Ogunbowale,Wings,G,35,17,4,2
2023,2023-06-07,Veronica Burton,Wings,G,20,0,3,3
2023,2023-06-07,Maddy Siegrist,Wings,F,19,14,8,0
2023,2023-06-07,Awak Kuier,Wings,F,7,0,2,0
2023,2023-06-07,Odyssey Sims,Wings,G,20,3,1,6
2023,2023-06-07,Jasmine Dickey,Wings,G,4,0,2,0
2023,2023-06-06,Candace Parker,Aces,F,23,5,3,4
2023,2023-06-06,A'ja Wilson,Aces,F,35,23,10,1
2023,2023-06-06,Chelsea Gray,Aces,G,36,14,6,7
2023,2023-06-06,Kelsey Plum,Aces,G,33,17,2,6
2023,2023-06-06,Jackie Young,Aces,G,36,22,7,6
2023,2023-06-06,Alysha Clark,Aces,F,17,5,0,0
2023,2023-06-06,Kiah Stokes,Aces,C,17,4,3,0
2023,2023-06-06,Kierstan Bell,Aces,G,3,0,0,1
2023,2023-06-06,DeWanna Bonner,Sun,F,24,5,3,0
2023,2023-06-06,Alyssa Thomas,Sun,F,40,14,11,5
2023,2023-06-06,Brionna Jones,Sun,F,37,15,10,7
2023,2023-06-06,Tiffany Hayes,Sun,G,22,6,1,0
2023,2023-06-06,Natisha Hiedeman,Sun,G,31,11,1,7
2023,2023-06-06,Olivia Nelson-Ododa,Sun,F,3,0,0,0
2023,2023-06-06,Rebecca Allen,Sun,G,21,22,5,2
2023,2023-06-06,Tyasha Harris,Sun,G,3,0,0,0
2023,2023-06-06,DiJonai Carrington,Sun,G,19,11,3,1
2023,2023-06-06,Leigha Brown,Sun,G,0,0,0,0
2023,2023-06-06,NaLyssa Smith,Fever,F,19,10,5,1
2023,2023-06-06,Aliyah Boston,Fever,F,39,25,11,1
2023,2023-06-06,Erica Wheeler,Fever,G,38,12,2,12
2023,2023-06-06,Kelsey Mitchell,Fever,G,38,14,1,2
2023,2023-06-06,Lexie Hull,Fever,G,24,13,5,2
2023,2023-06-06,Queen Egbo,Fever,C,6,4,3,0
2023,2023-06-06,Victoria Vivians,Fever,G,26,9,4,3
2023,2023-06-06,Kristy Wallace,Fever,G,28,16,3,3
2023,2023-06-06,Grace Berger,Fever,G,7,0,1,0
2023,2023-06-06,Alanna Smith,Sky,F,39,18,5,5
2023,2023-06-06,Elizabeth Williams,Sky,C,30,4,7,4
2023,2023-06-06,Courtney Williams,Sky,G,31,8,4,4
2023,2023-06-06,Kahleah Copper,Sky,G,38,24,2,3
2023,2023-06-06,Marina Mabrey,Sky,G,30,28,2,2
2023,2023-06-06,Robyn Parks,Sky,F,15,0,0,1
2023,2023-06-06,Sika Kone,Sky,F,9,6,3,0
2023,2023-06-06,Dana Evans,Sky,G,32,20,2,7
2023,2023-06-06,Nneka Ogwumike,Sparks,F,37,22,11,3
2023,2023-06-06,Dearica Hamby,Sparks,F,25,6,8,1
2023,2023-06-06,Layshia Clarendon,Sparks,G,28,5,5,4
2023,2023-06-06,Lexie Brown,Sparks,G,34,15,0,2
2023,2023-06-06,Jordin Canada,Sparks,G,30,11,3,5
2023,2023-06-06,Karlie Samuelson,Sparks,F,16,0,3,3
2023,2023-06-06,Azura Stevens,Sparks,F,15,4,3,1
2023,2023-06-06,Nia Clouden,Sparks,G,4,0,0,0
2023,2023-06-06,Zia Cooke,Sparks,G,11,0,0,0
2023,2023-06-06,Mercedes Russell,Storm,C,11,0,2,0
2023,2023-06-06,Ezi Magbegor,Storm,C,32,13,10,3
2023,2023-06-06,Yvonne Turner,Storm,G,26,6,3,1
2023,2023-06-06,Jewell Loyd,Storm,G,38,25,8,3
2023,2023-06-06,Kia Nurse,Storm,G,15,0,0,0
2023,2023-06-06,Dulcy Fankam Mendjiadeu,Storm,F,11,3,3,1
2023,2023-06-06,Sami Whitcomb,Storm,G,10,0,1,1
2023,2023-06-06,Jordan Horston,Storm,G,26,14,7,1
2023,2023-06-06,Jade Melbourne,Storm,G,14,0,3,0
2023,2023-06-06,Ivana Dojkic,Storm,G,18,5,0,0
2023,2023-06-04,Natasha Howard,Wings,F,22,11,5,2
2023,2023-06-04,Satou Sabally,Wings,F,40,26,14,1
2023,2023-06-04,Arike Ogunbowale,Wings,G,35,8,3,6
2023,2023-06-04,Crystal Dangerfield,Wings,G,24,13,0,1
2023,2023-06-04,Veronica Burton,Wings,G,37,10,6,7
2023,2023-06-04,Maddy Siegrist,Wings,F,10,2,1,0
2023,2023-06-04,Awak Kuier,Wings,F,16,4,3,0
2023,2023-06-04,Kalani Brown,Wings,C,10,0,1,0
2023,2023-06-04,Jasmine Dickey,Wings,G,5,0,0,0
2023,2023-06-04,DeWanna Bonner,Sun,F,29,22,4,3
2023,2023-06-04,Alyssa Thomas,Sun,F,37,13,10,6
2023,2023-06-04,Brionna Jones,Sun,F,36,21,8,3
2023,2023-06-04,Tiffany Hayes,Sun,G,29,17,6,4
2023,2023-06-04,Natisha Hiedeman,Sun,G,35,0,2,3
2023,2023-06-04,Olivia Nelson-Ododa,Sun,F,8,0,0,0
2023,2023-06-04,Rebecca Allen,Sun,G,11,2,2,1
2023,2023-06-04,Tyasha Harris,Sun,G,4,2,1,1
2023,2023-06-04,DiJonai Carrington,Sun,G,12,3,1,0
2023,2023-06-04,Alanna Smith,Sky,F,38,7,5,3
2023,2023-06-04,Elizabeth Williams,Sky,C,33,11,7,2
2023,2023-06-04,Courtney Williams,Sky,G,35,12,9,6
2023,2023-06-04,Kahleah Copper,Sky,G,35,27,7,3
2023,2023-06-04,Marina Mabrey,Sky,G,29,17,2,4
2023,2023-06-04,Robyn Parks,Sky,F,20,9,3,0
2023,2023-06-04,Kristine Anigwe,Sky,F,6,2,0,1
2023,2023-06-04,Sika Kone,Sky,F,2,1,1,0
2023,2023-06-04,Betnijah Laney,Liberty,F,19,6,3,1
2023,2023-06-04,Breanna Stewart,Liberty,F,33,20,11,4
2023,2023-06-04,Jonquel Jones,Liberty,F,21,9,6,2
2023,2023-06-04,Courtney Vandersloot,Liberty,G,31,18,8,10
2023,2023-06-04,Sabrina Ionescu,Liberty,G,32,4,6,5
2023,2023-06-04,Kayla Thornton,Liberty,F,19,5,3,0
2023,2023-06-04,Nyara Sabally,Liberty,F,12,5,3,0
2023,2023-06-04,Stefanie Dolson,Liberty,C,12,4,1,1
2023,2023-06-04,Marine Johannes,Liberty,G,21,11,0,2
2023,2023-06-04,Candace Parker,Aces,F,24,7,2,2
2023,2023-06-04,A'ja Wilson,Aces,F,36,27,10,4
2023,2023-06-04,Chelsea Gray,Aces,G,35,17,8,7
2023,2023-06-04,Kelsey Plum,Aces,G,33,9,2,3
2023,2023-06-04,Jackie Young,Aces,G,35,19,4,4
2023,2023-06-04,Alysha Clark,Aces,F,18,5,5,1
2023,2023-06-04,Kiah Stokes,Aces,C,17,0,3,0
2023,2023-06-04,Kierstan Bell,Aces,G,2,0,1,0
2023,2023-06-04,NaLyssa Smith,Fever,F,27,10,9,1
2023,2023-06-04,Aliyah Boston,Fever,F,22,7,4,1
2023,2023-06-04,Erica Wheeler,Fever,G,24,15,1,2
2023,2023-06-04,Kelsey Mitchell,Fever,G,36,22,2,3
2023,2023-06-04,Lexie Hull,Fever,G,11,2,3,1
2023,2023-06-04,Emma Cannon,Fever,F,0,0,0,0
2023,2023-06-04,Queen Egbo,Fever,C,17,9,10,0
2023,2023-06-04,Victoria Vivians,Fever,G,16,6,6,4
2023,2023-06-04,Kristy Wallace,Fever,G,28,7,2,1
2023,2023-06-04,Maya Caldwell,Fever,G,2,0,0,0
2023,2023-06-04,Grace Berger,Fever,G,16,2,2,4
2023,2023-06-03,Jessica Shepard,Lynx,F,33,10,6,6
2023,2023-06-03,Napheesa Collier,Lynx,F,37,17,9,2
2023,2023-06-03,Dorka Juhasz,Lynx,F,34,7,8,3
2023,2023-06-03,Kayla McBride,Lynx,G,34,24,5,1
2023,2023-06-03,Tiffany Mitchell,Lynx,G,28,10,7,2
2023,2023-06-03,Nikolina Milic,Lynx,F,5,0,0,1
2023,2023-06-03,Rachel Banham,Lynx,G,11,6,0,0
2023,2023-06-03,Aerial Powers,Lynx,G,4,0,1,1
2023,2023-06-03,Lindsay Allen,Lynx,G,15,6,3,3
2023,2023-06-03,Elena Delle Donne,Mystics,F,33,12,7,2
2023,2023-06-03,Shakira Austin,Mystics,C,31,14,10,0
2023,2023-06-03,Natasha Cloud,Mystics,G,35,14,2,9
2023,2023-06-03,Brittney Sykes,Mystics,G,28,8,2,2
2023,2023-06-03,Ariel Atkins,Mystics,G,31,18,4,2
2023,2023-06-03,Tianna Hawkins,Mystics,F,8,2,2,0
2023,2023-06-03,Myisha Hines-Allen,Mystics,F,8,4,2,0
2023,2023-06-03,Shatori Walker-Kimbrough,Mystics,G,16,3,2,1
2023,2023-06-03,Li Meng,Mystics,G,9,3,0,0
2023,2023-06-03,Mercedes Russell,Storm,C,29,6,6,3
2023,2023-06-03,Ezi Magbegor,Storm,C,33,14,9,0
2023,2023-06-03,Yvonne Turner,Storm,G,15,5,3,3
2023,2023-06-03,Jewell Loyd,Storm,G,39,37,6,6
2023,2023-06-03,Kia Nurse,Storm,G,29,6,3,2
2023,2023-06-03,Sami Whitcomb,Storm,G,17,1,0,2
2023,2023-06-03,Kaila Charles,Storm,G,8,2,3,0
2023,2023-06-03,Arella Guirantes,Storm,G,1,0,0,0
2023,2023-06-03,Jordan Horston,Storm,G,9,4,2,0
2023,2023-06-03,Jade Melbourne,Storm,G,21,10,5,2
2023,2023-06-03,Nneka Ogwumike,Sparks,F,33,27,14,4
2023,2023-06-03,Chiney Ogwumike,Sparks,F,30,15,3,3
2023,2023-06-03,Layshia Clarendon,Sparks,G,29,16,1,6
2023,2023-06-03,Lexie Brown,Sparks,G,37,14,2,1
2023,2023-06-03,Jordin Canada,Sparks,G,31,9,4,7
2023,2023-06-03,Dearica Hamby,Sparks,F,9,4,3,0
2023,2023-06-03,Karlie Samuelson,Sparks,F,14,3,2,3
2023,2023-06-03,Joyner Holmes,Sparks,F,5,4,3,0
2023,2023-06-03,Zia Cooke,Sparks,G,12,0,2,0
2023,2023-06-02,Betnijah Laney,Liberty,F,31,17,3,2
2023,2023-06-02,Breanna Stewart,Liberty,F,37,19,11,5
2023,2023-06-02,Jonquel Jones,Liberty,F,19,10,2,0
2023,2023-06-02,Courtney Vandersloot,Liberty,G,33,8,3,8
2023,2023-06-02,Sabrina Ionescu,Liberty,G,26,5,5,3
2023,2023-06-02,Kayla Thornton,Liberty,F,18,12,2,2
2023,2023-06-02,Nyara Sabally,Liberty,F,7,3,0,0
2023,2023-06-02,Stefanie Dolson,Liberty,C,7,0,2,1
2023,2023-06-02,Marine Johannes,Liberty,G,21,3,0,2
2023,2023-06-02,Alanna Smith,Sky,F,35,18,6,3
2023,2023-06-02,Elizabeth Williams,Sky,C,31,8,6,2
2023,2023-06-02,Courtney Williams,Sky,G,34,7,6,7
2023,2023-06-02,Kahleah Copper,Sky,G,33,20,9,0
2023,2023-06-02,Marina Mabrey,Sky,G,34,15,7,4
2023,2023-06-02,Robyn Parks,Sky,F,5,0,1,0
2023,2023-06-02,Kristine Anigwe,Sky,F,9,2,1,0
2023,2023-06-02,Sika Kone,Sky,F,5,0,2,1
2023,2023-06-02,Dana Evans,Sky,G,15,6,0,3
2023,2023-06-02,Natasha Howard,Wings,F,31,16,13,0
2023,2023-06-02,Satou Sabally,Wings,F,34,18,14,7
2023,2023-06-02,Arike Ogunbowale,Wings,G,38,18,1,6
2023,2023-06-02,Crystal Dangerfield,Wings,G,25,3,3,2
2023,2023-06-02,Veronica Burton,Wings,G,33,6,6,3
2023,2023-06-02,Maddy Siegrist,Wings,F,10,4,0,0
2023,2023-06-02,Awak Kuier,Wings,F,3,0,1,0
2023,2023-06-02,Kalani Brown,Wings,C,15,3,7,0
2023,2023-06-02,Jasmine Dickey,Wings,G,12,6,0,0
2023,2023-06-02,Elena Delle Donne,Mystics,F,33,23,10,3
2023,2023-06-02,Shakira Austin,Mystics,C,31,12,11,0
2023,2023-06-02,Natasha Cloud,Mystics,G,30,10,4,8
2023,2023-06-02,Brittney Sykes,Mystics,G,33,7,3,1
2023,2023-06-02,Ariel Atkins,Mystics,G,30,16,8,3
2023,2023-06-02,Tianna Hawkins,Mystics,F,11,0,1,0
2023,2023-06-02,Amanda Zahui B.,Mystics,C,5,0,0,0
2023,2023-06-02,Kristi Toliver,Mystics,G,11,2,2,1
2023,2023-06-02,Shatori Walker-Kimbrough,Mystics,G,9,0,0,0
2023,2023-06-02,Li Meng,Mystics,G,9,5,1,0
2023,2023-06-02,Candace Parker,Aces,F,23,13,3,3
2023,2023-06-02,A'ja Wilson,Aces,F,33,21,5,3
2023,2023-06-02,Chelsea Gray,Aces,G,31,8,3,4
2023,2023-06-02,Kelsey Plum,Aces,G,35,15,3,3
2023,2023-06-02,Jackie Young,Aces,G,34,20,5,2
2023,2023-06-02,Alysha Clark,Aces,F,25,11,5,1
2023,2023-06-02,Kiah Stokes,Aces,C,20,4,7,1
2023,2023-06-02,Cheyenne Parker,Dream,F,29,25,11,0
2023,2023-06-02,Nia Coffey,Dream,F,12,3,2,1
2023,2023-06-02,Allisha Gray,Dream,G,36,16,5,5
2023,2023-06-02,Aari McDonald,Dream,G,26,5,2,7
2023,2023-06-02,Rhyne Howard,Dream,G,33,15,4,5
2023,2023-06-02,Monique Billings,Dream,F,15,4,4,1
2023,2023-06-02,Lorela Cubaj,Dream,F,10,0,3,0
2023,2023-06-02,Naz Hillmon,Dream,F,15,2,2,3
2023,2023-06-02,AD Durr,Dream,G,12,13,1,1
2023,2023-06-02,Haley Jones,Dream,G,13,4,2,3
2023,2023-06-02,Nneka Ogwumike,Sparks,F,40,21,12,6
2023,2023-06-02,Chiney Ogwumike,Sparks,F,21,2,3,2
2023,2023-06-02,Layshia Clarendon,Sparks,G,38,11,4,2
2023,2023-06-02,Lexie Brown,Sparks,G,36,26,3,0
2023,2023-06-02,Jordin Canada,Sparks,G,32,16,2,5
2023,2023-06-02,Dearica Hamby,Sparks,F,22,8,3,2
2023,2023-06-02,Karlie Samuelson,Sparks,F,21,9,1,0
2023,2023-06-02,Joyner Holmes,Sparks,F,2,0,0,0
2023,2023-06-02,Nia Clouden,Sparks,G,5,0,0,3
2023,2023-06-02,Zia Cooke,Sparks,G,9,6,1,2
2023,2023-06-02,Brianna Turner,Mercury,F,17,0,2,0
2023,2023-06-02,Brittney Griner,Mercury,C,33,24,11,3
2023,2023-06-02,Diana Taurasi,Mercury,G,33,19,1,5
2023,2023-06-02,Moriah Jefferson,Mercury,G,32,5,3,5
2023,2023-06-02,Sophie Cunningham,Mercury,G,35,19,3,0
2023,2023-06-02,Michaela Onyenwere,Mercury,F,27,10,5,1
2023,2023-06-02,Kadi Sissoko,Mercury,F,2,0,1,0
2023,2023-06-02,Megan Gustafson,Mercury,C,8,2,0,1
2023,2023-06-02,Shey Peddy,Mercury,G,8,2,0,0
2023,2023-06-02,Sug Sutton,Mercury,G,30,12,3,6
2023,2023-06-01,DeWanna Bonner,Sun,F,32,13,5,2
2023,2023-06-01,Alyssa Thomas,Sun,F,40,16,9,16
2023,2023-06-01,Brionna Jones,Sun,F,27,12,2,1
2023,2023-06-01,Tiffany Hayes,Sun,G,25,9,3,1
2023,2023-06-01,Natisha Hiedeman,Sun,G,31,19,1,6
2023,2023-06-01,Olivia Nelson-Ododa,Sun,F,13,3,5,0
2023,2023-06-01,Rebecca Allen,Sun,G,11,8,3,0
2023,2023-06-01,Tyasha Harris,Sun,G,9,2,0,0
2023,2023-06-01,DiJonai Carrington,Sun,G,12,7,1,1
2023,2023-06-01,Jessica Shepard,Lynx,F,38,11,12,4
2023,2023-06-01,Napheesa Collier,Lynx,F,40,30,2,4
2023,2023-06-01,Dorka Juhasz,Lynx,F,37,7,9,1
2023,2023-06-01,Kayla McBride,Lynx,G,28,12,4,3
2023,2023-06-01,Tiffany Mitchell,Lynx,G,33,12,1,2
2023,2023-06-01,Bridget Carleton,Lynx,F,11,3,2,0
2023,2023-06-01,Rachel Banham,Lynx,G,7,9,1,1
2023,2023-06-01,Aerial Powers,Lynx,G,3,0,1,0
2023,2023-06-01,Lindsay Allen,Lynx,G,3,0,0,1
2023,2023-05-30,Alanna Smith,Sky,F,21,3,6,1
2023,2023-05-30,Elizabeth Williams,Sky,C,20,6,6,1
2023,2023-05-30,Courtney Williams,Sky,G,28,4,7,4
2023,2023-05-30,Kahleah Copper,Sky,G,28,10,4,0
2023,2023-05-30,Marina Mabrey,Sky,G,26,10,3,4
2023,2023-05-30,Robyn Parks,Sky,F,16,5,1,0
2023,2023-05-30,Kristine Anigwe,Sky,F,20,10,7,1
2023,2023-05-30,Sika Kone,Sky,F,14,6,8,0
2023,2023-05-30,Dana Evans,Sky,G,28,11,2,5
2023,2023-05-30,Cheyenne Parker,Dream,F,21,10,8,1
2023,2023-05-30,Nia Coffey,Dream,F,21,5,8,4
2023,2023-05-30,Allisha Gray,Dream,G,27,13,4,1
2023,2023-05-30,Aari McDonald,Dream,G,28,8,3,2
2023,2023-05-30,Rhyne Howard,Dream,G,29,20,4,1
2023,2023-05-30,Monique Billings,Dream,F,16,9,3,0
2023,2023-05-30,Lorela Cubaj,Dream,F,5,0,3,0
2023,2023-05-30,Naz Hillmon,Dream,F,14,4,3,4
2023,2023-05-30,Laeticia Amihere,Dream,F,5,0,0,0
2023,2023-05-30,AD Durr,Dream,G,15,1,2,0
2023,2023-05-30,Haley Jones,Dream,G,19,13,3,2
2023,2023-05-30,NaLyssa Smith,Fever,F,32,14,15,1
2023,2023-05-30,Aliyah Boston,Fever,F,29,20,4,4
2023,2023-05-30,Erica Wheeler,Fever,G,31,6,2,7
2023,2023-05-30,Kelsey Mitchell,Fever,G,27,19,0,0
2023,2023-05-30,Lexie Hull,Fever,G,20,6,5,1
2023,2023-05-30,Emma Cannon,Fever,F,6,2,2,1
2023,2023-05-30,Queen Egbo,Fever,C,11,0,4,0
2023,2023-05-30,Victoria Vivians,Fever,G,2,0,2,0
2023,2023-05-30,Kristy Wallace,Fever,G,18,4,2,1
2023,2023-05-30,Maya Caldwell,Fever,G,18,5,1,0
2023,2023-05-30,Grace Berger,Fever,G,6,2,0,1
2023,2023-05-30,DeWanna Bonner,Sun,F,29,8,1,5
2023,2023-05-30,Alyssa Thomas,Sun,F,37,13,17,7
2023,2023-05-30,Brionna Jones,Sun,F,34,19,11,3
2023,2023-05-30,Tiffany Hayes,Sun,G,29,22,5,2
2023,2023-05-30,Natisha Hiedeman,Sun,G,33,11,1,4
2023,2023-05-30,Olivia Nelson-Ododa,Sun,F,6,0,3,0
2023,2023-05-30,Rebecca Allen,Sun,G,6,0,1,0
2023,2023-05-30,Tyasha Harris,Sun,G,11,2,0,0
2023,2023-05-30,DiJonai Carrington,Sun,G,13,6,4,1
2023,2023-05-30,Leigha Brown,Sun,G,3,0,2,0
2023,2023-05-30,Jessica Shepard,Lynx,F,40,15,10,5
2023,2023-05-30,Napheesa Collier,Lynx,F,31,17,3,1
2023,2023-05-30,Diamond Miller,Lynx,F,12,8,5,4
2023,2023-05-30,Kayla McBride,Lynx,G,37,18,4,3
2023,2023-05-30,Tiffany Mitchell,Lynx,G,38,17,5,3
2023,2023-05-30,Dorka Juhasz,Lynx,F,9,0,3,2
2023,2023-05-30,Nikolina Milic,Lynx,F,4,0,1,1
2023,2023-05-30,Rachel Banham,Lynx,G,13,6,0,1
2023,2023-05-30,Aerial Powers,Lynx,G,16,8,3,1
2023,2023-05-30,Lindsay Allen,Lynx,G,0,0,0,0
2023,2023-05-30,Natasha Howard,Wings,F,33,25,7,0
2023,2023-05-30,Satou Sabally,Wings,F,39,23,11,5
2023,2023-05-30,Arike Ogunbowale,Wings,G,38,21,5,5
2023,2023-05-30,Crystal Dangerfield,Wings,G,23,9,0,1
2023,2023-05-30,Veronica Burton,Wings,G,26,4,5,9
2023,2023-05-30,Maddy Siegrist,Wings,F,1,0,0,0
2023,2023-05-30,Awak Kuier,Wings,F,8,0,0,1
2023,2023-05-30,Kalani Brown,Wings,C,27,12,7,1
2023,2023-05-30,Jasmine Dickey,Wings,G,6,0,1,0
2023,2023-05-30,Betnijah Laney,Liberty,F,32,6,3,3
2023,2023-05-30,Breanna Stewart,Liberty,F,37,25,11,1
2023,2023-05-30,Jonquel Jones,Liberty,F,18,9,5,0
2023,2023-05-30,Courtney Vandersloot,Liberty,G,36,0,4,11
2023,2023-05-30,Sabrina Ionescu,Liberty,G,37,20,6,3
2023,2023-05-30,Kayla Thornton,Liberty,F,16,9,2,0
2023,2023-05-30,Nyara Sabally,Liberty,F,7,7,0,0
2023,2023-05-30,Stefanie Dolson,Liberty,C,18,10,1,5
2023,2023-05-30,Mercedes Russell,Storm,C,24,10,4,4
2023,2023-05-30,Ezi Magbegor,Storm,C,38,12,14,2
2023,2023-05-30,Yvonne Turner,Storm,G,12,6,1,1
2023,2023-05-30,Jewell Loyd,Storm,G,35,26,3,1
2023,2023-05-30,Kia Nurse,Storm,G,34,5,5,3
2023,2023-05-30,Sami Whitcomb,Storm,G,21,11,1,0
2023,2023-05-30,Kaila Charles,Storm,G,0,0,0,0
2023,2023-05-30,Arella Guirantes,Storm,G,3,0,0,0
2023,2023-05-30,Jordan Horston,Storm,G,18,4,5,2
2023,2023-05-30,Jade Melbourne,Storm,G,15,4,2,3
2023,2023-05-28,NaLyssa Smith,Fever,F,31,23,12,3
2023,2023-05-28,Aliyah Boston,Fever,F,26,13,7,1
2023,2023-05-28,Erica Wheeler,Fever,G,21,11,2,4
2023,2023-05-28,Kelsey Mitchell,Fever,G,32,15,3,3
2023,2023-05-28,Lexie Hull,Fever,G,21,0,3,1
2023,2023-05-28,Queen Egbo,Fever,C,14,10,9,1
2023,2023-05-28,Victoria Vivians,Fever,G,18,3,4,1
2023,2023-05-28,Kristy Wallace,Fever,G,21,10,3,3
2023,2023-05-28,Maya Caldwell,Fever,G,9,2,0,2
2023,2023-05-28,Grace Berger,Fever,G,7,3,0,1
2023,2023-05-28,Cheyenne Parker,Dream,F,28,21,6,2
2023,2023-05-28,Nia Coffey,Dream,F,20,3,3,1
2023,2023-05-28,Allisha Gray,Dream,G,32,19,4,4
2023,2023-05-28,Aari McDonald,Dream,G,30,5,2,3
2023,2023-05-28,Rhyne Howard,Dream,G,32,23,4,1
2023,2023-05-28,Monique Billings,Dream,F,12,2,3,1
2023,2023-05-28,Naz Hillmon,Dream,F,21,10,2,1
2023,2023-05-28,AD Durr,Dream,G,15,4,1,1
2023,2023-05-28,Haley Jones,Dream,G,10,0,4,2
2023,2023-05-28,Natasha Howard,Wings,F,34,14,7,2
2023,2023-05-28,Satou Sabally,Wings,F,28,24,8,0
2023,2023-05-28,Arike Ogunbowale,Wings,G,36,27,5,3
2023,2023-05-28,Crystal Dangerfield,Wings,G,34,11,4,5
2023,2023-05-28,Veronica Burton,Wings,G,32,2,4,6
2023,2023-05-28,Maddy Siegrist,Wings,F,7,6,1,0
2023,2023-05-28,Awak Kuier,Wings,F,11,0,2,0
2023,2023-05-28,Ashley Joens,Wings,G,2,0,0,0
2023,2023-05-28,Jasmine Dickey,Wings,G,14,4,1,0
2023,2023-05-28,Alanna Smith,Sky,F,28,14,12,6
2023,2023-05-28,Elizabeth Williams,Sky,C,24,2,1,0
2023,2023-05-28,Courtney Williams,Sky,G,32,12,11,5
2023,2023-05-28,Kahleah Copper,Sky,G,32,16,7,2
2023,2023-05-28,Marina Mabrey,Sky,G,34,23,5,8
2023,2023-05-28,Kristine Anigwe,Sky,F,5,3,1,1
2023,2023-05-28,Sika Kone,Sky,F,23,10,6,2
2023,2023-05-28,Dana Evans,Sky,G,22,14,1,0
2023,2023-05-28,Jessica Shepard,Lynx,F,34,4,15,7
2023,2023-05-28,Napheesa Collier,Lynx,F,34,21,10,0
2023,2023-05-28,Diamond Miller,Lynx,F,21,14,1,1
2023,2023-05-28,Tiffany Mitchell,Lynx,G,34,16,5,4
2023,2023-05-28,Lindsay Allen,Lynx,G,14,0,1,2
2023,2023-05-28,Bridget Carleton,Lynx,F,13,2,3,0
2023,2023-05-28,Dorka Juhasz,Lynx,F,1,0,0,0
2023,2023-05-28,Nikolina Milic,Lynx,F,15,4,2,1
2023,2023-05-28,Rachel Banham,Lynx,G,26,12,2,0
2023,2023-05-28,Aerial Powers,Lynx,G,8,0,1,1
2023,2023-05-28,Candace Parker,Aces,F,23,3,8,0
2023,2023-05-28,A'ja Wilson,Aces,F,30,21,5,2
2023,2023-05-28,Chelsea Gray,Aces,G,32,19,5,10
2023,2023-05-28,Kelsey Plum,Aces,G,31,11,1,5
2023,2023-05-28,Jackie Young,Aces,G,34,23,6,4
2023,2023-05-28,Alysha Clark,Aces,F,20,11,3,1
2023,2023-05-28,Cayla George,Aces,F,2,3,1,0
2023,2023-05-28,Kiah Stokes,Aces,C,16,0,5,2
2023,2023-05-28,Sydney Colson,Aces,G,2,0,0,0
2023,2023-05-28,Kierstan Bell,Aces,G,8,3,2,1
2023,2023-05-27,DeWanna Bonner,Sun,F,29,14,7,2
2023,2023-05-27,Alyssa Thomas,Sun,F,33,5,8,2
2023,2023-05-27,Brionna Jones,Sun,F,35,12,8,2
2023,2023-05-27,Tiffany Hayes,Sun,G,33,16,4,3
2023,2023-05-27,Natisha Hiedeman,Sun,G,33,8,4,2
2023,2023-05-27,Olivia Nelson-Ododa,Sun,F,5,0,0,1
2023,2023-05-27,Rebecca Allen,Sun,G,16,2,1,1
2023,2023-05-27,Tyasha Harris,Sun,G,7,8,0,0
2023,2023-05-27,DiJonai Carrington,Sun,G,1,0,0,0
2023,2023-05-27,Leigha Brown,Sun,G,7,0,1,0
2023,2023-05-27,Betnijah Laney,Liberty,F,27,2,4,1
2023,2023-05-27,Breanna Stewart,Liberty,F,33,21,6,5
2023,2023-05-27,Jonquel Jones,Liberty,F,16,7,3,0
2023,2023-05-27,Courtney Vandersloot,Liberty,G,34,18,6,10
2023,2023-05-27,Sabrina Ionescu,Liberty,G,31,17,7,3
2023,2023-05-27,Kayla Thornton,Liberty,F,26,6,7,2
2023,2023-05-27,Nyara Sabally,Liberty,F,14,6,3,0
2023,2023-05-27,Stefanie Dolson,Liberty,C,15,2,2,4
2023,2023-05-27,Han Xu,Liberty,C,1,2,1,0
2023,2023-05-27,Jocelyn Willoughby,Liberty,G,1,0,0,0
2023,2023-05-27,Nneka Ogwumike,Sparks,F,19,16,5,0
2023,2023-05-27,Dearica Hamby,Sparks,F,28,4,5,3
2023,2023-05-27,Karlie Samuelson,Sparks,F,32,13,7,3
2023,2023-05-27,Lexie Brown,Sparks,G,25,3,1,4
2023,2023-05-27,Nia Clouden,Sparks,G,36,8,2,5
2023,2023-05-27,Joyner Holmes,Sparks,F,23,9,6,0
2023,2023-05-27,Rae Burrell,Sparks,G,15,5,4,1
2023,2023-05-27,Zia Cooke,Sparks,G,23,7,3,2
2023,2023-05-27,Candace Parker,Aces,F,20,7,7,2
2023,2023-05-27,A'ja Wilson,Aces,F,24,23,6,3
2023,2023-05-27,Chelsea Gray,Aces,G,21,8,3,7
2023,2023-05-27,Kelsey Plum,Aces,G,26,19,0,5
2023,2023-05-27,Jackie Young,Aces,G,26,16,3,3
2023,2023-05-27,Alysha Clark,Aces,F,24,7,3,0
2023,2023-05-27,Cayla George,Aces,F,12,4,1,1
2023,2023-05-27,Kiah Stokes,Aces,C,22,3,9,1
2023,2023-05-27,Sydney Colson,Aces,G,10,2,2,2
2023,2023-05-27,Kierstan Bell,Aces,G,15,4,4,1
2023,2023-05-26,Elena Delle Donne,Mystics,F,31,25,3,2
2023,2023-05-26,Shakira Austin,Mystics,C,30,15,11,1
2023,2023-05-26,Natasha Cloud,Mystics,G,29,1,1,7
2023,2023-05-26,Brittney Sykes,Mystics,G,28,5,7,4
2023,2023-05-26,Ariel Atkins,Mystics,G,28,6,3,3
2023,2023-05-26,Tianna Hawkins,Mystics,F,10,6,2,0
2023,2023-05-26,Amanda Zahui B.,Mystics,C,8,3,3,1
2023,2023-05-26,Kristi Toliver,Mystics,G,12,4,0,1
2023,2023-05-26,Shatori Walker-Kimbrough,Mystics,G,20,3,3,0
2023,2023-05-26,Li Meng,Mystics,G,3,3,0,0
2023,2023-05-26,Morgan Bertsch,Sky,F,13,2,2,1
2023,2023-05-26,Elizabeth Williams,Sky,C,34,9,3,1
2023,2023-05-26,Courtney Williams,Sky,G,31,13,9,5
2023,2023-05-26,Kahleah Copper,Sky,G,28,12,2,2
2023,2023-05-26,Marina Mabrey,Sky,G,26,19,5,4
2023,2023-05-26,Robyn Parks,Sky,F,6,0,1,0
2023,2023-05-26,Kristine Anigwe,Sky,F,5,0,3,0
2023,2023-05-26,Alanna Smith,Sky,F,8,0,0,0
2023,2023-05-26,Rebekah Gardner,Sky,G,24,4,7,3
2023,2023-05-26,Dana Evans,Sky,G,25,10,0,4
2023,2023-05-26,Natasha Howard,Wings,F,39,16,9,1
2023,2023-05-26,Satou Sabally,Wings,F,32,17,10,5
2023,2023-05-26,Arike Ogunbowale,Wings,G,39,26,4,6
2023,2023-05-26,Crystal Dangerfield,Wings,G,37,17,4,2
2023,2023-05-26,Veronica Burton,Wings,G,25,9,2,4
2023,2023-05-26,Maddy Siegrist,Wings,F,5,0,1,0
2023,2023-05-26,Awak Kuier,Wings,F,6,0,1,0
2023,2023-05-26,Ashley Joens,Wings,G,2,0,0,0
2023,2023-05-26,Jasmine Dickey,Wings,G,14,10,1,1
2023,2023-05-26,Mercedes Russell,Storm,C,17,6,5,1
2023,2023-05-26,Ezi Magbegor,Storm,C,35,15,12,1
2023,2023-05-26,Yvonne Turner,Storm,G,18,5,2,2
2023,2023-05-26,Jewell Loyd,Storm,G,37,30,2,3
2023,2023-05-26,Kia Nurse,Storm,G,29,20,3,1
2023,2023-05-26,Sami Whitcomb,Storm,G,20,8,4,3
2023,2023-05-26,Kaila Charles,Storm,G,19,2,1,1
2023,2023-05-26,Arella Guirantes,Storm,G,6,2,2,1
2023,2023-05-26,Jordan Horston,Storm,G,12,0,2,1
2023,2023-05-26,Ivana Dojkic,Storm,G,6,3,1,0
2023,2023-05-25,Candace Parker,Aces,F,22,10,8,1
2023,2023-05-25,A'ja Wilson,Aces,F,32,19,13,1
2023,2023-05-25,Chelsea Gray,Aces,G,37,16,1,8
2023,2023-05-25,Kelsey Plum,Aces,G,35,9,3,5
2023,2023-05-25,Jackie Young,Aces,G,35,30,3,2
2023,2023-05-25,Alysha Clark,Aces,F,18,6,0,1
2023,2023-05-25,Kiah Stokes,Aces,C,20,4,9,0
2023,2023-05-25,Chiney Ogwumike,Sparks,F,28,19,8,3
2023,2023-05-25,Dearica Hamby,Sparks,F,27,11,5,2
2023,2023-05-25,Layshia Clarendon,Sparks,G,35,8,1,6
2023,2023-05-25,Lexie Brown,Sparks,G,31,15,3,5
2023,2023-05-25,Jordin Canada,Sparks,G,27,11,6,4
2023,2023-05-25,Karlie Samuelson,Sparks,F,21,11,0,0
2023,2023-05-25,Joyner Holmes,Sparks,F,17,6,5,1
2023,2023-05-25,Zia Cooke,Sparks,G,14,4,2,2
2023,2023-05-25,Jessica Shepard,Lynx,F,30,13,3,2
2023,2023-05-25,Napheesa Collier,Lynx,F,29,8,7,4
2023,2023-05-25,Diamond Miller,Lynx,F,26,13,1,1
2023,2023-05-25,Tiffany Mitchell,Lynx,G,31,12,2,4
2023,2023-05-25,Lindsay Allen,Lynx,G,24,6,4,3
2023,2023-05-25,Bridget Carleton,Lynx,F,11,3,1,1
2023,2023-05-25,Dorka Juhasz,Lynx,F,7,0,0,1
2023,2023-05-25,Nikolina Milic,Lynx,F,13,6,3,1
2023,2023-05-25,Rachel Banham,Lynx,G,4,0,0,0
2023,2023-05-25,Aerial Powers,Lynx,G,24,20,4,0
2023,2023-05-25,Michaela Onyenwere,Mercury,F,19,6,3,2
2023,2023-05-25,Brittney Griner,Mercury,C,31,19,8,1
2023,2023-05-25,Diana Taurasi,Mercury,G,32,23,3,10
2023,2023-05-25,Moriah Jefferson,Mercury,G,27,13,0,2
2023,2023-05-25,Sophie Cunningham,Mercury,G,24,13,5,3
2023,2023-05-25,Brianna Turner,Mercury,F,25,2,11,2
2023,2023-05-25,Kadi Sissoko,Mercury,F,7,0,0,0
2023,2023-05-25,Sug Sutton,Mercury,G,33,14,2,3
2023,2023-05-25,Evina Westbrook,Mercury,G,3,0,1,0
2023,2023-05-23,DeWanna Bonner,Sun,F,32,15,1,4
2023,2023-05-23,Alyssa Thomas,Sun,F,36,22,10,5
2023,2023-05-23,Brionna Jones,Sun,F,23,12,6,1
2023,2023-05-23,Tiffany Hayes,Sun,G,31,13,3,8
2023,2023-05-23,Natisha Hiedeman,Sun,G,37,13,3,1
2023,2023-05-23,Lauren Cox,Sun,F,0,0,0,0
2023,2023-05-23,Olivia Nelson-Ododa,Sun,F,15,8,2,1
2023,2023-05-23,Rebecca Allen,Sun,G,14,2,4,0
2023,2023-05-23,Tyasha Harris,Sun,G,7,3,0,1
2023,2023-05-23,Leigha Brown,Sun,G,6,0,1,0
2023,2023-05-23,Elena Delle Donne,Mystics,F,36,27,7,4
2023,2023-05-23,Shakira Austin,Mystics,C,27,14,8,1
2023,2023-05-23,Natasha Cloud,Mystics,G,34,9,1,3
2023,2023-05-23,Brittney Sykes,Mystics,G,32,17,7,4
2023,2023-05-23,Ariel Atkins,Mystics,G,23,7,2,3
2023,2023-05-23,Tianna Hawkins,Mystics,F,16,6,7,2
2023,2023-05-23,Amanda Zahui B.,Mystics,C,1,0,0,0
2023,2023-05-23,Kristi Toliver,Mystics,G,12,1,0,0
2023,2023-05-23,Shatori Walker-Kimbrough,Mystics,G,18,0,1,1
2023,2023-05-23,Li Meng,Mystics,G,3,0,0,0
2023,2023-05-23,Cheyenne Parker,Dream,F,25,12,2,2
2023,2023-05-23,Nia Coffey,Dream,F,17,3,2,0
2023,2023-05-23,Allisha Gray,Dream,G,35,26,10,1
2023,2023-05-23,Aari McDonald,Dream,G,30,6,3,6
2023,2023-05-23,Rhyne Howard,Dream,G,28,8,4,6
2023,2023-05-23,Monique Billings,Dream,F,19,6,4,1
2023,2023-05-23,Naz Hillmon,Dream,F,19,13,4,0
2023,2023-05-23,AD Durr,Dream,G,17,7,0,3
2023,2023-05-23,Haley Jones,Dream,G,10,2,4,2
2023,2023-05-23,Jessica Shepard,Lynx,F,32,8,10,4
2023,2023-05-23,Napheesa Collier,Lynx,F,25,20,5,5
2023,2023-05-23,Diamond Miller,Lynx,F,22,8,1,3
2023,2023-05-23,Kayla McBride,Lynx,G,34,8,5,3
2023,2023-05-23,Lindsay Allen,Lynx,G,31,8,3,3
2023,2023-05-23,Bridget Carleton,Lynx,F,5,0,0,0
2023,2023-05-23,Dorka Juhasz,Lynx,F,13,0,4,2
2023,2023-05-23,Nikolina Milic,Lynx,F,3,5,0,0
2023,2023-05-23,Rachel Banham,Lynx,G,0,0,0,0
2023,2023-05-23,Tiffany Mitchell,Lynx,G,27,10,3,3
2023,2023-05-23,Aerial Powers,Lynx,G,9,10,2,0
2023,2023-05-21,Elena Delle Donne,Mystics,F,33,19,11,1
2023,2023-05-21,Shakira Austin,Mystics,C,26,21,11,2
2023,2023-05-21,Natasha Cloud,Mystics,G,33,13,3,6
2023,2023-05-21,Brittney Sykes,Mystics,G,25,4,4,4
2023,2023-05-21,Ariel Atkins,Mystics,G,33,8,1,3
2023,2023-05-21,Tianna Hawkins,Mystics,F,11,3,6,0
2023,2023-05-21,Amanda Zahui B.,Mystics,C,9,3,1,1
2023,2023-05-21,Kristi Toliver,Mystics,G,10,3,0,0
2023,2023-05-21,Shatori Walker-Kimbrough,Mystics,G,20,0,1,1
2023,2023-05-21,DeWanna Bonner,Sun,F,31,21,3,2
2023,2023-05-21,Alyssa Thomas,Sun,F,37,14,16,6
2023,2023-05-21,Brionna Jones,Sun,F,27,15,10,3
2023,2023-05-21,Tiffany Hayes,Sun,G,23,8,3,2
2023,2023-05-21,Natisha Hiedeman,Sun,G,22,6,2,3
2023,2023-05-21,Olivia Nelson-Ododa,Sun,F,15,5,5,0
2023,2023-05-21,Rebecca Allen,Sun,G,24,7,6,0
2023,2023-05-21,Tyasha Harris,Sun,G,20,4,1,1
2023,2023-05-21,NaLyssa Smith,Fever,F,25,16,12,0
2023,2023-05-21,Aliyah Boston,Fever,F,29,15,4,2
2023,2023-05-21,Erica Wheeler,Fever,G,15,2,0,1
2023,2023-05-21,Kelsey Mitchell,Fever,G,29,10,3,3
2023,2023-05-21,Victoria Vivians,Fever,G,16,5,1,1
2023,2023-05-21,Emma Cannon,Fever,F,12,3,3,0
2023,2023-05-21,Victaria Saxton,Fever,F,1,0,1,0
2023,2023-05-21,Queen Egbo,Fever,C,11,4,2,0
2023,2023-05-21,Kristy Wallace,Fever,G,26,11,3,1
2023,2023-05-21,Maya Caldwell,Fever,G,11,2,0,1
2023,2023-05-21,Lexie Hull,Fever,G,22,3,6,1
2023,2023-05-21,Grace Berger,Fever,G,3,2,0,1
2023,2023-05-21,Betnijah Laney,Liberty,F,23,5,3,3
2023,2023-05-21,Breanna Stewart,Liberty,F,30,45,12,3
2023,2023-05-21,Jonquel Jones,Liberty,F,18,14,3,0
2023,2023-05-21,Courtney Vandersloot,Liberty,G,26,11,0,8
2023,2023-05-21,Sabrina Ionescu,Liberty,G,30,9,8,8
2023,2023-05-21,Kayla Thornton,Liberty,F,22,2,5,0
2023,2023-05-21,Stefanie Dolson,Liberty,C,15,1,3,3
2023,2023-05-21,Han Xu,Liberty,C,7,0,0,0
2023,2023-05-21,Epiphanny Prince,Liberty,G,22,3,2,2
2023,2023-05-21,Jocelyn Willoughby,Liberty,G,7,0,0,1
2023,2023-05-21,Morgan Bertsch,Sky,F,24,8,7,2
2023,2023-05-21,Elizabeth Williams,Sky,C,27,10,8,3
2023,2023-05-21,Courtney Williams,Sky,G,37,12,6,7
2023,2023-05-21,Kahleah Copper,Sky,G,28,15,5,1
2023,2023-05-21,Dana Evans,Sky,G,34,13,4,5
2023,2023-05-21,Robyn Parks,Sky,F,8,0,0,0
2023,2023-05-21,Kristine Anigwe,Sky,F,13,4,5,0
2023,2023-05-21,Alanna Smith,Sky,F,16,6,3,0
2023,2023-05-21,Rebekah Gardner,Sky,G,13,7,1,1
2023,2023-05-21,Michaela Onyenwere,Mercury,F,30,4,3,1
2023,2023-05-21,Brittney Griner,Mercury,C,31,27,10,1
2023,2023-05-21,Diana Taurasi,Mercury,G,33,16,1,6
2023,2023-05-21,Moriah Jefferson,Mercury,G,26,6,0,2
2023,2023-05-21,Sophie Cunningham,Mercury,G,19,2,3,2
2023,2023-05-21,Brianna Turner,Mercury,F,22,1,10,3
2023,2023-05-21,Kadi Sissoko,Mercury,F,4,0,0,0
2023,2023-05-21,Sug Sutton,Mercury,G,30,13,1,2
2023,2023-05-21,Evina Westbrook,Mercury,G,4,0,1,0
2023,2023-05-20,Cheyenne Parker,Dream,F,30,18,11,3
2023,2023-05-20,Nia Coffey,Dream,F,21,3,3,0
2023,2023-05-20,Allisha Gray,Dream,G,30,10,7,7
2023,2023-05-20,Aari McDonald,Dream,G,30,6,2,1
2023,2023-05-20,Rhyne Howard,Dream,G,36,20,10,2
2023,2023-05-20,Lorela Cubaj,Dream,F,5,0,1,0
2023,2023-05-20,Naz Hillmon,Dream,F,19,7,8,0
2023,2023-05-20,Danielle Robinson,Dream,G,7,2,1,2
2023,2023-05-20,AD Durr,Dream,G,18,12,1,2
2023,2023-05-20,Haley Jones,Dream,G,5,0,1,1
2023,2023-05-20,Natasha Howard,Wings,F,34,20,10,3
2023,2023-05-20,Satou Sabally,Wings,F,35,25,7,3
2023,2023-05-20,Teaira McCowan,Wings,C,16,4,9,0
2023,2023-05-20,Arike Ogunbowale,Wings,G,39,27,4,1
2023,2023-05-20,Veronica Burton,Wings,G,24,4,4,2
2023,2023-05-20,Maddy Siegrist,Wings,F,3,0,0,0
2023,2023-05-20,Awak Kuier,Wings,F,9,1,0,2
2023,2023-05-20,Crystal Dangerfield,Wings,G,24,0,4,2
2023,2023-05-20,Ashley Joens,Wings,G,3,2,0,0
2023,2023-05-20,Jasmine Dickey,Wings,G,13,2,2,0
2023,2023-05-20,Candace Parker,Aces,F,23,12,4,5
2023,2023-05-20,A'ja Wilson,Aces,F,27,13,13,1
2023,2023-05-20,Chelsea Gray,Aces,G,32,14,6,6
2023,2023-05-20,Kelsey Plum,Aces,G,32,23,5,5
2023,2023-05-20,Jackie Young,Aces,G,26,23,5,3
2023,2023-05-20,Alysha Clark,Aces,F,22,10,1,1
2023,2023-05-20,Cayla George,Aces,F,5,5,2,0
2023,2023-05-20,Kiah Stokes,Aces,C,23,2,9,0
2023,2023-05-20,Sydney Colson,Aces,G,4,0,2,0
2023,2023-05-20,Kierstan Bell,Aces,G,5,3,3,1
2023,2023-05-20,Mercedes Russell,Storm,C,24,6,9,1
2023,2023-05-20,Ezi Magbegor,Storm,C,29,7,5,0
2023,2023-05-20,Yvonne Turner,Storm,G,17,4,4,0
2023,2023-05-20,Jewell Loyd,Storm,G,29,22,4,4
2023,2023-05-20,Kia Nurse,Storm,G,11,0,1,0
2023,2023-05-20,Dulcy Fankam Mendjiadeu,Storm,F,3,0,1,0
2023,2023-05-20,Sami Whitcomb,Storm,G,14,1,0,2
2023,2023-05-20,Kaila Charles,Storm,G,14,2,1,0
2023,2023-05-20,Arella Guirantes,Storm,G,12,5,1,0
2023,2023-05-20,Jordan Horston,Storm,G,24,8,5,3
2023,2023-05-20,Jade Melbourne,Storm,G,6,2,0,1
2023,2023-05-20,Ivana Dojkic,Storm,G,17,7,1,1
2023,2023-05-19,DeWanna Bonner,Sun,F,32,19,7,0
2023,2023-05-19,Alyssa Thomas,Sun,F,38,18,11,6
2023,2023-05-19,Brionna Jones,Sun,F,26,13,9,0
2023,2023-05-19,Tiffany Hayes,Sun,G,23,5,4,1
2023,2023-05-19,Natisha Hiedeman,Sun,G,35,7,3,4
2023,2023-05-19,Olivia Nelson-Ododa,Sun,F,14,3,2,0
2023,2023-05-19,Rebecca Allen,Sun,G,11,5,1,0
2023,2023-05-19,Tyasha Harris,Sun,G,17,0,5,3
2023,2023-05-19,DiJonai Carrington,Sun,G,2,0,0,0
2023,2023-05-19,Leigha Brown,Sun,G,3,0,1,1
2023,2023-05-19,NaLyssa Smith,Fever,F,28,6,9,1
2023,2023-05-19,Aliyah Boston,Fever,F,24,15,9,1
2023,2023-05-19,Erica Wheeler,Fever,G,31,0,3,5
2023,2023-05-19,Kelsey Mitchell,Fever,G,38,20,2,4
2023,2023-05-19,Victoria Vivians,Fever,G,21,3,1,1
2023,2023-05-19,Emma Cannon,Fever,F,2,4,0,0
2023,2023-05-19,Victaria Saxton,Fever,F,1,0,0,0
2023,2023-05-19,Queen Egbo,Fever,C,15,3,6,0
2023,2023-05-19,Kristy Wallace,Fever,G,11,5,2,0
2023,2023-05-19,Maya Caldwell,Fever,G,25,3,2,3
2023,2023-05-19,Lexie Hull,Fever,G,4,2,1,0
2023,2023-05-19,Betnijah Laney,Liberty,F,27,10,2,2
2023,2023-05-19,Breanna Stewart,Liberty,F,34,12,12,3
2023,2023-05-19,Jonquel Jones,Liberty,F,19,5,5,3
2023,2023-05-19,Courtney Vandersloot,Liberty,G,27,8,2,6
2023,2023-05-19,Sabrina Ionescu,Liberty,G,34,18,8,2
2023,2023-05-19,Kayla Thornton,Liberty,F,19,7,5,1
2023,2023-05-19,Stefanie Dolson,Liberty,C,18,2,4,0
2023,2023-05-19,Han Xu,Liberty,C,5,0,0,0
2023,2023-05-19,Epiphanny Prince,Liberty,G,13,2,2,0
2023,2023-05-19,Jocelyn Willoughby,Liberty,G,5,0,0,1
2023,2023-05-19,Elena Delle Donne,Mystics,F,33,13,4,5
2023,2023-05-19,Shakira Austin,Mystics,C,25,6,3,3
2023,2023-05-19,Natasha Cloud,Mystics,G,32,14,6,6
2023,2023-05-19,Brittney Sykes,Mystics,G,29,9,9,3
2023,2023-05-19,Ariel Atkins,Mystics,G,27,14,3,2
2023,2023-05-19,Tianna Hawkins,Mystics,F,16,8,4,1
2023,2023-05-19,Amanda Zahui B.,Mystics,C,7,0,0,0
2023,2023-05-19,Kristi Toliver,Mystics,G,12,10,1,1
2023,2023-05-19,Shatori Walker-Kimbrough,Mystics,G,19,6,2,2
2023,2023-05-19,Li Meng,Mystics,G,1,0,0,0
2023,2023-05-19,Morgan Bertsch,Sky,F,20,6,2,4
2023,2023-05-19,Elizabeth Williams,Sky,C,29,14,6,2
2023,2023-05-19,Courtney Williams,Sky,G,32,5,7,4
2023,2023-05-19,Kahleah Copper,Sky,G,28,20,7,5
2023,2023-05-19,Marina Mabrey,Sky,G,23,5,4,2
2023,2023-05-19,Kristine Anigwe,Sky,F,11,0,2,0
2023,2023-05-19,Alanna Smith,Sky,F,20,15,4,1
2023,2023-05-19,Rebekah Gardner,Sky,G,22,10,3,3
2023,2023-05-19,Dana Evans,Sky,G,16,2,0,2
2023,2023-05-19,Jessica Shepard,Lynx,F,32,8,8,7
2023,2023-05-19,Napheesa Collier,Lynx,F,30,17,5,2
2023,2023-05-19,Diamond Miller,Lynx,F,23,9,7,2
2023,2023-05-19,Kayla McBride,Lynx,G,27,12,5,1
2023,2023-05-19,Rachel Banham,Lynx,G,25,0,4,2
2023,2023-05-19,Bridget Carleton,Lynx,F,14,6,1,1
2023,2023-05-19,Dorka Juhasz,Lynx,F,15,5,3,0
2023,2023-05-19,Nikolina Milic,Lynx,F,7,2,1,0
2023,2023-05-19,Tiffany Mitchell,Lynx,G,22,7,3,1
2023,2023-05-19,Aerial Powers,Lynx,G,5,0,3,0
2023,2023-05-19,Brianna Turner,Mercury,F,31,0,7,1
2023,2023-05-19,Michaela Onyenwere,Mercury,F,26,7,4,3
2023,2023-05-19,Brittney Griner,Mercury,C,25,18,6,2
2023,2023-05-19,Diana Taurasi,Mercury,G,28,15,7,5
2023,2023-05-19,Moriah Jefferson,Mercury,G,30,16,4,4
2023,2023-05-19,Liz Dixon,Mercury,F,5,0,0,0
2023,2023-05-19,Kadi Sissoko,Mercury,F,9,2,2,0
2023,2023-05-19,Sug Sutton,Mercury,G,26,10,3,3
2023,2023-05-19,Evina Westbrook,Mercury,G,19,3,1,0
2023,2023-05-19,Nneka Ogwumike,Sparks,F,27,17,4,3
2023,2023-05-19,Chiney Ogwumike,Sparks,F,25,15,7,1
2023,2023-05-19,Layshia Clarendon,Sparks,G,20,5,3,4
2023,2023-05-19,Lexie Brown,Sparks,G,22,14,4,2
2023,2023-05-19,Jordin Canada,Sparks,G,30,5,3,5
2023,2023-05-19,Dearica Hamby,Sparks,F,15,9,3,1
2023,2023-05-19,Karlie Samuelson,Sparks,F,26,13,3,1
2023,2023-05-19,Joyner Holmes,Sparks,F,13,2,3,0
2023,2023-05-19,Nia Clouden,Sparks,G,6,0,0,1
2023,2023-05-19,Zia Cooke,Sparks,G,15,14,2,2
2024,2024-10-20,Bridget Carleton,Lynx,F,41,3,6,2
2024,2024-10-20,Alanna Smith,Lynx,F,36,6,8,2
2024,2024-10-20,Napheesa Collier,Lynx,F,44,22,7,2
2024,2024-10-20,Kayla McBride,Lynx,G,43,21,5,5
2024,2024-10-20,Courtney Williams,Lynx,G,30,4,4,3
2024,2024-10-20,Myisha Hines-Allen,Lynx,F,0,0,0,0
2024,2024-10-20,Cecilia Zandalasini,Lynx,F,6,0,1,0
2024,2024-10-20,Dorka Juhasz,Lynx,F,9,0,1,1
2024,2024-10-20,Natisha Hiedeman,Lynx,G,16,6,1,1
2024,2024-10-20,Breanna Stewart,Liberty,F,45,13,15,4
2024,2024-10-20,Leonie Fiebich,Liberty,F,40,13,7,1
2024,2024-10-20,Jonquel Jones,Liberty,C,42,17,6,1
2024,2024-10-20,Betnijah Laney-Hamilton,Liberty,G,18,4,0,0
2024,2024-10-20,Sabrina Ionescu,Liberty,G,40,5,7,8
2024,2024-10-20,Kayla Thornton,Liberty,F,21,2,2,0
2024,2024-10-20,Nyara Sabally,Liberty,F,17,13,7,0
2024,2024-10-20,Courtney Vandersloot,Liberty,G,3,0,0,1
2024,2024-10-18,Breanna Stewart,Liberty,F,34,11,11,4
2024,2024-10-18,Leonie Fiebich,Liberty,F,36,19,3,5
2024,2024-10-18,Jonquel Jones,Liberty,C,36,21,8,2
2024,2024-10-18,Betnijah Laney-Hamilton,Liberty,G,34,10,3,2
2024,2024-10-18,Sabrina Ionescu,Liberty,G,36,10,6,5
2024,2024-10-18,Kayla Thornton,Liberty,F,7,3,2,0
2024,2024-10-18,Nyara Sabally,Liberty,F,11,4,5,0
2024,2024-10-18,Courtney Vandersloot,Liberty,G,7,2,2,0
2024,2024-10-18,Bridget Carleton,Lynx,F,29,12,4,0
2024,2024-10-18,Alanna Smith,Lynx,F,30,12,7,2
2024,2024-10-18,Napheesa Collier,Lynx,F,40,14,9,4
2024,2024-10-18,Kayla McBride,Lynx,G,35,19,2,4
2024,2024-10-18,Courtney Williams,Lynx,G,29,15,4,7
2024,2024-10-18,Cecilia Zandalasini,Lynx,F,16,6,4,0
2024,2024-10-18,Dorka Juhasz,Lynx,F,10,2,1,1
2024,2024-10-18,Natisha Hiedeman,Lynx,G,11,2,0,2
2024,2024-10-16,Breanna Stewart,Liberty,F,36,30,11,1
2024,2024-10-16,Leonie Fiebich,Liberty,F,34,13,4,2
2024,2024-10-16,Jonquel Jones,Liberty,C,33,13,5,4
2024,2024-10-16,Betnijah Laney-Hamilton,Liberty,G,35,2,5,3
2024,2024-10-16,Sabrina Ionescu,Liberty,G,32,13,5,6
2024,2024-10-16,Kayla Thornton,Liberty,F,12,0,1,0
2024,2024-10-16,Nyara Sabally,Liberty,F,11,4,1,0
2024,2024-10-16,Courtney Vandersloot,Liberty,G,8,5,1,2
2024,2024-10-16,Bridget Carleton,Lynx,F,34,14,4,0
2024,2024-10-16,Alanna Smith,Lynx,F,20,2,6,4
2024,2024-10-16,Napheesa Collier,Lynx,F,40,22,9,2
2024,2024-10-16,Kayla McBride,Lynx,G,39,19,2,2
2024,2024-10-16,Courtney Williams,Lynx,G,33,12,5,8
2024,2024-10-16,Myisha Hines-Allen,Lynx,F,18,4,6,1
2024,2024-10-16,Cecilia Zandalasini,Lynx,F,8,4,0,1
2024,2024-10-16,Natisha Hiedeman,Lynx,G,9,0,0,2
2024,2024-10-13,Bridget Carleton,Lynx,F,31,8,4,3
2024,2024-10-13,Alanna Smith,Lynx,F,31,14,2,2
2024,2024-10-13,Napheesa Collier,Lynx,F,35,16,7,3
2024,2024-10-13,Kayla McBride,Lynx,G,33,8,1,1
2024,2024-10-13,Courtney Williams,Lynx,G,30,15,6,8
2024,2024-10-13,Myisha Hines-Allen,Lynx,F,9,0,2,0
2024,2024-10-13,Cecilia Zandalasini,Lynx,F,8,0,2,1
2024,2024-10-13,Dorka Juhasz,Lynx,F,2,0,0,0
2024,2024-10-13,Diamond Miller,Lynx,F,1,0,0,0
2024,2024-10-13,Natisha Hiedeman,Lynx,G,19,5,2,2
2024,2024-10-13,Olivia Epoupa,Lynx,G,1,0,0,0
2024,2024-10-13,Breanna Stewart,Liberty,F,38,21,9,5
2024,2024-10-13,Leonie Fiebich,Liberty,F,30,3,5,3
2024,2024-10-13,Jonquel Jones,Liberty,C,33,14,9,1
2024,2024-10-13,Betnijah Laney-Hamilton,Liberty,G,32,20,2,2
2024,2024-10-13,Sabrina Ionescu,Liberty,G,36,15,4,5
2024,2024-10-13,Kayla Thornton,Liberty,F,11,3,0,0
2024,2024-10-13,Nyara Sabally,Liberty,F,9,1,4,0
2024,2024-10-13,Courtney Vandersloot,Liberty,G,11,3,2,1
2024,2024-10-10,Bridget Carleton,Lynx,F,37,5,3,1
2024,2024-10-10,Alanna Smith,Lynx,F,30,9,9,4
2024,2024-10-10,Napheesa Collier,Lynx,F,43,21,8,2
2024,2024-10-10,Kayla McBride,Lynx,G,43,22,2,4
2024,2024-10-10,Courtney Williams,Lynx,G,35,23,5,5
2024,2024-10-10,Myisha Hines-Allen,Lynx,F,14,5,2,1
2024,2024-10-10,Cecilia Zandalasini,Lynx,F,10,0,0,1
2024,2024-10-10,Natisha Hiedeman,Lynx,G,13,10,3,2
2024,2024-10-10,Breanna Stewart,Liberty,F,43,18,9,3
2024,2024-10-10,Leonie Fiebich,Liberty,F,38,17,6,4
2024,2024-10-10,Jonquel Jones,Liberty,C,39,24,10,3
2024,2024-10-10,Betnijah Laney-Hamilton,Liberty,G,26,5,4,4
2024,2024-10-10,Sabrina Ionescu,Liberty,G,41,19,5,3
2024,2024-10-10,Kayla Thornton,Liberty,F,7,0,0,0
2024,2024-10-10,Nyara Sabally,Liberty,F,6,2,3,0
2024,2024-10-10,Courtney Vandersloot,Liberty,G,23,8,6,4
2024,2024-10-10,Kennedy Burke,Liberty,G,2,0,1,0
2024,2024-10-08,DeWanna Bonner,Sun,F,33,14,8,0
2024,2024-10-08,Alyssa Thomas,Sun,F,39,7,3,6
2024,2024-10-08,Brionna Jones,Sun,F,23,16,10,0
2024,2024-10-08,Tyasha Harris,Sun,G,36,12,1,1
2024,2024-10-08,DiJonai Carrington,Sun,G,35,17,12,1
2024,2024-10-08,Caitlin Bickle,Sun,F,1,0,1,0
2024,2024-10-08,Astou Ndour-Fall,Sun,C,1,0,0,0
2024,2024-10-08,Olivia Nelson-Ododa,Sun,C,1,0,0,0
2024,2024-10-08,Marina Mabrey,Sun,G,14,8,0,0
2024,2024-10-08,Veronica Burton,Sun,G,19,3,0,3
2024,2024-10-08,Bridget Carleton,Lynx,F,30,2,2,2
2024,2024-10-08,Alanna Smith,Lynx,F,30,7,3,3
2024,2024-10-08,Napheesa Collier,Lynx,F,37,27,11,4
2024,2024-10-08,Kayla McBride,Lynx,G,32,19,2,4
2024,2024-10-08,Courtney Williams,Lynx,G,31,24,5,7
2024,2024-10-08,Myisha Hines-Allen,Lynx,F,12,2,1,1
2024,2024-10-08,Cecilia Zandalasini,Lynx,F,11,0,2,0
2024,2024-10-08,Dorka Juhasz,Lynx,F,1,0,0,0
2024,2024-10-08,Diamond Miller,Lynx,F,1,0,0,0
2024,2024-10-08,Natisha Hiedeman,Lynx,G,15,7,3,2
2024,2024-10-06,Bridget Carleton,Lynx,F,34,6,2,1
2024,2024-10-06,Alanna Smith,Lynx,F,28,9,3,4
2024,2024-10-06,Napheesa Collier,Lynx,F,37,29,13,3
2024,2024-10-06,Kayla McBride,Lynx,G,34,5,2,6
2024,2024-10-06,Courtney Williams,Lynx,G,23,11,2,4
2024,2024-10-06,Myisha Hines-Allen,Lynx,F,5,3,1,1
2024,2024-10-06,Cecilia Zandalasini,Lynx,F,7,3,0,0
2024,2024-10-06,Dorka Juhasz,Lynx,F,7,0,4,0
2024,2024-10-06,Diamond Miller,Lynx,F,1,0,0,0
2024,2024-10-06,Natisha Hiedeman,Lynx,G,23,16,0,3
2024,2024-10-06,Olivia Epoupa,Lynx,G,1,0,0,0
2024,2024-10-06,DeWanna Bonner,Sun,F,35,18,8,4
2024,2024-10-06,Alyssa Thomas,Sun,F,36,18,8,11
2024,2024-10-06,Brionna Jones,Sun,F,14,7,1,0
2024,2024-10-06,Tyasha Harris,Sun,G,30,20,3,0
2024,2024-10-06,DiJonai Carrington,Sun,G,36,15,4,3
2024,2024-10-06,Olivia Nelson-Ododa,Sun,C,1,0,1,0
2024,2024-10-06,Marina Mabrey,Sun,G,34,10,3,0
2024,2024-10-06,Veronica Burton,Sun,G,13,4,1,1
2024,2024-10-06,Breanna Stewart,Liberty,F,39,19,14,5
2024,2024-10-06,Leonie Fiebich,Liberty,F,28,11,7,4
2024,2024-10-06,Jonquel Jones,Liberty,C,28,14,6,0
2024,2024-10-06,Betnijah Laney-Hamilton,Liberty,G,25,2,5,0
2024,2024-10-06,Sabrina Ionescu,Liberty,G,36,22,7,2
2024,2024-10-06,Kayla Thornton,Liberty,F,13,0,3,0
2024,2024-10-06,Courtney Vandersloot,Liberty,G,18,8,1,3
2024,2024-10-06,Kennedy Burke,Liberty,G,13,0,5,0
2024,2024-10-06,Alysha Clark,Aces,F,31,2,5,4
2024,2024-10-06,A'ja Wilson,Aces,C,37,19,10,1
2024,2024-10-06,Chelsea Gray,Aces,G,35,7,2,6
2024,2024-10-06,Kelsey Plum,Aces,G,39,17,2,1
2024,2024-10-06,Jackie Young,Aces,G,28,4,5,2
2024,2024-10-06,Megan Gustafson,Aces,C,7,2,0,0
2024,2024-10-06,Sydney Colson,Aces,G,3,0,0,0
2024,2024-10-06,Tiffany Hayes,Aces,G,20,11,3,2
2024,2024-10-04,Breanna Stewart,Liberty,F,33,19,6,1
2024,2024-10-04,Leonie Fiebich,Liberty,F,28,10,4,2
2024,2024-10-04,Jonquel Jones,Liberty,C,25,11,6,1
2024,2024-10-04,Betnijah Laney-Hamilton,Liberty,G,23,7,3,3
2024,2024-10-04,Sabrina Ionescu,Liberty,G,30,4,5,5
2024,2024-10-04,Kayla Thornton,Liberty,F,11,3,1,0
2024,2024-10-04,Nyara Sabally,Liberty,F,10,8,2,0
2024,2024-10-04,Courtney Vandersloot,Liberty,G,20,9,3,5
2024,2024-10-04,Kennedy Burke,Liberty,G,8,4,2,1
2024,2024-10-04,Jaylyn Sherrod,Liberty,G,3,0,1,1
2024,2024-10-04,Marquesha Davis,Liberty,G,3,3,2,2
2024,2024-10-04,Ivana Dojkic,Liberty,G,5,3,0,0
2024,2024-10-04,Alysha Clark,Aces,F,29,5,5,2
2024,2024-10-04,A'ja Wilson,Aces,C,33,19,14,3
2024,2024-10-04,Chelsea Gray,Aces,G,30,10,1,7
2024,2024-10-04,Kelsey Plum,Aces,G,34,20,3,2
2024,2024-10-04,Jackie Young,Aces,G,30,24,6,4
2024,2024-10-04,Kierstan Bell,Aces,F,3,2,0,0
2024,2024-10-04,Megan Gustafson,Aces,C,12,0,1,1
2024,2024-10-04,Queen Egbo,Aces,C,3,0,1,1
2024,2024-10-04,Sydney Colson,Aces,G,6,4,0,0
2024,2024-10-04,Tiffany Hayes,Aces,G,16,11,3,2
2024,2024-10-04,Kate Martin,Aces,G,3,0,0,0
2024,2024-10-04,Bridget Carleton,Lynx,F,33,12,6,0
2024,2024-10-04,Alanna Smith,Lynx,F,26,7,3,1
2024,2024-10-04,Napheesa Collier,Lynx,F,33,26,11,3
2024,2024-10-04,Kayla McBride,Lynx,G,37,13,1,5
2024,2024-10-04,Courtney Williams,Lynx,G,32,16,1,8
2024,2024-10-04,Myisha Hines-Allen,Lynx,F,11,2,4,3
2024,2024-10-04,Cecilia Zandalasini,Lynx,F,10,5,1,0
2024,2024-10-04,Dorka Juhasz,Lynx,F,10,5,2,2
2024,2024-10-04,Diamond Miller,Lynx,F,0,0,0,0
2024,2024-10-04,Alissa Pili,Lynx,F,0,0,0,0
2024,2024-10-04,Natisha Hiedeman,Lynx,G,8,4,0,0
2024,2024-10-04,DeWanna Bonner,Sun,F,36,16,8,1
2024,2024-10-04,Alyssa Thomas,Sun,F,40,13,9,7
2024,2024-10-04,Brionna Jones,Sun,F,30,21,4,5
2024,2024-10-04,Marina Mabrey,Sun,G,36,14,5,4
2024,2024-10-04,DiJonai Carrington,Sun,G,33,13,5,2
2024,2024-10-04,Caitlin Bickle,Sun,F,0,0,0,0
2024,2024-10-04,Astou Ndour-Fall,Sun,C,0,0,0,0
2024,2024-10-04,Olivia Nelson-Ododa,Sun,C,9,0,2,0
2024,2024-10-04,Tyasha Harris,Sun,G,6,0,0,0
2024,2024-10-04,Veronica Burton,Sun,G,10,4,0,2
2024,2024-10-01,DeWanna Bonner,Sun,F,34,17,6,3
2024,2024-10-01,Alyssa Thomas,Sun,F,40,18,10,7
2024,2024-10-01,Brionna Jones,Sun,F,14,2,2,2
2024,2024-10-01,Marina Mabrey,Sun,G,38,15,3,2
2024,2024-10-01,DiJonai Carrington,Sun,G,31,14,4,0
2024,2024-10-01,Olivia Nelson-Ododa,Sun,C,14,4,5,0
2024,2024-10-01,Tyasha Harris,Sun,G,7,0,0,0
2024,2024-10-01,Veronica Burton,Sun,G,21,0,2,2
2024,2024-10-01,Bridget Carleton,Lynx,F,28,9,2,0
2024,2024-10-01,Alanna Smith,Lynx,F,25,15,6,2
2024,2024-10-01,Napheesa Collier,Lynx,F,40,9,12,5
2024,2024-10-01,Kayla McBride,Lynx,G,36,11,3,3
2024,2024-10-01,Courtney Williams,Lynx,G,28,17,5,3
2024,2024-10-01,Myisha Hines-Allen,Lynx,F,15,7,3,1
2024,2024-10-01,Cecilia Zandalasini,Lynx,F,17,5,2,1
2024,2024-10-01,Natisha Hiedeman,Lynx,G,12,4,2,2
2024,2024-10-01,Alysha Clark,Aces,F,35,13,3,2
2024,2024-10-01,A'ja Wilson,Aces,C,37,24,7,4
2024,2024-10-01,Chelsea Gray,Aces,G,36,14,4,7
2024,2024-10-01,Kelsey Plum,Aces,G,27,6,2,1
2024,2024-10-01,Jackie Young,Aces,G,31,17,6,3
2024,2024-10-01,Kiah Stokes,Aces,C,8,0,3,0
2024,2024-10-01,Sydney Colson,Aces,G,5,0,0,0
2024,2024-10-01,Tiffany Hayes,Aces,G,21,10,4,6
2024,2024-10-01,Breanna Stewart,Liberty,F,37,15,7,8
2024,2024-10-01,Leonie Fiebich,Liberty,F,26,6,2,0
2024,2024-10-01,Jonquel Jones,Liberty,C,34,14,8,4
2024,2024-10-01,Betnijah Laney-Hamilton,Liberty,G,25,8,4,1
2024,2024-10-01,Sabrina Ionescu,Liberty,G,37,24,9,5
2024,2024-10-01,Kayla Thornton,Liberty,F,16,9,0,0
2024,2024-10-01,Courtney Vandersloot,Liberty,G,20,12,4,1
2024,2024-10-01,Kennedy Burke,Liberty,G,4,0,1,0
2024,2024-09-29,DeWanna Bonner,Sun,F,33,10,11,5
2024,2024-09-29,Alyssa Thomas,Sun,F,39,17,10,9
2024,2024-09-29,Brionna Jones,Sun,F,18,6,2,2
2024,2024-09-29,Marina Mabrey,Sun,G,38,20,5,3
2024,2024-09-29,DiJonai Carrington,Sun,G,40,13,9,4
2024,2024-09-29,Olivia Nelson-Ododa,Sun,C,6,2,1,0
2024,2024-09-29,Veronica Burton,Sun,G,27,5,1,1
2024,2024-09-29,Bridget Carleton,Lynx,F,37,17,2,0
2024,2024-09-29,Alanna Smith,Lynx,F,33,6,8,4
2024,2024-09-29,Napheesa Collier,Lynx,F,37,19,9,4
2024,2024-09-29,Kayla McBride,Lynx,G,39,12,2,3
2024,2024-09-29,Courtney Williams,Lynx,G,33,8,4,4
2024,2024-09-29,Myisha Hines-Allen,Lynx,F,11,6,6,0
2024,2024-09-29,Natisha Hiedeman,Lynx,G,11,2,1,1
2024,2024-09-29,Kiah Stokes,Aces,C,13,0,1,0
2024,2024-09-29,A'ja Wilson,Aces,C,38,21,6,5
2024,2024-09-29,Chelsea Gray,Aces,G,26,4,3,1
2024,2024-09-29,Kelsey Plum,Aces,G,37,24,2,4
2024,2024-09-29,Jackie Young,Aces,G,33,17,2,2
2024,2024-09-29,Alysha Clark,Aces,F,25,9,5,1
2024,2024-09-29,Sydney Colson,Aces,G,4,0,0,3
2024,2024-09-29,Tiffany Hayes,Aces,G,23,2,3,3
2024,2024-09-29,Breanna Stewart,Liberty,F,36,34,5,4
2024,2024-09-29,Leonie Fiebich,Liberty,F,34,6,1,3
2024,2024-09-29,Jonquel Jones,Liberty,C,33,13,12,2
2024,2024-09-29,Betnijah Laney-Hamilton,Liberty,G,21,4,4,3
2024,2024-09-29,Sabrina Ionescu,Liberty,G,38,21,4,5
2024,2024-09-29,Kayla Thornton,Liberty,F,10,2,2,0
2024,2024-09-29,Nyara Sabally,Liberty,F,5,2,2,0
2024,2024-09-29,Courtney Vandersloot,Liberty,G,15,3,1,4
2024,2024-09-29,Kennedy Burke,Liberty,G,7,2,0,1
2024,2024-09-25,Brittney Griner,Mercury,C,28,24,5,0
2024,2024-09-25,Diana Taurasi,Mercury,G,30,10,4,3
2024,2024-09-25,Natasha Cloud,Mercury,G,35,16,5,10
2024,2024-09-25,Kahleah Copper,Mercury,G,26,13,5,2
2024,2024-09-25,Sophie Cunningham,Mercury,G,35,5,5,6
2024,2024-09-25,Monique Billings,Mercury,F,13,6,3,1
2024,2024-09-25,Mikiah Herbert Harrigan,Mercury,F,1,0,0,0
2024,2024-09-25,Natasha Mack,Mercury,F,16,12,2,0
2024,2024-09-25,Amy Atwell,Mercury,F,1,0,0,0
2024,2024-09-25,Celeste Taylor,Mercury,G,17,2,2,3
2024,2024-09-25,Bridget Carleton,Lynx,F,36,12,4,4
2024,2024-09-25,Alanna Smith,Lynx,F,30,12,5,3
2024,2024-09-25,Napheesa Collier,Lynx,F,38,42,5,4
2024,2024-09-25,Kayla McBride,Lynx,G,34,15,2,4
2024,2024-09-25,Courtney Williams,Lynx,G,24,11,2,6
2024,2024-09-25,Myisha Hines-Allen,Lynx,F,10,1,3,0
2024,2024-09-25,Cecilia Zandalasini,Lynx,F,6,0,1,0
2024,2024-09-25,Dorka Juhasz,Lynx,F,1,0,1,0
2024,2024-09-25,Diamond Miller,Lynx,F,1,0,0,0
2024,2024-09-25,Alissa Pili,Lynx,F,1,0,0,0
2024,2024-09-25,Natisha Hiedeman,Lynx,G,18,8,2,7
2024,2024-09-25,Olivia Epoupa,Lynx,G,1,0,0,0
2024,2024-09-25,Temi Fagbenle,Fever,C,35,9,9,3
2024,2024-09-25,Aliyah Boston,Fever,C,32,16,19,3
2024,2024-09-25,Kelsey Mitchell,Fever,G,40,17,3,3
2024,2024-09-25,Lexie Hull,Fever,G,31,8,3,1
2024,2024-09-25,Caitlin Clark,Fever,G,40,25,6,9
2024,2024-09-25,NaLyssa Smith,Fever,F,4,0,3,0
2024,2024-09-25,Damiris Dantas,Fever,C,9,4,0,1
2024,2024-09-25,Erica Wheeler,Fever,G,9,2,0,1
2024,2024-09-25,DeWanna Bonner,Sun,F,34,15,8,2
2024,2024-09-25,Alyssa Thomas,Sun,F,40,19,5,13
2024,2024-09-25,Brionna Jones,Sun,F,14,8,1,0
2024,2024-09-25,Marina Mabrey,Sun,G,39,17,2,6
2024,2024-09-25,DiJonai Carrington,Sun,G,25,10,4,1
2024,2024-09-25,Olivia Nelson-Ododa,Sun,C,24,8,6,0
2024,2024-09-25,Veronica Burton,Sun,G,24,10,3,3
2024,2024-09-24,Nneka Ogwumike,Storm,F,35,16,10,1
2024,2024-09-24,Gabby Williams,Storm,F,38,20,5,3
2024,2024-09-24,Ezi Magbegor,Storm,F,28,14,7,2
2024,2024-09-24,Skylar Diggins,Storm,G,36,13,0,10
2024,2024-09-24,Jewell Loyd,Storm,G,33,9,4,2
2024,2024-09-24,Jordan Horston,Storm,F,16,2,2,0
2024,2024-09-24,Mercedes Russell,Storm,C,14,2,2,0
2024,2024-09-24,Kiah Stokes,Aces,C,19,0,7,0
2024,2024-09-24,A'ja Wilson,Aces,C,37,24,13,2
2024,2024-09-24,Chelsea Gray,Aces,G,32,12,4,9
2024,2024-09-24,Kelsey Plum,Aces,G,34,29,6,3
2024,2024-09-24,Jackie Young,Aces,G,31,9,9,5
2024,2024-09-24,Alysha Clark,Aces,F,13,0,2,1
2024,2024-09-24,Megan Gustafson,Aces,C,5,0,0,0
2024,2024-09-24,Sydney Colson,Aces,G,5,0,0,0
2024,2024-09-24,Tiffany Hayes,Aces,G,24,9,4,3
2024,2024-09-24,Naz Hillmon,Dream,F,29,6,10,1
2024,2024-09-24,Tina Charles,Dream,C,34,14,6,3
2024,2024-09-24,Allisha Gray,Dream,G,40,26,3,2
2024,2024-09-24,Jordin Canada,Dream,G,34,8,2,11
2024,2024-09-24,Rhyne Howard,Dream,G,40,19,5,3
2024,2024-09-24,Nia Coffey,Dream,F,11,7,3,0
2024,2024-09-24,Lorela Cubaj,Dream,F,6,0,0,1
2024,2024-09-24,Maya Caldwell,Dream,G,1,0,0,1
2024,2024-09-24,Haley Jones,Dream,G,4,2,1,0
2024,2024-09-24,Breanna Stewart,Liberty,F,38,13,6,2
2024,2024-09-24,Leonie Fiebich,Liberty,F,22,9,2,1
2024,2024-09-24,Jonquel Jones,Liberty,C,35,20,13,3
2024,2024-09-24,Betnijah Laney-Hamilton,Liberty,G,33,5,2,5
2024,2024-09-24,Sabrina Ionescu,Liberty,G,39,36,1,9
2024,2024-09-24,Kayla Thornton,Liberty,F,13,0,4,0
2024,2024-09-24,Nyara Sabally,Liberty,F,5,4,0,0
2024,2024-09-24,Courtney Vandersloot,Liberty,G,16,4,3,4
2024,2024-09-22,Nneka Ogwumike,Storm,F,39,13,10,3
2024,2024-09-22,Gabby Williams,Storm,F,37,14,8,2
2024,2024-09-22,Mercedes Russell,Storm,C,32,8,12,0
2024,2024-09-22,Skylar Diggins,Storm,G,37,16,4,8
2024,2024-09-22,Jewell Loyd,Storm,G,26,6,3,2
2024,2024-09-22,Joyner Holmes,Storm,F,2,0,0,0
2024,2024-09-22,Jordan Horston,Storm,F,19,10,3,0
2024,2024-09-22,Sami Whitcomb,Storm,G,2,0,0,0
2024,2024-09-22,Victoria Vivians,Storm,G,7,0,0,0
2024,2024-09-22,Kiah Stokes,Aces,C,15,0,8,0
2024,2024-09-22,A'ja Wilson,Aces,C,36,21,8,2
2024,2024-09-22,Chelsea Gray,Aces,G,32,16,2,7
2024,2024-09-22,Kelsey Plum,Aces,G,27,2,0,2
2024,2024-09-22,Jackie Young,Aces,G,30,12,7,2
2024,2024-09-22,Alysha Clark,Aces,F,23,7,3,2
2024,2024-09-22,Megan Gustafson,Aces,C,5,0,1,0
2024,2024-09-22,Sydney Colson,Aces,G,5,0,0,0
2024,2024-09-22,Tiffany Hayes,Aces,G,26,20,4,1
2024,2024-09-22,Brittney Griner,Mercury,C,31,10,6,0
2024,2024-09-22,Diana Taurasi,Mercury,G,30,21,2,2
2024,2024-09-22,Natasha Cloud,Mercury,G,38,33,6,10
2024,2024-09-22,Kahleah Copper,Mercury,G,33,16,4,3
2024,2024-09-22,Sophie Cunningham,Mercury,G,29,8,4,1
2024,2024-09-22,Monique Billings,Mercury,F,15,2,4,0
2024,2024-09-22,Mikiah Herbert Harrigan,Mercury,F,2,0,0,0
2024,2024-09-22,Natasha Mack,Mercury,F,11,2,5,1
2024,2024-09-22,Celeste Taylor,Mercury,G,12,3,0,2
2024,2024-09-22,Bridget Carleton,Lynx,F,35,12,6,4
2024,2024-09-22,Alanna Smith,Lynx,F,21,7,3,3
2024,2024-09-22,Napheesa Collier,Lynx,F,40,38,6,4
2024,2024-09-22,Kayla McBride,Lynx,G,35,20,3,4
2024,2024-09-22,Courtney Williams,Lynx,G,25,9,6,8
2024,2024-09-22,Myisha Hines-Allen,Lynx,F,19,10,5,3
2024,2024-09-22,Cecilia Zandalasini,Lynx,F,6,2,0,0
2024,2024-09-22,Diamond Miller,Lynx,F,0,0,0,0
2024,2024-09-22,Alissa Pili,Lynx,F,0,0,0,0
2024,2024-09-22,Natisha Hiedeman,Lynx,G,18,4,2,4
2024,2024-09-22,Olivia Epoupa,Lynx,G,0,0,0,0
2024,2024-09-22,NaLyssa Smith,Fever,F,9,0,1,0
2024,2024-09-22,Aliyah Boston,Fever,C,33,17,11,3
2024,2024-09-22,Kelsey Mitchell,Fever,G,37,21,3,5
2024,2024-09-22,Lexie Hull,Fever,G,29,5,6,3
2024,2024-09-22,Caitlin Clark,Fever,G,36,11,4,8
2024,2024-09-22,Katie Lou Samuelson,Fever,F,5,0,0,0
2024,2024-09-22,Victaria Saxton,Fever,F,2,2,0,0
2024,2024-09-22,Temi Fagbenle,Fever,C,13,0,2,1
2024,2024-09-22,Damiris Dantas,Fever,C,24,12,2,0
2024,2024-09-22,Erica Wheeler,Fever,G,9,1,0,2
2024,2024-09-22,Kristy Wallace,Fever,G,2,0,0,0
2024,2024-09-22,Grace Berger,Fever,G,2,0,0,1
2024,2024-09-22,DeWanna Bonner,Sun,F,31,22,6,5
2024,2024-09-22,Alyssa Thomas,Sun,F,37,12,10,13
2024,2024-09-22,Brionna Jones,Sun,F,26,4,5,1
2024,2024-09-22,Tyasha Harris,Sun,G,4,0,0,0
2024,2024-09-22,DiJonai Carrington,Sun,G,34,14,5,3
2024,2024-09-22,Caitlin Bickle,Sun,F,2,0,0,0
2024,2024-09-22,Astou Ndour-Fall,Sun,C,2,0,0,1
2024,2024-09-22,Olivia Nelson-Ododa,Sun,C,14,6,6,0
2024,2024-09-22,Marina Mabrey,Sun,G,32,27,3,3
2024,2024-09-22,Veronica Burton,Sun,G,20,8,1,1
2024,2024-09-22,Naz Hillmon,Dream,F,19,9,3,0
2024,2024-09-22,Tina Charles,Dream,C,24,12,7,0
2024,2024-09-22,Allisha Gray,Dream,G,27,9,5,2
2024,2024-09-22,Jordin Canada,Dream,G,20,3,0,4
2024,2024-09-22,Rhyne Howard,Dream,G,29,14,6,4
2024,2024-09-22,Nia Coffey,Dream,F,11,0,1,2
2024,2024-09-22,Lorela Cubaj,Dream,F,16,2,5,0
2024,2024-09-22,Laeticia Amihere,Dream,F,10,8,5,0
2024,2024-09-22,Ezinne Kalu,Dream,G,15,4,0,2
2024,2024-09-22,Maya Caldwell,Dream,G,17,2,3,1
2024,2024-09-22,Haley Jones,Dream,G,13,6,1,1
2024,2024-09-22,Breanna Stewart,Liberty,F,32,20,11,3
2024,2024-09-22,Leonie Fiebich,Liberty,F,25,21,1,1
2024,2024-09-22,Jonquel Jones,Liberty,C,22,9,7,3
2024,2024-09-22,Betnijah Laney-Hamilton,Liberty,G,30,10,0,5
2024,2024-09-22,Sabrina Ionescu,Liberty,G,26,17,5,5
2024,2024-09-22,Kayla Thornton,Liberty,F,17,0,2,1
2024,2024-09-22,Nyara Sabally,Liberty,F,16,2,7,0
2024,2024-09-22,Courtney Vandersloot,Liberty,G,16,4,3,3
2024,2024-09-22,Kennedy Burke,Liberty,G,11,0,1,1
2024,2024-09-22,Jaylyn Sherrod,Liberty,G,3,0,0,0
2024,2024-09-22,Ivana Dojkic,Liberty,G,3,0,0,0
2024,2024-09-19,Natasha Howard,Wings,F,33,13,7,1
2024,2024-09-19,Satou Sabally,Wings,F,32,25,7,7
2024,2024-09-19,Maddy Siegrist,Wings,F,34,12,4,2
2024,2024-09-19,Kalani Brown,Wings,C,27,13,9,1
2024,2024-09-19,Jacy Sheldon,Wings,G,27,4,2,3
2024,2024-09-19,Jaelyn Brown,Wings,G,21,15,3,0
2024,2024-09-19,Lou Lopez Senechal,Wings,G,12,2,1,0
2024,2024-09-19,Sevgi Uzun,Wings,G,15,0,0,3
2024,2024-09-19,Alysha Clark,Aces,F,25,10,3,2
2024,2024-09-19,Megan Gustafson,Aces,C,29,24,7,1
2024,2024-09-19,Sydney Colson,Aces,G,32,13,5,4
2024,2024-09-19,Tiffany Hayes,Aces,G,26,21,3,5
2024,2024-09-19,Kate Martin,Aces,G,32,7,6,4
2024,2024-09-19,Kierstan Bell,Aces,F,24,12,4,5
2024,2024-09-19,Kiah Stokes,Aces,C,17,3,5,1
2024,2024-09-19,Queen Egbo,Aces,C,15,8,5,0
2024,2024-09-19,Nneka Ogwumike,Storm,F,23,17,8,1
2024,2024-09-19,Gabby Williams,Storm,F,26,10,5,6
2024,2024-09-19,Mercedes Russell,Storm,C,25,14,4,0
2024,2024-09-19,Sami Whitcomb,Storm,G,35,11,8,5
2024,2024-09-19,Skylar Diggins,Storm,G,25,14,2,6
2024,2024-09-19,Joyner Holmes,Storm,F,18,10,10,3
2024,2024-09-19,Jordan Horston,Storm,F,18,2,1,2
2024,2024-09-19,Victoria Vivians,Storm,G,16,9,1,1
2024,2024-09-19,Nika Muhl,Storm,G,14,2,2,3
2024,2024-09-19,Brittney Griner,Mercury,C,22,11,8,0
2024,2024-09-19,Diana Taurasi,Mercury,G,18,9,1,2
2024,2024-09-19,Natasha Cloud,Mercury,G,20,4,3,4
2024,2024-09-19,Kahleah Copper,Mercury,G,25,4,1,5
2024,2024-09-19,Sophie Cunningham,Mercury,G,22,10,2,0
2024,2024-09-19,Monique Billings,Mercury,F,18,0,4,0
2024,2024-09-19,Mikiah Herbert Harrigan,Mercury,F,16,9,5,0
2024,2024-09-19,Natasha Mack,Mercury,F,18,10,6,0
2024,2024-09-19,Amy Atwell,Mercury,F,18,6,2,3
2024,2024-09-19,Celeste Taylor,Mercury,G,22,7,1,5
2024,2024-09-19,Dearica Hamby,Sparks,F,40,20,7,3
2024,2024-09-19,Azura Stevens,Sparks,F,21,5,4,0
2024,2024-09-19,Rickea Jackson,Sparks,F,36,19,8,1
2024,2024-09-19,Odyssey Sims,Sparks,G,34,4,2,9
2024,2024-09-19,Rae Burrell,Sparks,G,26,3,6,1
2024,2024-09-19,Stephanie Talbot,Sparks,F,12,3,3,2
2024,2024-09-19,Li Yueru,Sparks,C,7,2,2,0
2024,2024-09-19,Kia Nurse,Sparks,G,17,12,4,1
2024,2024-09-19,Crystal Dangerfield,Sparks,G,6,0,0,1
2024,2024-09-19,Zia Cooke,Sparks,G,2,0,0,0
2024,2024-09-19,Myisha Hines-Allen,Lynx,F,27,6,3,0
2024,2024-09-19,Bridget Carleton,Lynx,F,30,6,3,0
2024,2024-09-19,Alanna Smith,Lynx,F,23,6,8,3
2024,2024-09-19,Diamond Miller,Lynx,F,20,8,3,0
2024,2024-09-19,Courtney Williams,Lynx,G,27,6,4,2
2024,2024-09-19,Cecilia Zandalasini,Lynx,F,17,4,2,1
2024,2024-09-19,Alissa Pili,Lynx,F,22,8,2,0
2024,2024-09-19,Natisha Hiedeman,Lynx,G,25,7,3,3
2024,2024-09-19,Olivia Epoupa,Lynx,G,9,0,0,2
2024,2024-09-19,Isabelle Harrison,Sky,F,29,13,11,2
2024,2024-09-19,Brianna Turner,Sky,F,35,4,6,0
2024,2024-09-19,Michaela Onyenwere,Sky,F,26,5,3,2
2024,2024-09-19,Rachel Banham,Sky,G,18,2,0,1
2024,2024-09-19,Lindsay Allen,Sky,G,25,4,1,5
2024,2024-09-19,Kaela Davis,Sky,F,31,12,3,1
2024,2024-09-19,Moriah Jefferson,Sky,G,15,0,0,3
2024,2024-09-19,Dana Evans,Sky,G,22,14,0,2
2024,2024-09-19,DeWanna Bonner,Sun,F,24,11,4,2
2024,2024-09-19,Alyssa Thomas,Sun,F,22,13,5,7
2024,2024-09-19,Brionna Jones,Sun,F,19,4,2,0
2024,2024-09-19,Tyasha Harris,Sun,G,26,15,0,4
2024,2024-09-19,DiJonai Carrington,Sun,G,28,12,12,2
2024,2024-09-19,Caitlin Bickle,Sun,F,4,0,0,0
2024,2024-09-19,Astou Ndour-Fall,Sun,C,11,2,1,0
2024,2024-09-19,Olivia Nelson-Ododa,Sun,C,21,12,4,0
2024,2024-09-19,Marina Mabrey,Sun,G,26,12,6,6
2024,2024-09-19,Veronica Burton,Sun,G,19,6,3,3
2024,2024-09-19,Naz Hillmon,Dream,F,21,13,2,0
2024,2024-09-19,Tina Charles,Dream,C,22,10,10,3
2024,2024-09-19,Allisha Gray,Dream,G,20,10,5,5
2024,2024-09-19,Jordin Canada,Dream,G,26,8,3,6
2024,2024-09-19,Rhyne Howard,Dream,G,25,13,3,4
2024,2024-09-19,Nia Coffey,Dream,F,11,5,3,0
2024,2024-09-19,Lorela Cubaj,Dream,F,16,3,3,2
2024,2024-09-19,Laeticia Amihere,Dream,F,10,2,1,0
2024,2024-09-19,Ezinne Kalu,Dream,G,13,3,1,0
2024,2024-09-19,Maya Caldwell,Dream,G,23,7,3,1
2024,2024-09-19,Haley Jones,Dream,G,13,4,1,1
2024,2024-09-19,Breanna Stewart,Liberty,F,16,16,2,0
2024,2024-09-19,Jonquel Jones,Liberty,C,30,7,10,3
2024,2024-09-19,Courtney Vandersloot,Liberty,G,16,0,1,2
2024,2024-09-19,Betnijah Laney-Hamilton,Liberty,G,25,9,2,1
2024,2024-09-19,Sabrina Ionescu,Liberty,G,22,3,1,7
2024,2024-09-19,Kayla Thornton,Liberty,F,22,2,3,0
2024,2024-09-19,Nyara Sabally,Liberty,F,21,14,4,0
2024,2024-09-19,Leonie Fiebich,Liberty,F,11,3,1,0
2024,2024-09-19,Kennedy Burke,Liberty,G,12,1,1,2
2024,2024-09-19,Jaylyn Sherrod,Liberty,G,10,8,1,1
2024,2024-09-19,Marquesha Davis,Liberty,G,14,4,2,1
2024,2024-09-19,NaLyssa Smith,Fever,F,20,16,5,0
2024,2024-09-19,Aliyah Boston,Fever,C,18,10,3,3
2024,2024-09-19,Kelsey Mitchell,Fever,G,5,4,0,1
2024,2024-09-19,Lexie Hull,Fever,G,21,0,1,1
2024,2024-09-19,Caitlin Clark,Fever,G,20,8,5,8
2024,2024-09-19,Katie Lou Samuelson,Fever,F,20,10,4,3
2024,2024-09-19,Victaria Saxton,Fever,F,5,5,2,0
2024,2024-09-19,Temi Fagbenle,Fever,C,15,8,1,0
2024,2024-09-19,Damiris Dantas,Fever,C,14,4,3,3
2024,2024-09-19,Erica Wheeler,Fever,G,25,7,1,7
2024,2024-09-19,Kristy Wallace,Fever,G,25,17,4,1
2024,2024-09-19,Grace Berger,Fever,G,12,2,3,1
2024,2024-09-19,Emily Engstler,Mystics,F,27,17,5,4
2024,2024-09-19,Stefanie Dolson,Mystics,C,22,2,6,1
2024,2024-09-19,Julie Vanloo,Mystics,G,16,0,1,3
2024,2024-09-19,Brittney Sykes,Mystics,G,20,12,5,2
2024,2024-09-19,Ariel Atkins,Mystics,G,21,17,0,2
2024,2024-09-19,Sika Kone,Mystics,F,22,20,7,2
2024,2024-09-19,Karlie Samuelson,Mystics,G,20,3,3,3
2024,2024-09-19,Shatori Walker-Kimbrough,Mystics,G,23,12,1,3
2024,2024-09-19,Sug Sutton,Mystics,G,9,0,0,1
2024,2024-09-19,Jade Melbourne,Mystics,G,20,9,2,2
2024,2024-09-17,Brittney Griner,Mercury,C,14,14,3,1
2024,2024-09-17,Diana Taurasi,Mercury,G,22,13,3,5
2024,2024-09-17,Natasha Cloud,Mercury,G,34,13,2,12
2024,2024-09-17,Sophie Cunningham,Mercury,G,30,14,3,2
2024,2024-09-17,Celeste Taylor,Mercury,G,30,3,5,0
2024,2024-09-17,Monique Billings,Mercury,F,17,9,3,0
2024,2024-09-17,Mikiah Herbert Harrigan,Mercury,F,18,10,2,0
2024,2024-09-17,Natasha Mack,Mercury,F,20,9,2,1
2024,2024-09-17,Amy Atwell,Mercury,F,16,0,2,1
2024,2024-09-17,Dearica Hamby,Sparks,F,25,21,9,2
2024,2024-09-17,Azura Stevens,Sparks,F,13,2,4,0
2024,2024-09-17,Rickea Jackson,Sparks,F,20,8,3,0
2024,2024-09-17,Odyssey Sims,Sparks,G,9,0,4,0
2024,2024-09-17,Rae Burrell,Sparks,G,13,3,1,1
2024,2024-09-17,Stephanie Talbot,Sparks,F,19,4,4,3
2024,2024-09-17,Li Yueru,Sparks,C,31,19,12,3
2024,2024-09-17,Kia Nurse,Sparks,G,25,10,7,1
2024,2024-09-17,Crystal Dangerfield,Sparks,G,27,5,4,5
2024,2024-09-17,Zia Cooke,Sparks,G,17,9,1,1
2024,2024-09-17,A'ja Wilson,Aces,C,35,21,7,2
2024,2024-09-17,Megan Gustafson,Aces,C,8,0,1,0
2024,2024-09-17,Chelsea Gray,Aces,G,30,13,6,5
2024,2024-09-17,Kelsey Plum,Aces,G,32,21,7,2
2024,2024-09-17,Jackie Young,Aces,G,29,16,4,6
2024,2024-09-17,Alysha Clark,Aces,F,22,2,3,1
2024,2024-09-17,Kiah Stokes,Aces,C,14,0,3,0
2024,2024-09-17,Sydney Colson,Aces,G,10,2,0,1
2024,2024-09-17,Tiffany Hayes,Aces,G,21,10,0,1
2024,2024-09-17,Nneka Ogwumike,Storm,F,32,19,6,0
2024,2024-09-17,Gabby Williams,Storm,F,39,14,5,5
2024,2024-09-17,Mercedes Russell,Storm,C,27,8,4,1
2024,2024-09-17,Sami Whitcomb,Storm,G,19,4,3,2
2024,2024-09-17,Skylar Diggins,Storm,G,35,17,0,9
2024,2024-09-17,Joyner Holmes,Storm,F,21,8,3,0
2024,2024-09-17,Jordan Horston,Storm,F,20,2,6,2
2024,2024-09-17,Victoria Vivians,Storm,G,8,0,2,2
2024,2024-09-17,Isabelle Harrison,Sky,F,33,13,11,1
2024,2024-09-17,Brianna Turner,Sky,F,33,8,9,3
2024,2024-09-17,Michaela Onyenwere,Sky,F,35,8,1,1
2024,2024-09-17,Rachel Banham,Sky,G,36,22,2,2
2024,2024-09-17,Lindsay Allen,Sky,G,30,16,4,4
2024,2024-09-17,Kaela Davis,Sky,F,13,0,1,0
2024,2024-09-17,Moriah Jefferson,Sky,G,10,0,0,1
2024,2024-09-17,Dana Evans,Sky,G,10,3,1,1
2024,2024-09-17,Naz Hillmon,Dream,F,26,6,5,3
2024,2024-09-17,Tina Charles,Dream,C,32,16,14,4
2024,2024-09-17,Allisha Gray,Dream,G,33,15,2,1
2024,2024-09-17,Jordin Canada,Dream,G,34,18,2,5
2024,2024-09-17,Rhyne Howard,Dream,G,34,15,4,3
2024,2024-09-17,Nia Coffey,Dream,F,13,4,4,0
2024,2024-09-17,Lorela Cubaj,Dream,F,6,4,1,0
2024,2024-09-17,Laeticia Amihere,Dream,F,2,0,0,0
2024,2024-09-17,Maya Caldwell,Dream,G,12,2,2,1
2024,2024-09-17,Haley Jones,Dream,G,7,6,1,2
2024,2024-09-17,Bridget Carleton,Lynx,F,34,13,3,1
2024,2024-09-17,Alanna Smith,Lynx,F,28,9,6,3
2024,2024-09-17,Napheesa Collier,Lynx,F,39,25,6,2
2024,2024-09-17,Kayla McBride,Lynx,G,38,14,7,1
2024,2024-09-17,Courtney Williams,Lynx,G,32,8,5,12
2024,2024-09-17,Myisha Hines-Allen,Lynx,F,13,9,3,2
2024,2024-09-17,Cecilia Zandalasini,Lynx,F,5,0,0,0
2024,2024-09-17,Natisha Hiedeman,Lynx,G,11,0,1,1
2024,2024-09-17,DeWanna Bonner,Sun,F,32,9,1,3
2024,2024-09-17,Alyssa Thomas,Sun,F,36,18,8,10
2024,2024-09-17,Brionna Jones,Sun,F,29,10,8,0
2024,2024-09-17,Tyasha Harris,Sun,G,31,9,6,2
2024,2024-09-17,DiJonai Carrington,Sun,G,34,15,4,2
2024,2024-09-17,Olivia Nelson-Ododa,Sun,C,3,2,0,0
2024,2024-09-17,Marina Mabrey,Sun,G,30,13,3,4
2024,2024-09-17,Veronica Burton,Sun,G,6,0,1,0
2024,2024-09-17,Breanna Stewart,Liberty,F,26,15,10,1
2024,2024-09-17,Jonquel Jones,Liberty,C,24,11,7,5
2024,2024-09-17,Courtney Vandersloot,Liberty,G,22,5,5,4
2024,2024-09-17,Betnijah Laney-Hamilton,Liberty,G,24,11,5,2
2024,2024-09-17,Sabrina Ionescu,Liberty,G,28,5,6,7
2024,2024-09-17,Kayla Thornton,Liberty,F,20,6,4,1
2024,2024-09-17,Nyara Sabally,Liberty,F,15,12,4,0
2024,2024-09-17,Leonie Fiebich,Liberty,F,21,13,2,2
2024,2024-09-17,Kennedy Burke,Liberty,G,13,7,2,1
2024,2024-09-17,Jaylyn Sherrod,Liberty,G,2,0,0,0
2024,2024-09-17,Marquesha Davis,Liberty,G,3,2,0,0
2024,2024-09-17,Ivana Dojkic,Liberty,G,3,0,0,1
2024,2024-09-17,Emily Engstler,Mystics,F,26,7,8,2
2024,2024-09-17,Stefanie Dolson,Mystics,C,19,3,0,1
2024,2024-09-17,Julie Vanloo,Mystics,G,20,8,2,1
2024,2024-09-17,Brittney Sykes,Mystics,G,20,8,5,0
2024,2024-09-17,Ariel Atkins,Mystics,G,24,22,4,3
2024,2024-09-17,Sika Kone,Mystics,F,24,8,5,1
2024,2024-09-17,Karlie Samuelson,Mystics,G,22,7,3,4
2024,2024-09-17,Shatori Walker-Kimbrough,Mystics,G,22,3,0,1
2024,2024-09-17,Sug Sutton,Mystics,G,10,0,1,2
2024,2024-09-17,Jade Melbourne,Mystics,G,14,5,1,1
2024,2024-09-15,Brittney Griner,Mercury,C,33,26,10,5
2024,2024-09-15,Diana Taurasi,Mercury,G,29,25,3,6
2024,2024-09-15,Natasha Cloud,Mercury,G,36,18,4,11
2024,2024-09-15,Sophie Cunningham,Mercury,G,35,13,5,2
2024,2024-09-15,Celeste Taylor,Mercury,G,30,3,1,1
2024,2024-09-15,Monique Billings,Mercury,F,12,0,2,1
2024,2024-09-15,Natasha Mack,Mercury,F,23,5,5,2
2024,2024-09-15,Amy Atwell,Mercury,F,3,3,0,1
2024,2024-09-15,Michaela Onyenwere,Sky,F,40,18,9,1
2024,2024-09-15,Kamilla Cardoso,Sky,C,9,2,3,0
2024,2024-09-15,Rachel Banham,Sky,G,36,17,5,7
2024,2024-09-15,Lindsay Allen,Sky,G,26,6,6,7
2024,2024-09-15,Chennedy Carter,Sky,G,34,20,4,4
2024,2024-09-15,Isabelle Harrison,Sky,F,31,10,8,1
2024,2024-09-15,Moriah Jefferson,Sky,G,4,2,0,1
2024,2024-09-15,Dana Evans,Sky,G,20,13,2,5
2024,2024-09-15,DeWanna Bonner,Sun,F,36,6,6,2
2024,2024-09-15,Alyssa Thomas,Sun,F,32,6,5,7
2024,2024-09-15,Brionna Jones,Sun,F,30,17,9,2
2024,2024-09-15,Tyasha Harris,Sun,G,31,16,1,1
2024,2024-09-15,DiJonai Carrington,Sun,G,24,8,4,3
2024,2024-09-15,Caitlin Bickle,Sun,F,1,0,0,0
2024,2024-09-15,Astou Ndour-Fall,Sun,C,1,0,1,0
2024,2024-09-15,Olivia Nelson-Ododa,Sun,C,10,0,3,0
2024,2024-09-15,Marina Mabrey,Sun,G,28,18,5,4
2024,2024-09-15,Veronica Burton,Sun,G,6,0,0,1
2024,2024-09-15,Kiah Stokes,Aces,C,23,3,5,2
2024,2024-09-15,A'ja Wilson,Aces,C,35,29,9,3
2024,2024-09-15,Chelsea Gray,Aces,G,25,9,2,3
2024,2024-09-15,Kelsey Plum,Aces,G,26,14,3,4
2024,2024-09-15,Jackie Young,Aces,G,29,13,8,7
2024,2024-09-15,Alysha Clark,Aces,F,16,2,4,3
2024,2024-09-15,Kierstan Bell,Aces,F,1,0,0,0
2024,2024-09-15,Megan Gustafson,Aces,C,19,8,2,0
2024,2024-09-15,Queen Egbo,Aces,C,1,0,0,0
2024,2024-09-15,Sydney Colson,Aces,G,5,0,0,0
2024,2024-09-15,Tiffany Hayes,Aces,G,19,6,0,2
2024,2024-09-15,Kate Martin,Aces,G,1,0,0,0
2024,2024-09-15,Dearica Hamby,Sparks,F,36,25,11,4
2024,2024-09-15,Azura Stevens,Sparks,F,20,6,6,1
2024,2024-09-15,Rickea Jackson,Sparks,F,38,22,3,2
2024,2024-09-15,Odyssey Sims,Sparks,G,37,20,1,5
2024,2024-09-15,Rae Burrell,Sparks,G,23,4,4,3
2024,2024-09-15,Stephanie Talbot,Sparks,F,16,0,2,2
2024,2024-09-15,Li Yueru,Sparks,C,5,4,4,0
2024,2024-09-15,Kia Nurse,Sparks,G,16,4,3,1
2024,2024-09-15,Crystal Dangerfield,Sparks,G,3,0,2,0
2024,2024-09-15,Zia Cooke,Sparks,G,5,2,0,0
2024,2024-09-15,Nneka Ogwumike,Storm,F,31,23,7,1
2024,2024-09-15,Gabby Williams,Storm,F,35,22,6,3
2024,2024-09-15,Mercedes Russell,Storm,C,24,5,6,1
2024,2024-09-15,Sami Whitcomb,Storm,G,17,0,2,4
2024,2024-09-15,Skylar Diggins,Storm,G,34,19,1,6
2024,2024-09-15,Joyner Holmes,Storm,F,16,3,5,1
2024,2024-09-15,Jordan Horston,Storm,F,25,16,4,2
2024,2024-09-15,Victoria Vivians,Storm,G,16,2,0,1
2024,2024-09-15,Nika Muhl,Storm,G,2,0,1,0
2024,2024-09-15,Natasha Howard,Wings,F,35,26,10,5
2024,2024-09-15,Satou Sabally,Wings,F,37,27,9,6
2024,2024-09-15,Teaira McCowan,Wings,C,29,14,6,3
2024,2024-09-15,Arike Ogunbowale,Wings,G,38,27,3,5
2024,2024-09-15,Jacy Sheldon,Wings,G,31,4,1,6
2024,2024-09-15,Maddy Siegrist,Wings,F,5,2,0,1
2024,2024-09-15,Kalani Brown,Wings,C,11,6,2,0
2024,2024-09-15,Jaelyn Brown,Wings,G,3,0,1,0
2024,2024-09-15,Lou Lopez Senechal,Wings,G,1,0,0,0
2024,2024-09-15,Sevgi Uzun,Wings,G,10,3,1,2
2024,2024-09-15,NaLyssa Smith,Fever,F,19,8,6,0
2024,2024-09-15,Aliyah Boston,Fever,C,31,15,6,6
2024,2024-09-15,Kelsey Mitchell,Fever,G,30,30,0,1
2024,2024-09-15,Lexie Hull,Fever,G,29,6,4,3
2024,2024-09-15,Caitlin Clark,Fever,G,36,35,2,8
2024,2024-09-15,Katie Lou Samuelson,Fever,F,11,0,1,1
2024,2024-09-15,Temi Fagbenle,Fever,C,18,7,3,1
2024,2024-09-15,Damiris Dantas,Fever,C,12,6,3,0
2024,2024-09-15,Erica Wheeler,Fever,G,14,3,1,1
2024,2024-09-15,Bridget Carleton,Lynx,F,37,19,2,2
2024,2024-09-15,Alanna Smith,Lynx,F,24,6,7,4
2024,2024-09-15,Napheesa Collier,Lynx,F,33,18,13,4
2024,2024-09-15,Kayla McBride,Lynx,G,33,11,1,6
2024,2024-09-15,Courtney Williams,Lynx,G,29,15,3,5
2024,2024-09-15,Myisha Hines-Allen,Lynx,F,20,12,6,2
2024,2024-09-15,Cecilia Zandalasini,Lynx,F,9,2,1,1
2024,2024-09-15,Dorka Juhasz,Lynx,F,3,0,1,0
2024,2024-09-15,Diamond Miller,Lynx,F,0,0,0,0
2024,2024-09-15,Alissa Pili,Lynx,F,0,0,0,0
2024,2024-09-15,Natisha Hiedeman,Lynx,G,11,5,2,2
2024,2024-09-15,Breanna Stewart,Liberty,F,36,38,18,1
2024,2024-09-15,Jonquel Jones,Liberty,C,23,9,5,0
2024,2024-09-15,Courtney Vandersloot,Liberty,G,15,2,1,3
2024,2024-09-15,Betnijah Laney-Hamilton,Liberty,G,24,5,1,1
2024,2024-09-15,Sabrina Ionescu,Liberty,G,33,13,2,8
2024,2024-09-15,Kayla Thornton,Liberty,F,17,3,0,0
2024,2024-09-15,Nyara Sabally,Liberty,F,17,9,3,1
2024,2024-09-15,Leonie Fiebich,Liberty,F,27,0,4,2
2024,2024-09-15,Kennedy Burke,Liberty,G,8,0,1,1
2024,2024-09-15,Jaylyn Sherrod,Liberty,G,0,0,0,0
2024,2024-09-15,Naz Hillmon,Dream,F,36,10,6,0
2024,2024-09-15,Tina Charles,Dream,C,41,20,10,3
2024,2024-09-15,Allisha Gray,Dream,G,41,12,9,3
2024,2024-09-15,Jordin Canada,Dream,G,35,14,2,5
2024,2024-09-15,Rhyne Howard,Dream,G,44,14,5,3
2024,2024-09-15,Nia Coffey,Dream,F,6,0,1,0
2024,2024-09-15,Lorela Cubaj,Dream,F,4,0,0,0
2024,2024-09-15,Maya Caldwell,Dream,G,8,4,1,1
2024,2024-09-15,Haley Jones,Dream,G,9,2,1,1
2024,2024-09-15,Emily Engstler,Mystics,F,27,8,4,1
2024,2024-09-15,Stefanie Dolson,Mystics,C,32,2,6,1
2024,2024-09-15,Julie Vanloo,Mystics,G,14,3,2,1
2024,2024-09-15,Brittney Sykes,Mystics,G,32,6,3,3
2024,2024-09-15,Ariel Atkins,Mystics,G,41,16,2,2
2024,2024-09-15,Sika Kone,Mystics,F,17,11,4,0
2024,2024-09-15,Karlie Samuelson,Mystics,G,21,8,2,3
2024,2024-09-15,Shatori Walker-Kimbrough,Mystics,G,26,13,2,1
2024,2024-09-15,Jade Melbourne,Mystics,G,15,6,1,2
2024,2024-09-13,DeWanna Bonner,Sun,F,27,14,4,2
2024,2024-09-13,Alyssa Thomas,Sun,F,33,7,3,11
2024,2024-09-13,Brionna Jones,Sun,F,28,20,9,1
2024,2024-09-13,Tyasha Harris,Sun,G,24,12,4,2
2024,2024-09-13,DiJonai Carrington,Sun,G,29,8,9,3
2024,2024-09-13,Caitlin Bickle,Sun,F,3,0,0,0
2024,2024-09-13,Astou Ndour-Fall,Sun,C,3,1,0,0
2024,2024-09-13,Olivia Nelson-Ododa,Sun,C,12,2,2,1
2024,2024-09-13,Marina Mabrey,Sun,G,31,19,4,2
2024,2024-09-13,Veronica Burton,Sun,G,10,5,3,1
2024,2024-09-13,Brittney Griner,Mercury,C,29,26,9,5
2024,2024-09-13,Diana Taurasi,Mercury,G,26,7,1,4
2024,2024-09-13,Natasha Cloud,Mercury,G,35,17,4,7
2024,2024-09-13,Sophie Cunningham,Mercury,G,28,4,3,1
2024,2024-09-13,Celeste Taylor,Mercury,G,30,3,4,0
2024,2024-09-13,Monique Billings,Mercury,F,23,4,7,0
2024,2024-09-13,Mikiah Herbert Harrigan,Mercury,F,11,0,0,2
2024,2024-09-13,Natasha Mack,Mercury,F,12,4,5,0
2024,2024-09-13,Amy Atwell,Mercury,F,6,4,0,0
2024,2024-09-13,Aaliyah Edwards,Mystics,F,11,0,3,1
2024,2024-09-13,Stefanie Dolson,Mystics,C,30,13,8,1
2024,2024-09-13,Julie Vanloo,Mystics,G,21,3,0,2
2024,2024-09-13,Brittney Sykes,Mystics,G,26,20,3,2
2024,2024-09-13,Ariel Atkins,Mystics,G,25,10,1,3
2024,2024-09-13,Emily Engstler,Mystics,F,23,0,5,4
2024,2024-09-13,Sika Kone,Mystics,F,17,9,8,0
2024,2024-09-13,Karlie Samuelson,Mystics,G,18,3,0,1
2024,2024-09-13,Shatori Walker-Kimbrough,Mystics,G,15,7,1,2
2024,2024-09-13,Jade Melbourne,Mystics,G,14,7,4,1
2024,2024-09-13,Naz Hillmon,Dream,F,33,10,11,1
2024,2024-09-13,Tina Charles,Dream,C,31,13,5,0
2024,2024-09-13,Allisha Gray,Dream,G,37,17,10,5
2024,2024-09-13,Jordin Canada,Dream,G,32,7,7,3
2024,2024-09-13,Rhyne Howard,Dream,G,39,11,3,4
2024,2024-09-13,Nia Coffey,Dream,F,3,0,0,0
2024,2024-09-13,Lorela Cubaj,Dream,F,13,4,4,0
2024,2024-09-13,Maya Caldwell,Dream,G,8,7,1,1
2024,2024-09-13,Haley Jones,Dream,G,4,0,0,0
2024,2024-09-13,Kiah Stokes,Aces,C,25,0,4,0
2024,2024-09-13,A'ja Wilson,Aces,C,36,15,17,1
2024,2024-09-13,Chelsea Gray,Aces,G,30,21,2,6
2024,2024-09-13,Kelsey Plum,Aces,G,34,18,3,3
2024,2024-09-13,Jackie Young,Aces,G,33,12,2,6
2024,2024-09-13,Alysha Clark,Aces,F,17,3,1,1
2024,2024-09-13,Megan Gustafson,Aces,C,3,3,0,0
2024,2024-09-13,Sydney Colson,Aces,G,5,0,0,1
2024,2024-09-13,Tiffany Hayes,Aces,G,18,6,2,4
2024,2024-09-13,NaLyssa Smith,Fever,F,21,3,7,1
2024,2024-09-13,Aliyah Boston,Fever,C,30,14,8,2
2024,2024-09-13,Kelsey Mitchell,Fever,G,35,20,2,0
2024,2024-09-13,Lexie Hull,Fever,G,35,2,2,1
2024,2024-09-13,Caitlin Clark,Fever,G,34,18,8,9
2024,2024-09-13,Temi Fagbenle,Fever,C,13,4,5,1
2024,2024-09-13,Damiris Dantas,Fever,C,16,11,3,2
2024,2024-09-13,Erica Wheeler,Fever,G,16,2,0,1
2024,2024-09-13,Nneka Ogwumike,Storm,F,31,12,4,2
2024,2024-09-13,Gabby Williams,Storm,F,32,10,7,5
2024,2024-09-13,Ezi Magbegor,Storm,F,12,6,3,0
2024,2024-09-13,Skylar Diggins,Storm,G,34,21,1,4
2024,2024-09-13,Jewell Loyd,Storm,G,35,15,5,6
2024,2024-09-13,Joyner Holmes,Storm,F,9,2,1,1
2024,2024-09-13,Jordan Horston,Storm,F,10,2,4,2
2024,2024-09-13,Mercedes Russell,Storm,C,28,9,5,2
2024,2024-09-13,Sami Whitcomb,Storm,G,8,6,2,1
2024,2024-09-13,Satou Sabally,Wings,F,36,18,7,6
2024,2024-09-13,Maddy Siegrist,Wings,F,21,8,5,0
2024,2024-09-13,Teaira McCowan,Wings,C,32,23,15,2
2024,2024-09-13,Arike Ogunbowale,Wings,G,40,15,4,5
2024,2024-09-13,Jacy Sheldon,Wings,G,32,7,5,4
2024,2024-09-13,Kalani Brown,Wings,C,8,2,0,0
2024,2024-09-13,Jaelyn Brown,Wings,G,23,6,6,2
2024,2024-09-13,Sevgi Uzun,Wings,G,8,2,0,1
2024,2024-09-13,Isabelle Harrison,Sky,F,14,2,3,1
2024,2024-09-13,Michaela Onyenwere,Sky,F,31,8,5,1
2024,2024-09-13,Kamilla Cardoso,Sky,C,37,16,10,0
2024,2024-09-13,Lindsay Allen,Sky,G,28,10,4,5
2024,2024-09-13,Chennedy Carter,Sky,G,33,17,6,5
2024,2024-09-13,Kaela Davis,Sky,F,2,0,0,0
2024,2024-09-13,Brianna Turner,Sky,F,29,0,5,3
2024,2024-09-13,Rachel Banham,Sky,G,13,10,0,0
2024,2024-09-13,Moriah Jefferson,Sky,G,1,0,0,0
2024,2024-09-13,Dana Evans,Sky,G,12,3,1,2
2024,2024-09-13,Bridget Carleton,Lynx,F,29,3,2,2
2024,2024-09-13,Alanna Smith,Lynx,F,26,11,12,4
2024,2024-09-13,Napheesa Collier,Lynx,F,34,20,8,1
2024,2024-09-13,Kayla McBride,Lynx,G,28,9,2,2
2024,2024-09-13,Courtney Williams,Lynx,G,27,14,3,10
2024,2024-09-13,Myisha Hines-Allen,Lynx,F,18,11,6,1
2024,2024-09-13,Cecilia Zandalasini,Lynx,F,13,7,0,3
2024,2024-09-13,Dorka Juhasz,Lynx,F,10,3,3,2
2024,2024-09-13,Diamond Miller,Lynx,F,2,0,1,0
2024,2024-09-13,Natisha Hiedeman,Lynx,G,13,5,2,0
2024,2024-09-12,Breanna Stewart,Liberty,F,23,11,4,4
2024,2024-09-12,Jonquel Jones,Liberty,C,20,8,7,4
2024,2024-09-12,Courtney Vandersloot,Liberty,G,21,11,2,3
2024,2024-09-12,Betnijah Laney-Hamilton,Liberty,G,25,17,6,3
2024,2024-09-12,Sabrina Ionescu,Liberty,G,25,20,5,6
2024,2024-09-12,Kayla Thornton,Liberty,F,21,0,2,0
2024,2024-09-12,Nyara Sabally,Liberty,F,18,7,5,0
2024,2024-09-12,Leonie Fiebich,Liberty,F,16,9,3,0
2024,2024-09-12,Kennedy Burke,Liberty,G,17,2,3,3
2024,2024-09-12,Jaylyn Sherrod,Liberty,G,3,5,0,0
2024,2024-09-12,Marquesha Davis,Liberty,G,5,2,0,1
2024,2024-09-12,Ivana Dojkic,Liberty,G,6,7,3,1
2024,2024-09-12,Natasha Howard,Wings,F,14,8,2,0
2024,2024-09-12,Satou Sabally,Wings,F,17,4,3,1
2024,2024-09-12,Teaira McCowan,Wings,C,24,8,9,1
2024,2024-09-12,Arike Ogunbowale,Wings,G,34,11,1,4
2024,2024-09-12,Jacy Sheldon,Wings,G,23,5,0,0
2024,2024-09-12,Maddy Siegrist,Wings,F,31,11,6,3
2024,2024-09-12,Kalani Brown,Wings,C,14,4,4,0
2024,2024-09-12,Jaelyn Brown,Wings,G,19,8,4,3
2024,2024-09-12,Lou Lopez Senechal,Wings,G,6,2,2,0
2024,2024-09-12,Sevgi Uzun,Wings,G,17,6,2,5
2024,2024-09-11,Nneka Ogwumike,Storm,F,35,16,8,2
2024,2024-09-11,Gabby Williams,Storm,F,34,17,1,4
2024,2024-09-11,Ezi Magbegor,Storm,F,35,14,8,3
2024,2024-09-11,Skylar Diggins,Storm,G,33,26,2,5
2024,2024-09-11,Jewell Loyd,Storm,G,31,12,2,5
2024,2024-09-11,Jordan Horston,Storm,F,12,2,6,2
2024,2024-09-11,Mercedes Russell,Storm,C,11,0,0,0
2024,2024-09-11,Sami Whitcomb,Storm,G,10,3,0,1
2024,2024-09-11,Dearica Hamby,Sparks,F,28,6,8,5
2024,2024-09-11,Azura Stevens,Sparks,F,40,18,15,3
2024,2024-09-11,Rickea Jackson,Sparks,F,33,22,7,3
2024,2024-09-11,Odyssey Sims,Sparks,G,35,16,3,6
2024,2024-09-11,Rae Burrell,Sparks,G,26,14,1,0
2024,2024-09-11,Stephanie Talbot,Sparks,F,7,2,0,2
2024,2024-09-11,Li Yueru,Sparks,C,12,0,2,0
2024,2024-09-11,Kia Nurse,Sparks,G,14,4,2,1
2024,2024-09-11,Crystal Dangerfield,Sparks,G,5,0,0,1
2024,2024-09-11,Aaliyah Edwards,Mystics,F,23,15,10,2
2024,2024-09-11,Stefanie Dolson,Mystics,C,17,6,2,3
2024,2024-09-11,Julie Vanloo,Mystics,G,15,9,0,4
2024,2024-09-11,Brittney Sykes,Mystics,G,22,14,8,7
2024,2024-09-11,Ariel Atkins,Mystics,G,20,9,1,0
2024,2024-09-11,Emily Engstler,Mystics,F,18,7,5,3
2024,2024-09-11,Sika Kone,Mystics,F,21,11,5,3
2024,2024-09-11,Karlie Samuelson,Mystics,G,21,4,3,1
2024,2024-09-11,Shatori Walker-Kimbrough,Mystics,G,17,4,2,0
2024,2024-09-11,Sug Sutton,Mystics,G,6,2,0,2
2024,2024-09-11,Jade Melbourne,Mystics,G,18,8,1,3
2024,2024-09-11,Isabelle Harrison,Sky,F,30,10,8,2
2024,2024-09-11,Michaela Onyenwere,Sky,F,27,5,4,2
2024,2024-09-11,Kamilla Cardoso,Sky,C,29,13,8,3
2024,2024-09-11,Lindsay Allen,Sky,G,29,6,4,5
2024,2024-09-11,Chennedy Carter,Sky,G,24,16,2,1
2024,2024-09-11,Kaela Davis,Sky,F,6,0,0,0
2024,2024-09-11,Brianna Turner,Sky,F,21,4,4,0
2024,2024-09-11,Rachel Banham,Sky,G,8,0,2,1
2024,2024-09-11,Moriah Jefferson,Sky,G,8,0,0,2
2024,2024-09-11,Dana Evans,Sky,G,17,4,0,1
2024,2024-09-11,Kiah Stokes,Aces,C,17,3,6,0
2024,2024-09-11,A'ja Wilson,Aces,C,34,27,12,2
2024,2024-09-11,Chelsea Gray,Aces,G,29,11,1,4
2024,2024-09-11,Kelsey Plum,Aces,G,24,9,2,2
2024,2024-09-11,Jackie Young,Aces,G,30,6,3,4
2024,2024-09-11,Alysha Clark,Aces,F,26,14,4,2
2024,2024-09-11,Megan Gustafson,Aces,C,5,2,0,0
2024,2024-09-11,Sydney Colson,Aces,G,12,2,1,4
2024,2024-09-11,Tiffany Hayes,Aces,G,21,12,5,2
2024,2024-09-11,NaLyssa Smith,Fever,F,24,9,6,1
2024,2024-09-11,Aliyah Boston,Fever,C,28,6,10,4
2024,2024-09-11,Kelsey Mitchell,Fever,G,38,24,1,1
2024,2024-09-11,Lexie Hull,Fever,G,30,9,5,2
2024,2024-09-11,Caitlin Clark,Fever,G,38,16,3,6
2024,2024-09-11,Katie Lou Samuelson,Fever,F,10,0,0,1
2024,2024-09-11,Temi Fagbenle,Fever,C,17,6,7,0
2024,2024-09-11,Damiris Dantas,Fever,C,4,0,1,0
2024,2024-09-11,Erica Wheeler,Fever,G,6,5,1,0
2024,2024-09-11,Kristy Wallace,Fever,G,3,0,0,0
2024,2024-09-10,DeWanna Bonner,Sun,F,23,6,2,2
2024,2024-09-10,Alyssa Thomas,Sun,F,28,7,11,12
2024,2024-09-10,Brionna Jones,Sun,F,26,19,8,1
2024,2024-09-10,Tyasha Harris,Sun,G,30,3,1,2
2024,2024-09-10,DiJonai Carrington,Sun,G,26,14,5,0
2024,2024-09-10,Caitlin Bickle,Sun,F,3,0,0,0
2024,2024-09-10,Astou Ndour-Fall,Sun,C,5,0,1,1
2024,2024-09-10,Olivia Nelson-Ododa,Sun,C,14,8,2,0
2024,2024-09-10,Marina Mabrey,Sun,G,29,26,2,4
2024,2024-09-10,Veronica Burton,Sun,G,17,3,1,2
2024,2024-09-10,Dearica Hamby,Sparks,F,29,12,3,3
2024,2024-09-10,Azura Stevens,Sparks,F,34,10,17,3
2024,2024-09-10,Rickea Jackson,Sparks,F,32,16,0,3
2024,2024-09-10,Odyssey Sims,Sparks,G,26,4,1,6
2024,2024-09-10,Rae Burrell,Sparks,G,14,4,0,0
2024,2024-09-10,Stephanie Talbot,Sparks,F,8,0,1,1
2024,2024-09-10,Li Yueru,Sparks,C,11,2,2,1
2024,2024-09-10,Kia Nurse,Sparks,G,16,0,2,0
2024,2024-09-10,Crystal Dangerfield,Sparks,G,18,11,1,2
2024,2024-09-10,Zia Cooke,Sparks,G,10,7,0,0
2024,2024-09-10,Breanna Stewart,Liberty,F,28,27,2,2
2024,2024-09-10,Jonquel Jones,Liberty,C,20,19,5,2
2024,2024-09-10,Courtney Vandersloot,Liberty,G,22,4,2,7
2024,2024-09-10,Betnijah Laney-Hamilton,Liberty,G,22,10,2,5
2024,2024-09-10,Sabrina Ionescu,Liberty,G,26,14,5,11
2024,2024-09-10,Kayla Thornton,Liberty,F,19,3,4,0
2024,2024-09-10,Nyara Sabally,Liberty,F,18,6,7,2
2024,2024-09-10,Leonie Fiebich,Liberty,F,21,16,0,3
2024,2024-09-10,Kennedy Burke,Liberty,G,14,4,1,1
2024,2024-09-10,Jaylyn Sherrod,Liberty,G,2,0,1,0
2024,2024-09-10,Marquesha Davis,Liberty,G,2,0,1,0
2024,2024-09-10,Ivana Dojkic,Liberty,G,7,2,0,0
2024,2024-09-10,Natasha Howard,Wings,F,25,21,2,3
2024,2024-09-10,Satou Sabally,Wings,F,27,9,7,7
2024,2024-09-10,Teaira McCowan,Wings,C,17,11,1,1
2024,2024-09-10,Arike Ogunbowale,Wings,G,36,23,3,4
2024,2024-09-10,Jacy Sheldon,Wings,G,26,10,3,6
2024,2024-09-10,Maddy Siegrist,Wings,F,24,10,7,0
2024,2024-09-10,Kalani Brown,Wings,C,13,4,2,0
2024,2024-09-10,Jaelyn Brown,Wings,G,15,3,1,0
2024,2024-09-10,Lou Lopez Senechal,Wings,G,3,0,0,0
2024,2024-09-10,Sevgi Uzun,Wings,G,13,0,2,3
2024,2024-09-10,Bridget Carleton,Lynx,F,37,14,4,0
2024,2024-09-10,Alanna Smith,Lynx,F,19,9,6,1
2024,2024-09-10,Napheesa Collier,Lynx,F,39,14,8,4
2024,2024-09-10,Kayla McBride,Lynx,G,33,15,2,1
2024,2024-09-10,Courtney Williams,Lynx,G,27,12,7,7
2024,2024-09-10,Myisha Hines-Allen,Lynx,F,21,6,9,6
2024,2024-09-10,Cecilia Zandalasini,Lynx,F,10,4,0,2
2024,2024-09-10,Alissa Pili,Lynx,F,1,0,0,0
2024,2024-09-10,Natisha Hiedeman,Lynx,G,13,2,1,3
2024,2024-09-10,Naz Hillmon,Dream,F,29,7,8,1
2024,2024-09-10,Tina Charles,Dream,C,33,13,14,2
2024,2024-09-10,Allisha Gray,Dream,G,33,17,2,1
2024,2024-09-10,Jordin Canada,Dream,G,31,6,2,3
2024,2024-09-10,Rhyne Howard,Dream,G,35,14,3,0
2024,2024-09-10,Nia Coffey,Dream,F,4,0,2,1
2024,2024-09-10,Lorela Cubaj,Dream,F,14,0,3,2
2024,2024-09-10,Maya Caldwell,Dream,G,15,7,0,1
2024,2024-09-10,Haley Jones,Dream,G,6,0,3,1
2024,2024-09-08,DeWanna Bonner,Sun,F,36,14,4,1
2024,2024-09-08,Alyssa Thomas,Sun,F,36,12,10,11
2024,2024-09-08,Brionna Jones,Sun,F,29,21,9,3
2024,2024-09-08,Tyasha Harris,Sun,G,16,3,2,2
2024,2024-09-08,DiJonai Carrington,Sun,G,34,19,1,1
2024,2024-09-08,Caitlin Bickle,Sun,F,1,0,0,0
2024,2024-09-08,Astou Ndour-Fall,Sun,C,1,0,1,0
2024,2024-09-08,Olivia Nelson-Ododa,Sun,C,11,0,1,0
2024,2024-09-08,Marina Mabrey,Sun,G,26,10,4,4
2024,2024-09-08,Veronica Burton,Sun,G,9,0,1,0
2024,2024-09-08,Dearica Hamby,Sparks,F,36,10,7,3
2024,2024-09-08,Azura Stevens,Sparks,F,16,3,3,5
2024,2024-09-08,Rickea Jackson,Sparks,F,40,23,4,1
2024,2024-09-08,Odyssey Sims,Sparks,G,29,10,0,1
2024,2024-09-08,Rae Burrell,Sparks,G,18,0,2,1
2024,2024-09-08,Stephanie Talbot,Sparks,F,6,0,2,1
2024,2024-09-08,Li Yueru,Sparks,C,22,5,8,1
2024,2024-09-08,Kia Nurse,Sparks,G,22,9,2,1
2024,2024-09-08,Crystal Dangerfield,Sparks,G,11,7,0,1
2024,2024-09-08,Natasha Howard,Wings,F,27,17,6,1
2024,2024-09-08,Satou Sabally,Wings,F,32,12,6,7
2024,2024-09-08,Teaira McCowan,Wings,C,29,10,7,2
2024,2024-09-08,Arike Ogunbowale,Wings,G,38,23,3,1
2024,2024-09-08,Jacy Sheldon,Wings,G,18,6,1,4
2024,2024-09-08,Maddy Siegrist,Wings,F,13,2,3,2
2024,2024-09-08,Kalani Brown,Wings,C,17,7,8,2
2024,2024-09-08,Jaelyn Brown,Wings,G,2,0,0,0
2024,2024-09-08,Lou Lopez Senechal,Wings,G,3,0,0,1
2024,2024-09-08,Sevgi Uzun,Wings,G,21,0,0,1
2024,2024-09-08,Isabelle Harrison,Sky,F,33,21,9,2
2024,2024-09-08,Michaela Onyenwere,Sky,F,29,10,3,2
2024,2024-09-08,Kamilla Cardoso,Sky,C,31,10,11,3
2024,2024-09-08,Lindsay Allen,Sky,G,21,4,2,1
2024,2024-09-08,Chennedy Carter,Sky,G,32,28,4,6
2024,2024-09-08,Brianna Turner,Sky,F,11,2,4,0
2024,2024-09-08,Rachel Banham,Sky,G,9,0,0,2
2024,2024-09-08,Diamond DeShields,Sky,G,13,6,1,2
2024,2024-09-08,Dana Evans,Sky,G,21,11,4,1
2024,2024-09-08,Naz Hillmon,Dream,F,34,5,6,1
2024,2024-09-08,Tina Charles,Dream,C,31,17,12,1
2024,2024-09-08,Allisha Gray,Dream,G,43,15,5,5
2024,2024-09-08,Jordin Canada,Dream,G,40,17,6,5
2024,2024-09-08,Rhyne Howard,Dream,G,42,36,4,5
2024,2024-09-08,Nia Coffey,Dream,F,8,5,2,1
2024,2024-09-08,Lorela Cubaj,Dream,F,17,2,1,1
2024,2024-09-08,Maya Caldwell,Dream,G,5,3,0,0
2024,2024-09-08,Haley Jones,Dream,G,5,0,2,0
2024,2024-09-08,NaLyssa Smith,Fever,F,17,6,3,0
2024,2024-09-08,Aliyah Boston,Fever,C,41,30,13,5
2024,2024-09-08,Kelsey Mitchell,Fever,G,42,21,4,1
2024,2024-09-08,Lexie Hull,Fever,G,40,12,4,2
2024,2024-09-08,Caitlin Clark,Fever,G,45,26,5,12
2024,2024-09-08,Katie Lou Samuelson,Fever,F,5,0,2,0
2024,2024-09-08,Temi Fagbenle,Fever,C,28,9,4,2
2024,2024-09-08,Damiris Dantas,Fever,C,4,0,2,0
2024,2024-09-08,Erica Wheeler,Fever,G,3,0,0,1
2024,2024-09-08,Alysha Clark,Aces,F,30,11,6,1
2024,2024-09-08,Megan Gustafson,Aces,C,15,5,1,1
2024,2024-09-08,Chelsea Gray,Aces,G,30,3,4,6
2024,2024-09-08,Kelsey Plum,Aces,G,32,25,3,6
2024,2024-09-08,Jackie Young,Aces,G,32,12,0,3
2024,2024-09-08,Kiah Stokes,Aces,C,27,0,9,1
2024,2024-09-08,Queen Egbo,Aces,C,1,0,0,0
2024,2024-09-08,Sydney Colson,Aces,G,9,8,1,0
2024,2024-09-08,Tiffany Hayes,Aces,G,19,7,3,0
2024,2024-09-08,Kate Martin,Aces,G,5,0,0,0
2024,2024-09-08,Breanna Stewart,Liberty,F,34,21,11,2
2024,2024-09-08,Jonquel Jones,Liberty,C,29,15,8,4
2024,2024-09-08,Courtney Vandersloot,Liberty,G,15,3,1,4
2024,2024-09-08,Betnijah Laney-Hamilton,Liberty,G,26,9,6,4
2024,2024-09-08,Sabrina Ionescu,Liberty,G,32,14,4,4
2024,2024-09-08,Kayla Thornton,Liberty,F,22,0,4,1
2024,2024-09-08,Nyara Sabally,Liberty,F,11,3,2,1
2024,2024-09-08,Leonie Fiebich,Liberty,F,25,7,3,1
2024,2024-09-08,Kennedy Burke,Liberty,G,6,3,0,0
2024,2024-09-08,Bridget Carleton,Lynx,F,25,10,4,3
2024,2024-09-08,Alanna Smith,Lynx,F,21,5,8,2
2024,2024-09-08,Napheesa Collier,Lynx,F,37,19,12,0
2024,2024-09-08,Kayla McBride,Lynx,G,37,10,2,4
2024,2024-09-08,Courtney Williams,Lynx,G,26,12,3,3
2024,2024-09-08,Myisha Hines-Allen,Lynx,F,24,9,5,3
2024,2024-09-08,Cecilia Zandalasini,Lynx,F,11,3,1,1
2024,2024-09-08,Dorka Juhasz,Lynx,F,3,0,2,0
2024,2024-09-08,Natisha Hiedeman,Lynx,G,17,10,1,3
2024,2024-09-08,Aaliyah Edwards,Mystics,F,24,4,4,2
2024,2024-09-08,Stefanie Dolson,Mystics,C,25,11,7,2
2024,2024-09-08,Julie Vanloo,Mystics,G,22,6,2,4
2024,2024-09-08,Brittney Sykes,Mystics,G,23,13,3,1
2024,2024-09-08,Ariel Atkins,Mystics,G,26,12,3,4
2024,2024-09-08,Emily Engstler,Mystics,F,17,4,4,3
2024,2024-09-08,Sika Kone,Mystics,F,4,0,3,1
2024,2024-09-08,Shakira Austin,Mystics,C,10,2,2,0
2024,2024-09-08,Karlie Samuelson,Mystics,G,18,6,4,0
2024,2024-09-08,Shatori Walker-Kimbrough,Mystics,G,17,4,1,2
2024,2024-09-08,Jade Melbourne,Mystics,G,14,9,2,0
2024,2024-09-07,Brittney Griner,Mercury,C,25,4,8,2
2024,2024-09-07,Diana Taurasi,Mercury,G,25,18,5,4
2024,2024-09-07,Natasha Cloud,Mercury,G,28,3,3,6
2024,2024-09-07,Kahleah Copper,Mercury,G,27,11,5,2
2024,2024-09-07,Sophie Cunningham,Mercury,G,18,9,2,0
2024,2024-09-07,Monique Billings,Mercury,F,20,6,2,1
2024,2024-09-07,Mikiah Herbert Harrigan,Mercury,F,8,5,1,0
2024,2024-09-07,Natasha Mack,Mercury,F,17,6,3,1
2024,2024-09-07,Amy Atwell,Mercury,F,12,0,2,1
2024,2024-09-07,Celeste Taylor,Mercury,G,21,4,3,3
2024,2024-09-07,Nneka Ogwumike,Storm,F,23,10,8,2
2024,2024-09-07,Gabby Williams,Storm,F,21,6,4,0
2024,2024-09-07,Ezi Magbegor,Storm,F,22,8,6,5
2024,2024-09-07,Skylar Diggins,Storm,G,26,12,2,11
2024,2024-09-07,Jewell Loyd,Storm,G,22,20,4,1
2024,2024-09-07,Joyner Holmes,Storm,F,10,7,4,0
2024,2024-09-07,Jordan Horston,Storm,F,19,16,5,2
2024,2024-09-07,Mercedes Russell,Storm,C,25,2,8,2
2024,2024-09-07,Sami Whitcomb,Storm,G,20,9,3,0
2024,2024-09-07,Victoria Vivians,Storm,G,7,0,1,0
2024,2024-09-07,Nika Muhl,Storm,G,6,0,1,3
2024,2024-09-06,Dearica Hamby,Sparks,F,34,21,4,5
2024,2024-09-06,Azura Stevens,Sparks,F,21,9,9,0
2024,2024-09-06,Rickea Jackson,Sparks,F,37,17,6,3
2024,2024-09-06,Odyssey Sims,Sparks,G,23,4,0,6
2024,2024-09-06,Rae Burrell,Sparks,G,25,6,1,4
2024,2024-09-06,Stephanie Talbot,Sparks,F,5,0,0,1
2024,2024-09-06,Li Yueru,Sparks,C,16,9,3,0
2024,2024-09-06,Kia Nurse,Sparks,G,13,5,3,2
2024,2024-09-06,Crystal Dangerfield,Sparks,G,17,3,0,2
2024,2024-09-06,Zia Cooke,Sparks,G,9,4,0,0
2024,2024-09-06,Michaela Onyenwere,Sky,F,23,10,1,1
2024,2024-09-06,Angel Reese,Sky,F,32,24,12,2
2024,2024-09-06,Kamilla Cardoso,Sky,C,34,12,9,2
2024,2024-09-06,Lindsay Allen,Sky,G,32,8,1,6
2024,2024-09-06,Chennedy Carter,Sky,G,31,15,9,7
2024,2024-09-06,Isabelle Harrison,Sky,F,11,4,0,0
2024,2024-09-06,Brianna Turner,Sky,F,3,0,1,0
2024,2024-09-06,Rachel Banham,Sky,G,12,9,0,1
2024,2024-09-06,Moriah Jefferson,Sky,G,5,0,0,3
2024,2024-09-06,Diamond DeShields,Sky,G,18,10,2,2
2024,2024-09-06,Natasha Howard,Wings,F,41,24,8,5
2024,2024-09-06,Satou Sabally,Wings,F,41,18,5,6
2024,2024-09-06,Teaira McCowan,Wings,C,36,18,11,1
2024,2024-09-06,Arike Ogunbowale,Wings,G,45,22,6,8
2024,2024-09-06,Jacy Sheldon,Wings,G,31,9,3,2
2024,2024-09-06,Maddy Siegrist,Wings,F,3,0,0,0
2024,2024-09-06,Kalani Brown,Wings,C,8,2,0,1
2024,2024-09-06,Jaelyn Brown,Wings,G,6,3,0,1
2024,2024-09-06,Sevgi Uzun,Wings,G,14,0,0,2
2024,2024-09-06,Naz Hillmon,Dream,F,36,18,8,0
2024,2024-09-06,Tina Charles,Dream,C,40,20,13,4
2024,2024-09-06,Allisha Gray,Dream,G,42,19,8,3
2024,2024-09-06,Jordin Canada,Dream,G,41,15,1,10
2024,2024-09-06,Rhyne Howard,Dream,G,45,33,3,6
2024,2024-09-06,Nia Coffey,Dream,F,2,2,0,0
2024,2024-09-06,Lorela Cubaj,Dream,F,13,0,3,0
2024,2024-09-06,Maya Caldwell,Dream,G,3,0,1,0
2024,2024-09-06,Haley Jones,Dream,G,4,0,0,1
2024,2024-09-06,A'ja Wilson,Aces,C,37,20,8,0
2024,2024-09-06,Megan Gustafson,Aces,C,17,0,4,1
2024,2024-09-06,Chelsea Gray,Aces,G,27,13,2,6
2024,2024-09-06,Kelsey Plum,Aces,G,34,27,5,2
2024,2024-09-06,Jackie Young,Aces,G,21,2,1,4
2024,2024-09-06,Alysha Clark,Aces,F,19,3,5,1
2024,2024-09-06,Kiah Stokes,Aces,C,12,0,2,1
2024,2024-09-06,Sydney Colson,Aces,G,7,2,1,0
2024,2024-09-06,Tiffany Hayes,Aces,G,23,4,5,2
2024,2024-09-06,Kate Martin,Aces,G,3,1,0,0
2024,2024-09-06,DeWanna Bonner,Sun,F,35,11,9,1
2024,2024-09-06,Alyssa Thomas,Sun,F,35,7,10,8
2024,2024-09-06,Brionna Jones,Sun,F,34,17,6,1
2024,2024-09-06,Tyasha Harris,Sun,G,27,7,0,1
2024,2024-09-06,DiJonai Carrington,Sun,G,32,8,6,1
2024,2024-09-06,Olivia Nelson-Ododa,Sun,C,3,0,0,0
2024,2024-09-06,Marina Mabrey,Sun,G,29,15,2,4
2024,2024-09-06,Veronica Burton,Sun,G,4,2,0,0
2024,2024-09-06,Bridget Carleton,Lynx,F,30,16,4,3
2024,2024-09-06,Alanna Smith,Lynx,F,24,13,3,5
2024,2024-09-06,Napheesa Collier,Lynx,F,37,26,10,2
2024,2024-09-06,Kayla McBride,Lynx,G,19,3,1,2
2024,2024-09-06,Courtney Williams,Lynx,G,28,15,7,4
2024,2024-09-06,Myisha Hines-Allen,Lynx,F,17,8,6,5
2024,2024-09-06,Cecilia Zandalasini,Lynx,F,9,8,0,0
2024,2024-09-06,Dorka Juhasz,Lynx,F,19,3,4,2
2024,2024-09-06,Natisha Hiedeman,Lynx,G,18,7,2,2
2024,2024-09-06,NaLyssa Smith,Fever,F,23,2,7,2
2024,2024-09-06,Aliyah Boston,Fever,C,34,20,5,2
2024,2024-09-06,Kelsey Mitchell,Fever,G,38,23,2,2
2024,2024-09-06,Lexie Hull,Fever,G,31,8,9,3
2024,2024-09-06,Caitlin Clark,Fever,G,36,25,8,8
2024,2024-09-06,Katie Lou Samuelson,Fever,F,9,3,1,0
2024,2024-09-06,Temi Fagbenle,Fever,C,15,2,4,2
2024,2024-09-06,Damiris Dantas,Fever,C,7,0,0,0
2024,2024-09-06,Erica Wheeler,Fever,G,6,5,0,0
2024,2024-09-05,Aaliyah Edwards,Mystics,F,24,6,6,1
2024,2024-09-05,Stefanie Dolson,Mystics,C,25,6,2,3
2024,2024-09-05,Julie Vanloo,Mystics,G,20,13,3,4
2024,2024-09-05,Brittney Sykes,Mystics,G,23,14,4,3
2024,2024-09-05,Ariel Atkins,Mystics,G,9,7,2,2
2024,2024-09-05,Emily Engstler,Mystics,F,19,10,4,3
2024,2024-09-05,Sika Kone,Mystics,F,14,8,4,2
2024,2024-09-05,Karlie Samuelson,Mystics,G,20,19,1,3
2024,2024-09-05,Shatori Walker-Kimbrough,Mystics,G,19,7,1,1
2024,2024-09-05,Sug Sutton,Mystics,G,12,0,3,2
2024,2024-09-05,Jade Melbourne,Mystics,G,14,0,0,1
2024,2024-09-05,Brittney Griner,Mercury,C,27,15,5,2
2024,2024-09-05,Diana Taurasi,Mercury,G,25,8,2,3
2024,2024-09-05,Natasha Cloud,Mercury,G,28,13,1,5
2024,2024-09-05,Kahleah Copper,Mercury,G,30,11,5,2
2024,2024-09-05,Sophie Cunningham,Mercury,G,26,6,1,2
2024,2024-09-05,Monique Billings,Mercury,F,20,10,7,1
2024,2024-09-05,Mikiah Herbert Harrigan,Mercury,F,4,3,1,1
2024,2024-09-05,Natasha Mack,Mercury,F,13,3,9,0
2024,2024-09-05,Amy Atwell,Mercury,F,4,2,0,0
2024,2024-09-05,Celeste Taylor,Mercury,G,22,6,2,6
2024,2024-09-05,Nneka Ogwumike,Storm,F,35,9,6,3
2024,2024-09-05,Gabby Williams,Storm,F,34,17,4,5
2024,2024-09-05,Ezi Magbegor,Storm,F,35,13,7,0
2024,2024-09-05,Skylar Diggins,Storm,G,35,21,4,6
2024,2024-09-05,Jewell Loyd,Storm,G,32,6,6,1
2024,2024-09-05,Jordan Horston,Storm,F,8,2,2,0
2024,2024-09-05,Mercedes Russell,Storm,C,7,0,1,1
2024,2024-09-05,Sami Whitcomb,Storm,G,11,0,3,0
2024,2024-09-05,Victoria Vivians,Storm,G,2,2,0,0
2024,2024-09-05,Breanna Stewart,Liberty,F,34,14,7,3
2024,2024-09-05,Jonquel Jones,Liberty,C,31,15,8,1
2024,2024-09-05,Courtney Vandersloot,Liberty,G,22,3,2,5
2024,2024-09-05,Betnijah Laney-Hamilton,Liberty,G,31,18,6,3
2024,2024-09-05,Sabrina Ionescu,Liberty,G,31,17,6,8
2024,2024-09-05,Kayla Thornton,Liberty,F,13,3,1,1
2024,2024-09-05,Nyara Sabally,Liberty,F,8,0,1,0
2024,2024-09-05,Leonie Fiebich,Liberty,F,24,5,6,3
2024,2024-09-05,Kennedy Burke,Liberty,G,7,2,1,0
2024,2024-09-04,Dearica Hamby,Sparks,F,31,16,7,5
2024,2024-09-04,Stephanie Talbot,Sparks,F,14,0,1,0
2024,2024-09-04,Azura Stevens,Sparks,F,28,13,11,0
2024,2024-09-04,Rickea Jackson,Sparks,F,24,5,2,0
2024,2024-09-04,Odyssey Sims,Sparks,G,31,20,2,6
2024,2024-09-04,Li Yueru,Sparks,C,14,0,2,1
2024,2024-09-04,Kia Nurse,Sparks,G,26,13,1,2
2024,2024-09-04,Aari McDonald,Sparks,G,9,3,0,0
2024,2024-09-04,Rae Burrell,Sparks,G,23,16,2,3
2024,2024-09-04,NaLyssa Smith,Fever,F,27,13,4,1
2024,2024-09-04,Aliyah Boston,Fever,C,33,24,14,4
2024,2024-09-04,Kelsey Mitchell,Fever,G,36,18,4,2
2024,2024-09-04,Lexie Hull,Fever,G,29,4,4,0
2024,2024-09-04,Caitlin Clark,Fever,G,40,24,10,10
2024,2024-09-04,Katie Lou Samuelson,Fever,F,12,3,2,0
2024,2024-09-04,Damiris Dantas,Fever,C,14,3,1,0
2024,2024-09-04,Erica Wheeler,Fever,G,9,4,1,1
2024,2024-09-03,Michaela Onyenwere,Sky,F,31,15,2,2
2024,2024-09-03,Angel Reese,Sky,F,31,12,16,3
2024,2024-09-03,Kamilla Cardoso,Sky,C,24,14,2,3
2024,2024-09-03,Rachel Banham,Sky,G,20,3,1,1
2024,2024-09-03,Lindsay Allen,Sky,G,19,0,2,3
2024,2024-09-03,Isabelle Harrison,Sky,F,18,8,4,0
2024,2024-09-03,Brianna Turner,Sky,F,7,4,1,1
2024,2024-09-03,Moriah Jefferson,Sky,G,11,2,0,1
2024,2024-09-03,Diamond DeShields,Sky,G,16,0,1,2
2024,2024-09-03,Dana Evans,Sky,G,24,13,0,0
2024,2024-09-03,A'ja Wilson,Aces,C,35,30,14,3
2024,2024-09-03,Megan Gustafson,Aces,C,22,8,3,0
2024,2024-09-03,Tiffany Hayes,Aces,G,32,20,3,4
2024,2024-09-03,Chelsea Gray,Aces,G,29,13,3,10
2024,2024-09-03,Jackie Young,Aces,G,34,15,6,6
2024,2024-09-03,Alysha Clark,Aces,F,14,4,0,0
2024,2024-09-03,Kiah Stokes,Aces,C,10,0,1,0
2024,2024-09-03,Sydney Colson,Aces,G,13,0,0,2
2024,2024-09-03,Kate Martin,Aces,G,12,0,1,0
2024,2024-09-03,Naz Hillmon,Dream,F,29,5,6,0
2024,2024-09-03,Tina Charles,Dream,C,38,12,12,2
2024,2024-09-03,Allisha Gray,Dream,G,29,9,1,2
2024,2024-09-03,Jordin Canada,Dream,G,30,7,4,6
2024,2024-09-03,Rhyne Howard,Dream,G,38,31,4,1
2024,2024-09-03,Nia Coffey,Dream,F,11,2,0,1
2024,2024-09-03,Lorela Cubaj,Dream,F,2,0,0,1
2024,2024-09-03,Laeticia Amihere,Dream,F,1,0,0,1
2024,2024-09-03,Maya Caldwell,Dream,G,14,0,0,1
2024,2024-09-03,Haley Jones,Dream,G,10,0,2,0
2024,2024-09-03,Brittney Griner,Mercury,C,30,16,8,4
2024,2024-09-03,Diana Taurasi,Mercury,G,31,13,3,5
2024,2024-09-03,Kahleah Copper,Mercury,G,32,28,3,4
2024,2024-09-03,Sophie Cunningham,Mercury,G,33,7,6,1
2024,2024-09-03,Celeste Taylor,Mercury,G,33,2,4,2
2024,2024-09-03,Monique Billings,Mercury,F,16,0,3,1
2024,2024-09-03,Mikiah Herbert Harrigan,Mercury,F,11,4,0,0
2024,2024-09-03,Natasha Mack,Mercury,F,14,4,6,1
2024,2024-09-03,Aaliyah Edwards,Mystics,F,21,3,4,4
2024,2024-09-03,Stefanie Dolson,Mystics,C,17,6,2,3
2024,2024-09-03,Julie Vanloo,Mystics,G,23,11,3,4
2024,2024-09-03,Brittney Sykes,Mystics,G,19,6,0,1
2024,2024-09-03,Ariel Atkins,Mystics,G,27,14,3,0
2024,2024-09-03,Emily Engstler,Mystics,F,27,19,10,2
2024,2024-09-03,Sika Kone,Mystics,F,15,7,4,1
2024,2024-09-03,Karlie Samuelson,Mystics,G,15,8,4,1
2024,2024-09-03,Shatori Walker-Kimbrough,Mystics,G,22,11,3,2
2024,2024-09-03,Jade Melbourne,Mystics,G,13,5,0,4
2024,2024-09-03,Natasha Howard,Wings,F,35,14,7,2
2024,2024-09-03,Satou Sabally,Wings,F,33,12,8,5
2024,2024-09-03,Teaira McCowan,Wings,C,27,20,13,1
2024,2024-09-03,Arike Ogunbowale,Wings,G,37,21,2,4
2024,2024-09-03,Jacy Sheldon,Wings,G,21,6,5,3
2024,2024-09-03,Maddy Siegrist,Wings,F,14,2,4,0
2024,2024-09-03,Kalani Brown,Wings,C,13,10,3,2
2024,2024-09-03,Sevgi Uzun,Wings,G,19,1,2,5
2024,2024-09-03,Nneka Ogwumike,Storm,F,30,14,6,0
2024,2024-09-03,Gabby Williams,Storm,F,22,11,6,5
2024,2024-09-03,Ezi Magbegor,Storm,F,22,4,3,1
2024,2024-09-03,Skylar Diggins,Storm,G,36,18,4,3
2024,2024-09-03,Jewell Loyd,Storm,G,32,17,5,4
2024,2024-09-03,Joyner Holmes,Storm,F,4,0,1,2
2024,2024-09-03,Jordan Horston,Storm,F,18,5,2,3
2024,2024-09-03,Mercedes Russell,Storm,C,25,2,3,3
2024,2024-09-03,Sami Whitcomb,Storm,G,12,0,1,1
2024,2024-09-03,DeWanna Bonner,Sun,F,33,26,7,1
2024,2024-09-03,Alyssa Thomas,Sun,F,35,4,6,7
2024,2024-09-03,Brionna Jones,Sun,F,34,21,4,1
2024,2024-09-03,Tyasha Harris,Sun,G,32,2,2,7
2024,2024-09-03,DiJonai Carrington,Sun,G,32,9,7,1
2024,2024-09-03,Olivia Nelson-Ododa,Sun,C,6,0,2,0
2024,2024-09-03,Marina Mabrey,Sun,G,14,2,1,1
2024,2024-09-03,Veronica Burton,Sun,G,14,0,1,0
2024,2024-09-01,Naz Hillmon,Dream,F,23,10,9,4
2024,2024-09-01,Tina Charles,Dream,C,26,23,10,2
2024,2024-09-01,Allisha Gray,Dream,G,33,12,4,3
2024,2024-09-01,Jordin Canada,Dream,G,24,6,5,6
2024,2024-09-01,Rhyne Howard,Dream,G,32,19,7,2
2024,2024-09-01,Nia Coffey,Dream,F,14,2,3,1
2024,2024-09-01,Lorela Cubaj,Dream,F,10,0,0,1
2024,2024-09-01,Laeticia Amihere,Dream,F,9,2,1,1
2024,2024-09-01,Maya Caldwell,Dream,G,12,6,1,0
2024,2024-09-01,Haley Jones,Dream,G,16,0,2,2
2024,2024-09-01,Dearica Hamby,Sparks,F,23,5,9,1
2024,2024-09-01,Stephanie Talbot,Sparks,F,29,4,3,1
2024,2024-09-01,Azura Stevens,Sparks,F,11,2,1,1
2024,2024-09-01,Rickea Jackson,Sparks,F,35,13,4,3
2024,2024-09-01,Odyssey Sims,Sparks,G,34,8,2,6
2024,2024-09-01,Li Yueru,Sparks,C,23,14,3,0
2024,2024-09-01,Kia Nurse,Sparks,G,16,8,4,1
2024,2024-09-01,Aari McDonald,Sparks,G,3,0,0,1
2024,2024-09-01,Crystal Dangerfield,Sparks,G,3,0,1,0
2024,2024-09-01,Rae Burrell,Sparks,G,18,5,3,0
2024,2024-09-01,Zia Cooke,Sparks,G,6,3,1,0
2024,2024-09-01,NaLyssa Smith,Fever,F,22,14,8,2
2024,2024-09-01,Aliyah Boston,Fever,C,33,7,8,2
2024,2024-09-01,Kelsey Mitchell,Fever,G,37,36,6,3
2024,2024-09-01,Lexie Hull,Fever,G,32,6,5,4
2024,2024-09-01,Caitlin Clark,Fever,G,37,28,4,12
2024,2024-09-01,Katie Lou Samuelson,Fever,F,8,0,0,1
2024,2024-09-01,Temi Fagbenle,Fever,C,9,2,3,0
2024,2024-09-01,Damiris Dantas,Fever,C,17,7,4,0
2024,2024-09-01,Erica Wheeler,Fever,G,6,0,0,0
2024,2024-09-01,Natasha Howard,Wings,F,39,18,5,9
2024,2024-09-01,Satou Sabally,Wings,F,37,25,4,0
2024,2024-09-01,Teaira McCowan,Wings,C,28,5,11,4
2024,2024-09-01,Arike Ogunbowale,Wings,G,40,34,8,3
2024,2024-09-01,Jacy Sheldon,Wings,G,37,8,1,4
2024,2024-09-01,Maddy Siegrist,Wings,F,4,0,2,1
2024,2024-09-01,Kalani Brown,Wings,C,12,3,3,1
2024,2024-09-01,Sevgi Uzun,Wings,G,3,0,0,0
2024,2024-09-01,Alysha Clark,Aces,F,30,6,5,2
2024,2024-09-01,A'ja Wilson,Aces,C,34,41,17,2
2024,2024-09-01,Chelsea Gray,Aces,G,11,2,1,5
2024,2024-09-01,Kelsey Plum,Aces,G,31,16,0,5
2024,2024-09-01,Jackie Young,Aces,G,33,11,6,14
2024,2024-09-01,Kierstan Bell,Aces,F,1,0,0,0
2024,2024-09-01,Kiah Stokes,Aces,C,6,0,0,0
2024,2024-09-01,Megan Gustafson,Aces,C,12,5,1,0
2024,2024-09-01,Sydney Colson,Aces,G,15,5,0,2
2024,2024-09-01,Tiffany Hayes,Aces,G,25,11,5,2
2024,2024-09-01,Kate Martin,Aces,G,1,0,0,0
2024,2024-09-01,Monique Billings,Mercury,F,15,2,2,0
2024,2024-09-01,Brittney Griner,Mercury,C,26,24,5,2
2024,2024-09-01,Diana Taurasi,Mercury,G,26,9,2,7
2024,2024-09-01,Natasha Cloud,Mercury,G,38,5,2,6
2024,2024-09-01,Kahleah Copper,Mercury,G,31,15,6,1
2024,2024-09-01,Mikiah Herbert Harrigan,Mercury,F,2,0,1,0
2024,2024-09-01,Natasha Mack,Mercury,F,11,2,3,2
2024,2024-09-01,Sophie Cunningham,Mercury,G,29,16,2,2
2024,2024-09-01,Celeste Taylor,Mercury,G,22,6,1,3
2024,2024-09-01,Michaela Onyenwere,Sky,F,27,15,2,2
2024,2024-09-01,Angel Reese,Sky,F,38,17,19,3
2024,2024-09-01,Kamilla Cardoso,Sky,C,37,22,9,1
2024,2024-09-01,Rachel Banham,Sky,G,16,0,3,0
2024,2024-09-01,Lindsay Allen,Sky,G,33,6,2,6
2024,2024-09-01,Isabelle Harrison,Sky,F,4,0,0,0
2024,2024-09-01,Moriah Jefferson,Sky,G,7,0,0,1
2024,2024-09-01,Diamond DeShields,Sky,G,13,6,2,0
2024,2024-09-01,Dana Evans,Sky,G,24,8,1,2
2024,2024-09-01,Bridget Carleton,Lynx,F,34,8,5,3
2024,2024-09-01,Napheesa Collier,Lynx,F,35,15,5,2
2024,2024-09-01,Dorka Juhasz,Lynx,F,30,6,6,4
2024,2024-09-01,Kayla McBride,Lynx,G,37,17,2,3
2024,2024-09-01,Courtney Williams,Lynx,G,27,22,3,6
2024,2024-09-01,Myisha Hines-Allen,Lynx,F,15,7,2,2
2024,2024-09-01,Cecilia Zandalasini,Lynx,F,9,1,1,1
2024,2024-09-01,Natisha Hiedeman,Lynx,G,13,3,0,2
2024,2024-09-01,Nneka Ogwumike,Storm,F,35,20,11,2
2024,2024-09-01,Gabby Williams,Storm,F,28,4,0,3
2024,2024-09-01,Ezi Magbegor,Storm,F,32,13,7,1
2024,2024-09-01,Skylar Diggins,Storm,G,31,16,1,6
2024,2024-09-01,Jewell Loyd,Storm,G,31,27,5,2
2024,2024-09-01,Joyner Holmes,Storm,F,3,0,0,0
2024,2024-09-01,Jordan Horston,Storm,F,13,4,2,1
2024,2024-09-01,Mercedes Russell,Storm,C,11,2,3,0
2024,2024-09-01,Sami Whitcomb,Storm,G,15,0,2,6
2024,2024-09-01,Victoria Vivians,Storm,G,3,0,0,1
2024,2024-09-01,DeWanna Bonner,Sun,F,25,4,5,4
2024,2024-09-01,Alyssa Thomas,Sun,F,28,8,8,8
2024,2024-09-01,Brionna Jones,Sun,F,29,26,6,1
2024,2024-09-01,Tyasha Harris,Sun,G,28,13,4,3
2024,2024-09-01,DiJonai Carrington,Sun,G,34,14,3,0
2024,2024-09-01,Olivia Nelson-Ododa,Sun,C,11,2,5,0
2024,2024-09-01,Marina Mabrey,Sun,G,24,15,1,1
2024,2024-09-01,Veronica Burton,Sun,G,20,11,0,2
2024,2024-08-31,DeWanna Bonner,Sun,F,29,16,2,2
2024,2024-08-31,Alyssa Thomas,Sun,F,7,0,1,1
2024,2024-08-31,Brionna Jones,Sun,F,23,12,5,1
2024,2024-08-31,Tyasha Harris,Sun,G,30,16,5,6
2024,2024-08-31,DiJonai Carrington,Sun,G,36,17,4,1
2024,2024-08-31,Caitlin Bickle,Sun,F,1,0,0,0
2024,2024-08-31,Astou Ndour-Fall,Sun,C,5,0,1,0
2024,2024-08-31,Olivia Nelson-Ododa,Sun,C,18,6,3,2
2024,2024-08-31,Marina Mabrey,Sun,G,30,21,6,5
2024,2024-08-31,Veronica Burton,Sun,G,21,8,2,5
2024,2024-08-31,Aaliyah Edwards,Mystics,F,24,9,6,2
2024,2024-08-31,Stefanie Dolson,Mystics,C,22,14,7,2
2024,2024-08-31,Julie Vanloo,Mystics,G,15,0,1,2
2024,2024-08-31,Brittney Sykes,Mystics,G,21,9,1,1
2024,2024-08-31,Ariel Atkins,Mystics,G,24,15,2,2
2024,2024-08-31,Emily Engstler,Mystics,F,21,12,3,1
2024,2024-08-31,Sika Kone,Mystics,F,13,6,1,1
2024,2024-08-31,Karlie Samuelson,Mystics,G,18,6,1,5
2024,2024-08-31,Shatori Walker-Kimbrough,Mystics,G,18,8,1,3
2024,2024-08-31,Sug Sutton,Mystics,G,5,0,0,1
2024,2024-08-31,Jade Melbourne,Mystics,G,19,6,2,3
2024,2024-08-30,Lorela Cubaj,Dream,F,27,6,3,0
2024,2024-08-30,Naz Hillmon,Dream,F,32,9,8,0
2024,2024-08-30,Allisha Gray,Dream,G,37,17,9,6
2024,2024-08-30,Jordin Canada,Dream,G,26,10,1,5
2024,2024-08-30,Rhyne Howard,Dream,G,31,12,4,1
2024,2024-08-30,Nia Coffey,Dream,F,12,8,6,0
2024,2024-08-30,Laeticia Amihere,Dream,F,9,2,4,1
2024,2024-08-30,Maya Caldwell,Dream,G,11,6,3,0
2024,2024-08-30,Haley Jones,Dream,G,14,2,3,3
2024,2024-08-30,Alysha Clark,Aces,F,31,7,4,4
2024,2024-08-30,A'ja Wilson,Aces,C,37,26,16,5
2024,2024-08-30,Tiffany Hayes,Aces,G,33,20,10,2
2024,2024-08-30,Chelsea Gray,Aces,G,27,4,2,3
2024,2024-08-30,Kelsey Plum,Aces,G,36,18,2,4
2024,2024-08-30,Kiah Stokes,Aces,C,7,0,2,0
2024,2024-08-30,Megan Gustafson,Aces,C,10,2,1,0
2024,2024-08-30,Sydney Colson,Aces,G,11,6,2,1
2024,2024-08-30,Kate Martin,Aces,G,8,0,0,0
2024,2024-08-30,Breanna Stewart,Liberty,F,35,32,5,6
2024,2024-08-30,Leonie Fiebich,Liberty,F,28,12,3,1
2024,2024-08-30,Jonquel Jones,Liberty,C,31,6,11,3
2024,2024-08-30,Courtney Vandersloot,Liberty,G,16,6,2,2
2024,2024-08-30,Sabrina Ionescu,Liberty,G,33,25,8,8
2024,2024-08-30,Kayla Thornton,Liberty,F,15,2,3,0
2024,2024-08-30,Nyara Sabally,Liberty,F,14,7,8,1
2024,2024-08-30,Betnijah Laney-Hamilton,Liberty,G,30,8,5,2
2024,2024-08-30,Nneka Ogwumike,Storm,F,34,15,7,3
2024,2024-08-30,Gabby Williams,Storm,F,23,7,1,3
2024,2024-08-30,Ezi Magbegor,Storm,F,29,6,2,1
2024,2024-08-30,Skylar Diggins,Storm,G,33,26,2,7
2024,2024-08-30,Jewell Loyd,Storm,G,37,20,1,2
2024,2024-08-30,Joyner Holmes,Storm,F,14,2,1,1
2024,2024-08-30,Jordan Horston,Storm,F,8,0,0,0
2024,2024-08-30,Sami Whitcomb,Storm,G,10,4,2,0
2024,2024-08-30,Victoria Vivians,Storm,G,12,5,1,2
2024,2024-08-30,NaLyssa Smith,Fever,F,19,14,7,0
2024,2024-08-30,Aliyah Boston,Fever,C,22,7,5,4
2024,2024-08-30,Kelsey Mitchell,Fever,G,29,23,1,1
2024,2024-08-30,Lexie Hull,Fever,G,32,11,3,1
2024,2024-08-30,Caitlin Clark,Fever,G,32,31,4,12
2024,2024-08-30,Victaria Saxton,Fever,F,3,0,0,0
2024,2024-08-30,Temi Fagbenle,Fever,C,18,3,5,2
2024,2024-08-30,Damiris Dantas,Fever,C,18,9,3,2
2024,2024-08-30,Erica Wheeler,Fever,G,21,2,3,4
2024,2024-08-30,Kristy Wallace,Fever,G,4,0,0,0
2024,2024-08-30,Grace Berger,Fever,G,3,0,0,0
2024,2024-08-30,Michaela Onyenwere,Sky,F,28,20,6,2
2024,2024-08-30,Angel Reese,Sky,F,32,10,11,2
2024,2024-08-30,Kamilla Cardoso,Sky,C,34,6,10,5
2024,2024-08-30,Rachel Banham,Sky,G,27,14,4,4
2024,2024-08-30,Lindsay Allen,Sky,G,25,19,4,6
2024,2024-08-30,Isabelle Harrison,Sky,F,11,4,0,2
2024,2024-08-30,Brianna Turner,Sky,F,3,0,2,0
2024,2024-08-30,Moriah Jefferson,Sky,G,15,0,3,2
2024,2024-08-30,Diamond DeShields,Sky,G,12,6,2,1
2024,2024-08-30,Dana Evans,Sky,G,13,2,0,0
2024,2024-08-30,Bridget Carleton,Lynx,F,29,12,7,2
2024,2024-08-30,Alanna Smith,Lynx,F,14,0,2,2
2024,2024-08-30,Napheesa Collier,Lynx,F,31,17,10,5
2024,2024-08-30,Kayla McBride,Lynx,G,26,14,0,2
2024,2024-08-30,Courtney Williams,Lynx,G,23,8,3,3
2024,2024-08-30,Myisha Hines-Allen,Lynx,F,17,7,4,1
2024,2024-08-30,Cecilia Zandalasini,Lynx,F,16,11,0,1
2024,2024-08-30,Dorka Juhasz,Lynx,F,13,3,2,2
2024,2024-08-30,Diamond Miller,Lynx,F,9,2,3,1
2024,2024-08-30,Alissa Pili,Lynx,F,5,0,1,0
2024,2024-08-30,Natisha Hiedeman,Lynx,G,17,2,0,1
2024,2024-08-30,Natasha Howard,Wings,F,33,17,5,1
2024,2024-08-30,Satou Sabally,Wings,F,37,18,8,6
2024,2024-08-30,Teaira McCowan,Wings,C,25,11,11,0
2024,2024-08-30,Arike Ogunbowale,Wings,G,39,25,4,8
2024,2024-08-30,Jacy Sheldon,Wings,G,10,0,2,1
2024,2024-08-30,Maddy Siegrist,Wings,F,7,2,1,0
2024,2024-08-30,Kalani Brown,Wings,C,15,10,3,3
2024,2024-08-30,Jaelyn Brown,Wings,G,2,0,0,0
2024,2024-08-30,Lou Lopez Senechal,Wings,G,1,0,0,0
2024,2024-08-30,Sevgi Uzun,Wings,G,31,11,4,2
2024,2024-08-28,Breanna Stewart,Liberty,F,34,32,6,1
2024,2024-08-28,Leonie Fiebich,Liberty,F,25,6,2,1
2024,2024-08-28,Courtney Vandersloot,Liberty,G,23,2,1,13
2024,2024-08-28,Kennedy Burke,Liberty,G,18,7,3,0
2024,2024-08-28,Sabrina Ionescu,Liberty,G,33,18,5,6
2024,2024-08-28,Kayla Thornton,Liberty,F,18,5,2,0
2024,2024-08-28,Nyara Sabally,Liberty,F,28,14,10,0
2024,2024-08-28,Betnijah Laney-Hamilton,Liberty,G,20,4,3,4
2024,2024-08-28,Dearica Hamby,Sparks,F,36,21,7,5
2024,2024-08-28,Stephanie Talbot,Sparks,F,26,5,3,5
2024,2024-08-28,Azura Stevens,Sparks,F,20,10,5,1
2024,2024-08-28,Rickea Jackson,Sparks,F,36,19,3,3
2024,2024-08-28,Odyssey Sims,Sparks,G,34,14,1,7
2024,2024-08-28,Li Yueru,Sparks,C,10,4,4,0
2024,2024-08-28,Kia Nurse,Sparks,G,10,0,0,2
2024,2024-08-28,Crystal Dangerfield,Sparks,G,6,3,0,0
2024,2024-08-28,Rae Burrell,Sparks,G,23,18,5,1
2024,2024-08-28,Bridget Carleton,Lynx,F,32,9,6,5
2024,2024-08-28,Alanna Smith,Lynx,F,19,6,3,2
2024,2024-08-28,Napheesa Collier,Lynx,F,33,12,8,5
2024,2024-08-28,Kayla McBride,Lynx,G,32,19,5,3
2024,2024-08-28,Courtney Williams,Lynx,G,27,16,3,5
2024,2024-08-28,Myisha Hines-Allen,Lynx,F,20,11,5,1
2024,2024-08-28,Cecilia Zandalasini,Lynx,F,2,0,0,0
2024,2024-08-28,Dorka Juhasz,Lynx,F,7,5,2,0
2024,2024-08-28,Diamond Miller,Lynx,F,13,3,5,1
2024,2024-08-28,Alissa Pili,Lynx,F,1,0,1,0
2024,2024-08-28,Natisha Hiedeman,Lynx,G,13,8,1,3
2024,2024-08-28,Monique Billings,Mercury,F,18,4,4,2
2024,2024-08-28,Brittney Griner,Mercury,C,28,10,7,1
2024,2024-08-28,Diana Taurasi,Mercury,G,31,16,5,4
2024,2024-08-28,Natasha Cloud,Mercury,G,36,12,3,8
2024,2024-08-28,Kahleah Copper,Mercury,G,33,13,4,0
2024,2024-08-28,Mikiah Herbert Harrigan,Mercury,F,5,1,0,0
2024,2024-08-28,Natasha Mack,Mercury,F,14,4,7,0
2024,2024-08-28,Sophie Cunningham,Mercury,G,26,16,6,0
2024,2024-08-28,Celeste Taylor,Mercury,G,9,0,1,0
2024,2024-08-28,Naz Hillmon,Dream,F,24,7,3,1
2024,2024-08-28,Tina Charles,Dream,C,37,19,17,10
2024,2024-08-28,Allisha Gray,Dream,G,38,22,5,0
2024,2024-08-28,Jordin Canada,Dream,G,32,12,5,6
2024,2024-08-28,Rhyne Howard,Dream,G,40,12,1,4
2024,2024-08-28,Nia Coffey,Dream,F,16,9,3,0
2024,2024-08-28,Lorela Cubaj,Dream,F,3,0,0,0
2024,2024-08-28,Maya Caldwell,Dream,G,2,0,1,0
2024,2024-08-28,Haley Jones,Dream,G,8,0,1,2
2024,2024-08-28,Nneka Ogwumike,Storm,F,35,18,6,2
2024,2024-08-28,Gabby Williams,Storm,F,32,3,5,1
2024,2024-08-28,Ezi Magbegor,Storm,F,27,7,9,1
2024,2024-08-28,Skylar Diggins,Storm,G,32,16,5,9
2024,2024-08-28,Jewell Loyd,Storm,G,37,28,6,3
2024,2024-08-28,Joyner Holmes,Storm,F,5,2,0,1
2024,2024-08-28,Mercedes Russell,Storm,C,13,7,2,0
2024,2024-08-28,Sami Whitcomb,Storm,G,11,2,4,2
2024,2024-08-28,Victoria Vivians,Storm,G,8,2,0,0
2024,2024-08-28,Aaliyah Edwards,Mystics,F,27,6,4,3
2024,2024-08-28,Stefanie Dolson,Mystics,C,26,17,6,2
2024,2024-08-28,Julie Vanloo,Mystics,G,21,6,0,1
2024,2024-08-28,Brittney Sykes,Mystics,G,26,6,3,1
2024,2024-08-28,Ariel Atkins,Mystics,G,31,15,6,5
2024,2024-08-28,Emily Engstler,Mystics,F,15,9,3,2
2024,2024-08-28,Sika Kone,Mystics,F,13,6,2,0
2024,2024-08-28,Karlie Samuelson,Mystics,G,12,3,0,0
2024,2024-08-28,Shatori Walker-Kimbrough,Mystics,G,16,4,1,2
2024,2024-08-28,Sug Sutton,Mystics,G,4,2,0,2
2024,2024-08-28,Jade Melbourne,Mystics,G,10,0,0,1
2024,2024-08-28,Michaela Onyenwere,Sky,F,24,15,2,1
2024,2024-08-28,Angel Reese,Sky,F,35,7,14,2
2024,2024-08-28,Kamilla Cardoso,Sky,C,30,10,11,6
2024,2024-08-28,Rachel Banham,Sky,G,16,3,1,0
2024,2024-08-28,Lindsay Allen,Sky,G,26,8,1,4
2024,2024-08-28,Isabelle Harrison,Sky,F,10,6,1,1
2024,2024-08-28,Brianna Turner,Sky,F,5,0,2,0
2024,2024-08-28,Moriah Jefferson,Sky,G,14,3,2,3
2024,2024-08-28,Diamond DeShields,Sky,G,16,12,1,0
2024,2024-08-28,Dana Evans,Sky,G,24,6,1,2
2024,2024-08-28,DeWanna Bonner,Sun,F,26,13,8,0
2024,2024-08-28,Alyssa Thomas,Sun,F,37,17,6,6
2024,2024-08-28,Brionna Jones,Sun,F,30,2,1,2
2024,2024-08-28,Tyasha Harris,Sun,G,20,9,0,4
2024,2024-08-28,DiJonai Carrington,Sun,G,32,19,4,2
2024,2024-08-28,Olivia Nelson-Ododa,Sun,C,10,2,3,0
2024,2024-08-28,Marina Mabrey,Sun,G,28,16,2,4
2024,2024-08-28,Veronica Burton,Sun,G,17,2,3,1
2024,2024-08-28,NaLyssa Smith,Fever,F,19,10,6,1
2024,2024-08-28,Aliyah Boston,Fever,C,38,10,6,8
2024,2024-08-28,Kelsey Mitchell,Fever,G,38,23,4,3
2024,2024-08-28,Lexie Hull,Fever,G,31,17,8,3
2024,2024-08-28,Caitlin Clark,Fever,G,38,19,5,5
2024,2024-08-28,Temi Fagbenle,Fever,C,17,0,3,0
2024,2024-08-28,Damiris Dantas,Fever,C,6,0,1,0
2024,2024-08-28,Erica Wheeler,Fever,G,13,5,2,0
2024,2024-08-27,A'ja Wilson,Aces,C,37,42,6,2
2024,2024-08-27,Megan Gustafson,Aces,C,11,0,0,0
2024,2024-08-27,Chelsea Gray,Aces,G,31,15,5,2
2024,2024-08-27,Kelsey Plum,Aces,G,34,8,5,5
2024,2024-08-27,Jackie Young,Aces,G,35,17,6,6
2024,2024-08-27,Alysha Clark,Aces,F,22,5,0,0
2024,2024-08-27,Kiah Stokes,Aces,C,14,0,2,0
2024,2024-08-27,Tiffany Hayes,Aces,G,17,3,2,0
2024,2024-08-27,Natasha Howard,Wings,F,34,24,6,1
2024,2024-08-27,Satou Sabally,Wings,F,38,28,7,5
2024,2024-08-27,Teaira McCowan,Wings,C,24,8,17,0
2024,2024-08-27,Arike Ogunbowale,Wings,G,40,20,5,6
2024,2024-08-27,Jacy Sheldon,Wings,G,19,0,1,3
2024,2024-08-27,Maddy Siegrist,Wings,F,11,2,2,2
2024,2024-08-27,Kalani Brown,Wings,C,10,2,1,3
2024,2024-08-27,Jaelyn Brown,Wings,G,2,0,0,0
2024,2024-08-27,Sevgi Uzun,Wings,G,21,9,1,2
2024,2024-08-26,Breanna Stewart,Liberty,F,34,21,6,6
2024,2024-08-26,Leonie Fiebich,Liberty,F,24,4,2,1
2024,2024-08-26,Jonquel Jones,Liberty,C,30,15,7,1
2024,2024-08-26,Courtney Vandersloot,Liberty,G,25,16,6,4
2024,2024-08-26,Sabrina Ionescu,Liberty,G,30,13,4,5
2024,2024-08-26,Kayla Thornton,Liberty,F,13,0,1,0
2024,2024-08-26,Nyara Sabally,Liberty,F,10,6,4,0
2024,2024-08-26,Betnijah Laney-Hamilton,Liberty,G,27,9,1,3
2024,2024-08-26,Kennedy Burke,Liberty,G,6,0,1,1
2024,2024-08-26,Brittney Griner,Mercury,C,33,22,6,0
2024,2024-08-26,Diana Taurasi,Mercury,G,34,10,3,6
2024,2024-08-26,Natasha Cloud,Mercury,G,35,18,6,7
2024,2024-08-26,Kahleah Copper,Mercury,G,34,14,5,0
2024,2024-08-26,Sophie Cunningham,Mercury,G,32,2,5,2
2024,2024-08-26,Monique Billings,Mercury,F,16,2,3,0
2024,2024-08-26,Natasha Mack,Mercury,F,7,2,2,0
2024,2024-08-26,Celeste Taylor,Mercury,G,9,0,1,0
2024,2024-08-26,Stefanie Dolson,Mystics,C,32,5,10,3
2024,2024-08-26,Shakira Austin,Mystics,C,15,6,4,0
2024,2024-08-26,Julie Vanloo,Mystics,G,25,11,0,4
2024,2024-08-26,Brittney Sykes,Mystics,G,30,20,6,3
2024,2024-08-26,Ariel Atkins,Mystics,G,20,2,5,2
2024,2024-08-26,Emily Engstler,Mystics,F,18,12,9,3
2024,2024-08-26,Aaliyah Edwards,Mystics,F,16,2,5,0
2024,2024-08-26,Shatori Walker-Kimbrough,Mystics,G,26,11,2,1
2024,2024-08-26,Jade Melbourne,Mystics,G,19,5,1,1
2024,2024-08-26,Nneka Ogwumike,Storm,F,34,9,10,3
2024,2024-08-26,Ezi Magbegor,Storm,F,29,9,6,2
2024,2024-08-26,Jordan Horston,Storm,F,19,6,2,0
2024,2024-08-26,Skylar Diggins,Storm,G,31,10,3,8
2024,2024-08-26,Jewell Loyd,Storm,G,33,16,6,1
2024,2024-08-26,Gabby Williams,Storm,F,26,3,4,4
2024,2024-08-26,Mercedes Russell,Storm,C,17,8,1,1
2024,2024-08-26,Sami Whitcomb,Storm,G,13,11,1,1
2024,2024-08-26,Katie Lou Samuelson,Fever,F,6,0,1,3
2024,2024-08-26,NaLyssa Smith,Fever,F,27,7,6,0
2024,2024-08-26,Aliyah Boston,Fever,C,32,14,11,4
2024,2024-08-26,Kelsey Mitchell,Fever,G,38,29,7,1
2024,2024-08-26,Caitlin Clark,Fever,G,37,19,7,7
2024,2024-08-26,Temi Fagbenle,Fever,C,11,2,3,0
2024,2024-08-26,Damiris Dantas,Fever,C,10,11,1,0
2024,2024-08-26,Erica Wheeler,Fever,G,9,0,3,1
2024,2024-08-26,Lexie Hull,Fever,G,30,2,4,2
2024,2024-08-26,Naz Hillmon,Dream,F,23,2,1,1
2024,2024-08-26,Tina Charles,Dream,C,34,28,8,1
2024,2024-08-26,Allisha Gray,Dream,G,22,12,2,2
2024,2024-08-26,Jordin Canada,Dream,G,30,10,2,6
2024,2024-08-26,Rhyne Howard,Dream,G,36,16,7,2
2024,2024-08-26,Nia Coffey,Dream,F,17,5,9,2
2024,2024-08-26,Lorela Cubaj,Dream,F,6,0,2,0
2024,2024-08-26,Maya Caldwell,Dream,G,22,3,6,3
2024,2024-08-26,Haley Jones,Dream,G,10,3,1,1
2024,2024-08-25,Dearica Hamby,Sparks,F,29,21,3,5
2024,2024-08-25,Stephanie Talbot,Sparks,F,24,6,3,2
2024,2024-08-25,Azura Stevens,Sparks,F,31,15,3,3
2024,2024-08-25,Rickea Jackson,Sparks,F,37,25,3,4
2024,2024-08-25,Crystal Dangerfield,Sparks,G,9,0,0,3
2024,2024-08-25,Li Yueru,Sparks,C,20,8,3,0
2024,2024-08-25,Odyssey Sims,Sparks,G,31,26,3,10
2024,2024-08-25,Kia Nurse,Sparks,G,16,7,2,2
2024,2024-08-25,Rae Burrell,Sparks,G,3,2,1,0
2024,2024-08-25,Natasha Howard,Wings,F,34,30,7,0
2024,2024-08-25,Satou Sabally,Wings,F,36,19,5,3
2024,2024-08-25,Teaira McCowan,Wings,C,27,17,11,1
2024,2024-08-25,Arike Ogunbowale,Wings,G,40,33,4,7
2024,2024-08-25,Jacy Sheldon,Wings,G,23,2,2,8
2024,2024-08-25,Maddy Siegrist,Wings,F,12,6,1,0
2024,2024-08-25,Kalani Brown,Wings,C,1,0,0,0
2024,2024-08-25,Stephanie Soares,Wings,C,3,0,2,0
2024,2024-08-25,Jaelyn Brown,Wings,G,7,0,1,0
2024,2024-08-25,Sevgi Uzun,Wings,G,17,6,1,2
2024,2024-08-25,A'ja Wilson,Aces,C,33,20,18,2
2024,2024-08-25,Megan Gustafson,Aces,C,23,13,4,0
2024,2024-08-25,Chelsea Gray,Aces,G,29,11,8,7
2024,2024-08-25,Kelsey Plum,Aces,G,38,18,5,5
2024,2024-08-25,Jackie Young,Aces,G,28,2,2,1
2024,2024-08-25,Alysha Clark,Aces,F,23,7,2,0
2024,2024-08-25,Kiah Stokes,Aces,C,10,0,0,1
2024,2024-08-25,Tiffany Hayes,Aces,G,14,6,5,2
2024,2024-08-25,Kate Martin,Aces,G,3,0,0,0
2024,2024-08-25,Michaela Onyenwere,Sky,F,32,15,0,1
2024,2024-08-25,Angel Reese,Sky,F,37,11,22,1
2024,2024-08-25,Kamilla Cardoso,Sky,C,32,8,12,3
2024,2024-08-25,Lindsay Allen,Sky,G,34,16,3,5
2024,2024-08-25,Chennedy Carter,Sky,G,30,25,5,3
2024,2024-08-25,Isabelle Harrison,Sky,F,3,0,0,0
2024,2024-08-25,Rachel Banham,Sky,G,13,0,2,1
2024,2024-08-25,Moriah Jefferson,Sky,G,6,0,1,2
2024,2024-08-25,Diamond DeShields,Sky,G,7,0,1,1
2024,2024-08-25,Dana Evans,Sky,G,7,0,1,0
2024,2024-08-24,Katie Lou Samuelson,Fever,F,14,0,2,1
2024,2024-08-24,NaLyssa Smith,Fever,F,10,2,3,0
2024,2024-08-24,Aliyah Boston,Fever,C,36,10,15,1
2024,2024-08-24,Kelsey Mitchell,Fever,G,34,21,4,3
2024,2024-08-24,Caitlin Clark,Fever,G,38,23,5,8
2024,2024-08-24,Temi Fagbenle,Fever,C,16,4,5,0
2024,2024-08-24,Damiris Dantas,Fever,C,17,8,4,2
2024,2024-08-24,Erica Wheeler,Fever,G,8,2,0,1
2024,2024-08-24,Lexie Hull,Fever,G,26,10,2,0
2024,2024-08-24,Bridget Carleton,Lynx,F,29,16,4,4
2024,2024-08-24,Alanna Smith,Lynx,F,27,0,4,5
2024,2024-08-24,Napheesa Collier,Lynx,F,35,31,5,1
2024,2024-08-24,Kayla McBride,Lynx,G,30,19,3,4
2024,2024-08-24,Courtney Williams,Lynx,G,28,10,4,6
2024,2024-08-24,Myisha Hines-Allen,Lynx,F,20,4,2,4
2024,2024-08-24,Cecilia Zandalasini,Lynx,F,8,0,1,2
2024,2024-08-24,Dorka Juhasz,Lynx,F,5,0,1,0
2024,2024-08-24,Diamond Miller,Lynx,F,3,0,0,1
2024,2024-08-24,Natisha Hiedeman,Lynx,G,14,10,3,0
2024,2024-08-24,DeWanna Bonner,Sun,F,35,10,12,3
2024,2024-08-24,Alyssa Thomas,Sun,F,29,4,3,8
2024,2024-08-24,Brionna Jones,Sun,F,25,11,6,0
2024,2024-08-24,Tyasha Harris,Sun,G,16,5,1,1
2024,2024-08-24,DiJonai Carrington,Sun,G,29,13,3,2
2024,2024-08-24,Olivia Nelson-Ododa,Sun,C,15,12,4,0
2024,2024-08-24,Marina Mabrey,Sun,G,26,15,6,4
2024,2024-08-24,Veronica Burton,Sun,G,24,2,2,2
2024,2024-08-24,Breanna Stewart,Liberty,F,32,15,15,4
2024,2024-08-24,Leonie Fiebich,Liberty,F,33,14,5,3
2024,2024-08-24,Jonquel Jones,Liberty,C,28,10,8,2
2024,2024-08-24,Courtney Vandersloot,Liberty,G,24,7,3,5
2024,2024-08-24,Sabrina Ionescu,Liberty,G,28,12,3,3
2024,2024-08-24,Kayla Thornton,Liberty,F,23,0,4,1
2024,2024-08-24,Nyara Sabally,Liberty,F,12,3,4,0
2024,2024-08-24,Kennedy Burke,Liberty,G,14,3,2,1
2024,2024-08-24,Jaylyn Sherrod,Liberty,G,1,0,0,0
2024,2024-08-24,Marquesha Davis,Liberty,G,0,0,0,0
2024,2024-08-24,Ivana Dojkic,Liberty,G,5,0,0,0
2024,2024-08-23,Alysha Clark,Aces,F,26,3,4,4
2024,2024-08-23,A'ja Wilson,Aces,C,33,24,7,3
2024,2024-08-23,Chelsea Gray,Aces,G,24,7,2,3
2024,2024-08-23,Kelsey Plum,Aces,G,34,11,0,3
2024,2024-08-23,Jackie Young,Aces,G,35,12,2,3
2024,2024-08-23,Kiah Stokes,Aces,C,12,0,1,0
2024,2024-08-23,Megan Gustafson,Aces,C,9,5,0,0
2024,2024-08-23,Sydney Colson,Aces,G,2,0,0,0
2024,2024-08-23,Tiffany Hayes,Aces,G,22,12,1,1
2024,2024-08-23,Kate Martin,Aces,G,3,0,0,0
2024,2024-08-23,Bridget Carleton,Lynx,F,34,2,1,3
2024,2024-08-23,Alanna Smith,Lynx,F,33,15,7,4
2024,2024-08-23,Napheesa Collier,Lynx,F,38,27,18,5
2024,2024-08-23,Kayla McBride,Lynx,G,32,12,0,2
2024,2024-08-23,Courtney Williams,Lynx,G,22,13,7,4
2024,2024-08-23,Myisha Hines-Allen,Lynx,F,3,0,0,0
2024,2024-08-23,Cecilia Zandalasini,Lynx,F,9,4,0,1
2024,2024-08-23,Dorka Juhasz,Lynx,F,6,0,1,1
2024,2024-08-23,Diamond Miller,Lynx,F,8,2,0,0
2024,2024-08-23,Natisha Hiedeman,Lynx,G,15,12,3,2
2024,2024-08-23,Brittney Griner,Mercury,C,33,22,6,6
2024,2024-08-23,Diana Taurasi,Mercury,G,32,18,2,5
2024,2024-08-23,Natasha Cloud,Mercury,G,30,4,5,7
2024,2024-08-23,Kahleah Copper,Mercury,G,36,16,5,1
2024,2024-08-23,Sophie Cunningham,Mercury,G,33,6,8,3
2024,2024-08-23,Monique Billings,Mercury,F,18,5,6,1
2024,2024-08-23,Natasha Mack,Mercury,F,6,2,4,0
2024,2024-08-23,Celeste Taylor,Mercury,G,12,9,0,0
2024,2024-08-23,Naz Hillmon,Dream,F,27,4,5,0
2024,2024-08-23,Tina Charles,Dream,C,34,14,13,4
2024,2024-08-23,Allisha Gray,Dream,G,37,22,7,3
2024,2024-08-23,Jordin Canada,Dream,G,31,13,2,6
2024,2024-08-23,Rhyne Howard,Dream,G,30,16,4,3
2024,2024-08-23,Nia Coffey,Dream,F,13,2,2,1
2024,2024-08-23,Lorela Cubaj,Dream,F,6,2,1,0
2024,2024-08-23,Laeticia Amihere,Dream,F,0,0,0,0
2024,2024-08-23,Maya Caldwell,Dream,G,19,7,1,1
2024,2024-08-23,Haley Jones,Dream,G,3,0,1,1
2024,2024-08-23,Michaela Onyenwere,Sky,F,30,5,3,1
2024,2024-08-23,Angel Reese,Sky,F,37,13,20,3
2024,2024-08-23,Kamilla Cardoso,Sky,C,37,18,6,2
2024,2024-08-23,Lindsay Allen,Sky,G,30,14,1,6
2024,2024-08-23,Chennedy Carter,Sky,G,27,19,6,4
2024,2024-08-23,Isabelle Harrison,Sky,F,6,0,2,0
2024,2024-08-23,Rachel Banham,Sky,G,18,9,3,1
2024,2024-08-23,Moriah Jefferson,Sky,G,3,0,0,0
2024,2024-08-23,Diamond DeShields,Sky,G,6,0,1,1
2024,2024-08-23,Dana Evans,Sky,G,6,2,0,0
2024,2024-08-23,DeWanna Bonner,Sun,F,34,15,8,3
2024,2024-08-23,Alyssa Thomas,Sun,F,38,12,9,11
2024,2024-08-23,Brionna Jones,Sun,F,33,12,4,1
2024,2024-08-23,Tyasha Harris,Sun,G,30,6,1,2
2024,2024-08-23,DiJonai Carrington,Sun,G,24,7,3,0
2024,2024-08-23,Olivia Nelson-Ododa,Sun,C,7,4,2,0
2024,2024-08-23,Marina Mabrey,Sun,G,25,24,3,1
2024,2024-08-23,Veronica Burton,Sun,G,9,2,0,0
2024,2024-08-23,Celeste Taylor,Sun,G,NA,0,0,0
2024,2024-08-23,Dearica Hamby,Sparks,F,26,9,10,0
2024,2024-08-23,Stephanie Talbot,Sparks,F,27,6,5,3
2024,2024-08-23,Azura Stevens,Sparks,F,24,9,9,3
2024,2024-08-23,Rickea Jackson,Sparks,F,33,17,3,1
2024,2024-08-23,Crystal Dangerfield,Sparks,G,16,2,2,5
2024,2024-08-23,Li Yueru,Sparks,C,19,4,4,0
2024,2024-08-23,Odyssey Sims,Sparks,G,24,9,0,5
2024,2024-08-23,Kia Nurse,Sparks,G,11,3,0,0
2024,2024-08-23,Rae Burrell,Sparks,G,14,8,4,1
2024,2024-08-23,Zia Cooke,Sparks,G,7,7,0,0
2024,2024-08-23,Stefanie Dolson,Mystics,C,28,1,3,8
2024,2024-08-23,Shakira Austin,Mystics,C,21,14,11,2
2024,2024-08-23,Julie Vanloo,Mystics,G,21,4,1,4
2024,2024-08-23,Brittney Sykes,Mystics,G,32,28,6,5
2024,2024-08-23,Ariel Atkins,Mystics,G,30,15,4,0
2024,2024-08-23,Emily Engstler,Mystics,F,11,9,4,0
2024,2024-08-23,Aaliyah Edwards,Mystics,F,20,6,4,1
2024,2024-08-23,Shatori Walker-Kimbrough,Mystics,G,16,2,2,1
2024,2024-08-23,Sug Sutton,Mystics,G,5,0,0,0
2024,2024-08-23,Jade Melbourne,Mystics,G,18,1,1,2
2024,2024-08-22,Natasha Howard,Wings,F,33,16,8,2
2024,2024-08-22,Satou Sabally,Wings,F,36,10,7,5
2024,2024-08-22,Teaira McCowan,Wings,C,19,14,8,0
2024,2024-08-22,Arike Ogunbowale,Wings,G,40,19,6,8
2024,2024-08-22,Jacy Sheldon,Wings,G,37,8,2,2
2024,2024-08-22,Maddy Siegrist,Wings,F,7,2,1,0
2024,2024-08-22,Kalani Brown,Wings,C,15,2,4,0
2024,2024-08-22,Jaelyn Brown,Wings,G,11,0,2,0
2024,2024-08-22,Sevgi Uzun,Wings,G,3,0,0,0
2024,2024-08-22,Kayla Thornton,Liberty,F,31,16,5,2
2024,2024-08-22,Breanna Stewart,Liberty,F,35,19,7,6
2024,2024-08-22,Leonie Fiebich,Liberty,F,29,16,7,3
2024,2024-08-22,Jonquel Jones,Liberty,C,29,13,13,1
2024,2024-08-22,Courtney Vandersloot,Liberty,G,26,5,5,6
2024,2024-08-22,Nyara Sabally,Liberty,F,18,0,6,0
2024,2024-08-22,Kennedy Burke,Liberty,G,16,6,2,1
2024,2024-08-22,Jaylyn Sherrod,Liberty,G,10,4,1,2
2024,2024-08-22,Ivana Dojkic,Liberty,G,6,0,0,0
2024,2024-08-21,Bridget Carleton,Lynx,F,29,12,4,2
2024,2024-08-21,Alanna Smith,Lynx,F,24,10,4,3
2024,2024-08-21,Napheesa Collier,Lynx,F,34,23,7,4
2024,2024-08-21,Kayla McBride,Lynx,G,35,11,0,4
2024,2024-08-21,Courtney Williams,Lynx,G,30,22,7,10
2024,2024-08-21,Myisha Hines-Allen,Lynx,F,14,8,4,2
2024,2024-08-21,Cecilia Zandalasini,Lynx,F,13,8,0,0
2024,2024-08-21,Dorka Juhasz,Lynx,F,9,0,4,0
2024,2024-08-21,Diamond Miller,Lynx,F,3,2,0,0
2024,2024-08-21,Natisha Hiedeman,Lynx,G,10,2,1,3
2024,2024-08-21,Kiah Stokes,Aces,C,14,0,0,0
2024,2024-08-21,A'ja Wilson,Aces,C,33,15,9,6
2024,2024-08-21,Chelsea Gray,Aces,G,28,3,1,5
2024,2024-08-21,Kelsey Plum,Aces,G,32,20,5,2
2024,2024-08-21,Jackie Young,Aces,G,33,26,6,4
2024,2024-08-21,Alysha Clark,Aces,F,21,8,4,1
2024,2024-08-21,Megan Gustafson,Aces,C,9,3,1,0
2024,2024-08-21,Sydney Colson,Aces,G,9,0,0,1
2024,2024-08-21,Tiffany Hayes,Aces,G,22,12,2,3
2024,2024-08-21,Brittney Griner,Mercury,C,34,14,8,3
2024,2024-08-21,Diana Taurasi,Mercury,G,30,3,0,4
2024,2024-08-21,Natasha Cloud,Mercury,G,38,6,8,2
2024,2024-08-21,Kahleah Copper,Mercury,G,34,22,6,2
2024,2024-08-21,Sophie Cunningham,Mercury,G,25,3,2,2
2024,2024-08-21,Monique Billings,Mercury,F,17,9,3,0
2024,2024-08-21,Mikiah Herbert Harrigan,Mercury,F,9,2,1,1
2024,2024-08-21,Natasha Mack,Mercury,F,13,4,5,1
2024,2024-08-21,Naz Hillmon,Dream,F,34,8,8,1
2024,2024-08-21,Tina Charles,Dream,C,33,12,17,3
2024,2024-08-21,Allisha Gray,Dream,G,33,21,3,2
2024,2024-08-21,Jordin Canada,Dream,G,29,4,5,6
2024,2024-08-21,Rhyne Howard,Dream,G,34,19,2,3
2024,2024-08-21,Nia Coffey,Dream,F,5,0,2,0
2024,2024-08-21,Lorela Cubaj,Dream,F,9,0,6,1
2024,2024-08-21,Maya Caldwell,Dream,G,13,6,1,1
2024,2024-08-21,Haley Jones,Dream,G,11,2,3,0
2024,2024-08-20,Dearica Hamby,Sparks,F,32,9,10,2
2024,2024-08-20,Stephanie Talbot,Sparks,F,19,0,4,2
2024,2024-08-20,Azura Stevens,Sparks,F,21,14,6,0
2024,2024-08-20,Rickea Jackson,Sparks,F,34,14,6,1
2024,2024-08-20,Crystal Dangerfield,Sparks,G,18,0,2,4
2024,2024-08-20,Li Yueru,Sparks,C,28,8,7,2
2024,2024-08-20,Odyssey Sims,Sparks,G,16,7,0,2
2024,2024-08-20,Kia Nurse,Sparks,G,17,9,3,2
2024,2024-08-20,Rae Burrell,Sparks,G,15,0,4,0
2024,2024-08-20,Alyssa Thomas,Sun,F,37,9,16,8
2024,2024-08-20,Brionna Jones,Sun,F,34,15,7,3
2024,2024-08-20,Marina Mabrey,Sun,G,26,5,1,2
2024,2024-08-20,Tyasha Harris,Sun,G,29,14,1,4
2024,2024-08-20,DiJonai Carrington,Sun,G,31,19,4,1
2024,2024-08-20,DeWanna Bonner,Sun,F,26,7,2,2
2024,2024-08-20,Caitlin Bickle,Sun,F,0,0,0,0
2024,2024-08-20,Astou Ndour-Fall,Sun,C,0,0,0,0
2024,2024-08-20,Olivia Nelson-Ododa,Sun,C,6,0,3,0
2024,2024-08-20,Veronica Burton,Sun,G,11,0,2,1
2024,2024-08-20,Celeste Taylor,Sun,G,0,0,0,0
2024,2024-08-20,Natasha Howard,Wings,F,31,13,9,1
2024,2024-08-20,Satou Sabally,Wings,F,36,24,5,4
2024,2024-08-20,Teaira McCowan,Wings,C,22,2,5,2
2024,2024-08-20,Arike Ogunbowale,Wings,G,38,17,6,5
2024,2024-08-20,Jacy Sheldon,Wings,G,35,5,0,7
2024,2024-08-20,Maddy Siegrist,Wings,F,14,6,0,0
2024,2024-08-20,Kalani Brown,Wings,C,13,7,3,0
2024,2024-08-20,Stephanie Soares,Wings,C,2,0,0,0
2024,2024-08-20,Jaelyn Brown,Wings,G,3,0,0,0
2024,2024-08-20,Lou Lopez Senechal,Wings,G,2,0,0,0
2024,2024-08-20,Sevgi Uzun,Wings,G,5,0,0,1
2024,2024-08-20,Kayla Thornton,Liberty,F,32,5,5,2
2024,2024-08-20,Breanna Stewart,Liberty,F,32,26,12,3
2024,2024-08-20,Leonie Fiebich,Liberty,F,13,0,3,4
2024,2024-08-20,Jonquel Jones,Liberty,C,30,23,12,1
2024,2024-08-20,Courtney Vandersloot,Liberty,G,29,15,6,11
2024,2024-08-20,Nyara Sabally,Liberty,F,19,5,5,1
2024,2024-08-20,Kennedy Burke,Liberty,G,25,13,3,0
2024,2024-08-20,Jaylyn Sherrod,Liberty,G,2,2,0,0
2024,2024-08-20,Marquesha Davis,Liberty,G,4,0,0,0
2024,2024-08-20,Ivana Dojkic,Liberty,G,14,5,1,3
2024,2024-08-20,Nneka Ogwumike,Storm,F,35,24,8,2
2024,2024-08-20,Ezi Magbegor,Storm,F,36,13,14,0
2024,2024-08-20,Jordan Horston,Storm,F,26,3,6,3
2024,2024-08-20,Skylar Diggins,Storm,G,37,17,3,5
2024,2024-08-20,Jewell Loyd,Storm,G,33,18,1,3
2024,2024-08-20,Joyner Holmes,Storm,F,2,0,0,0
2024,2024-08-20,Mercedes Russell,Storm,C,7,0,3,1
2024,2024-08-20,Sami Whitcomb,Storm,G,14,6,3,1
2024,2024-08-20,Victoria Vivians,Storm,G,11,2,0,0
2024,2024-08-20,Stefanie Dolson,Mystics,C,26,9,6,1
2024,2024-08-20,Shakira Austin,Mystics,C,25,24,9,0
2024,2024-08-20,Brittney Sykes,Mystics,G,29,12,4,5
2024,2024-08-20,Shatori Walker-Kimbrough,Mystics,G,27,0,0,4
2024,2024-08-20,Ariel Atkins,Mystics,G,31,25,5,1
2024,2024-08-20,Emily Engstler,Mystics,F,8,0,4,0
2024,2024-08-20,Aaliyah Edwards,Mystics,F,21,2,7,1
2024,2024-08-20,Julie Vanloo,Mystics,G,20,5,1,6
2024,2024-08-20,Jade Melbourne,Mystics,G,14,0,5,1
2024,2024-08-18,Michaela Onyenwere,Sky,F,23,2,2,1
2024,2024-08-18,Angel Reese,Sky,F,35,19,20,1
2024,2024-08-18,Kamilla Cardoso,Sky,C,16,12,4,2
2024,2024-08-18,Lindsay Allen,Sky,G,22,2,1,2
2024,2024-08-18,Chennedy Carter,Sky,G,28,16,6,6
2024,2024-08-18,Isabelle Harrison,Sky,F,25,12,6,0
2024,2024-08-18,Brianna Turner,Sky,F,5,0,2,0
2024,2024-08-18,Rachel Banham,Sky,G,19,0,2,2
2024,2024-08-18,Moriah Jefferson,Sky,G,11,3,0,4
2024,2024-08-18,Diamond DeShields,Sky,G,5,0,1,1
2024,2024-08-18,Dana Evans,Sky,G,12,2,0,1
2024,2024-08-18,Brittney Griner,Mercury,C,24,18,5,3
2024,2024-08-18,Diana Taurasi,Mercury,G,30,23,3,5
2024,2024-08-18,Natasha Cloud,Mercury,G,30,6,4,4
2024,2024-08-18,Kahleah Copper,Mercury,G,31,7,3,2
2024,2024-08-18,Sophie Cunningham,Mercury,G,32,13,10,3
2024,2024-08-18,Monique Billings,Mercury,F,23,13,8,0
2024,2024-08-18,Mikiah Herbert Harrigan,Mercury,F,2,0,0,0
2024,2024-08-18,Natasha Mack,Mercury,F,15,3,7,2
2024,2024-08-18,Sug Sutton,Mercury,G,13,3,1,2
2024,2024-08-18,Dearica Hamby,Sparks,F,32,13,11,1
2024,2024-08-18,Azura Stevens,Sparks,F,19,2,2,0
2024,2024-08-18,Rickea Jackson,Sparks,F,34,15,5,1
2024,2024-08-18,Kia Nurse,Sparks,G,23,12,1,1
2024,2024-08-18,Crystal Dangerfield,Sparks,G,24,9,3,4
2024,2024-08-18,Stephanie Talbot,Sparks,F,21,4,4,3
2024,2024-08-18,Li Yueru,Sparks,C,13,4,1,1
2024,2024-08-18,Odyssey Sims,Sparks,G,16,3,4,5
2024,2024-08-18,Rae Burrell,Sparks,G,17,9,2,0
2024,2024-08-18,Zia Cooke,Sparks,G,2,0,0,0
2024,2024-08-18,Kiah Stokes,Aces,C,16,0,3,1
2024,2024-08-18,A'ja Wilson,Aces,C,34,34,13,0
2024,2024-08-18,Chelsea Gray,Aces,G,26,8,1,4
2024,2024-08-18,Kelsey Plum,Aces,G,32,18,2,1
2024,2024-08-18,Jackie Young,Aces,G,32,10,4,4
2024,2024-08-18,Alysha Clark,Aces,F,18,0,4,2
2024,2024-08-18,Megan Gustafson,Aces,C,11,2,3,0
2024,2024-08-18,Sydney Colson,Aces,G,5,4,0,0
2024,2024-08-18,Tiffany Hayes,Aces,G,23,11,3,2
2024,2024-08-18,Kate Martin,Aces,G,3,0,0,0
2024,2024-08-18,Nneka Ogwumike,Storm,F,34,14,9,3
2024,2024-08-18,Ezi Magbegor,Storm,F,32,9,7,1
2024,2024-08-18,Jordan Horston,Storm,F,31,4,2,1
2024,2024-08-18,Skylar Diggins,Storm,G,31,15,4,5
2024,2024-08-18,Jewell Loyd,Storm,G,36,26,4,4
2024,2024-08-18,Joyner Holmes,Storm,F,1,0,0,0
2024,2024-08-18,Mercedes Russell,Storm,C,12,1,3,1
2024,2024-08-18,Sami Whitcomb,Storm,G,12,6,2,0
2024,2024-08-18,Victoria Vivians,Storm,G,9,0,1,0
2024,2024-08-18,Nika Muhl,Storm,G,1,0,0,0
2024,2024-08-18,Katie Lou Samuelson,Fever,F,22,0,6,1
2024,2024-08-18,NaLyssa Smith,Fever,F,20,3,7,0
2024,2024-08-18,Aliyah Boston,Fever,C,35,9,15,8
2024,2024-08-18,Kelsey Mitchell,Fever,G,35,27,2,3
2024,2024-08-18,Caitlin Clark,Fever,G,36,23,5,9
2024,2024-08-18,Victaria Saxton,Fever,F,1,0,0,0
2024,2024-08-18,Damiris Dantas,Fever,C,20,8,5,0
2024,2024-08-18,Erica Wheeler,Fever,G,9,0,1,1
2024,2024-08-18,Kristy Wallace,Fever,G,1,0,0,0
2024,2024-08-18,Lexie Hull,Fever,G,21,22,1,0
2024,2024-08-18,Grace Berger,Fever,G,1,0,1,0
2024,2024-08-18,DeWanna Bonner,Sun,F,26,9,10,3
2024,2024-08-18,Alyssa Thomas,Sun,F,31,13,8,6
2024,2024-08-18,Brionna Jones,Sun,F,28,12,8,1
2024,2024-08-18,Marina Mabrey,Sun,G,37,11,6,4
2024,2024-08-18,DiJonai Carrington,Sun,G,22,4,3,0
2024,2024-08-18,Olivia Nelson-Ododa,Sun,C,12,6,5,0
2024,2024-08-18,Tyasha Harris,Sun,G,28,12,0,1
2024,2024-08-18,Veronica Burton,Sun,G,16,3,0,1
2024,2024-08-18,Naz Hillmon,Dream,F,31,9,5,1
2024,2024-08-18,Tina Charles,Dream,C,36,22,15,1
2024,2024-08-18,Allisha Gray,Dream,G,36,11,3,4
2024,2024-08-18,Jordin Canada,Dream,G,34,19,4,6
2024,2024-08-18,Rhyne Howard,Dream,G,35,13,1,4
2024,2024-08-18,Cheyenne Parker-Tyus,Dream,F,0,0,0,0
2024,2024-08-18,Nia Coffey,Dream,F,9,3,2,0
2024,2024-08-18,Lorela Cubaj,Dream,F,3,2,1,0
2024,2024-08-18,Maya Caldwell,Dream,G,6,0,3,0
2024,2024-08-18,Haley Jones,Dream,G,10,3,0,2
2024,2024-08-17,Michaela Onyenwere,Sky,F,22,6,2,3
2024,2024-08-17,Angel Reese,Sky,F,34,14,11,1
2024,2024-08-17,Kamilla Cardoso,Sky,C,28,15,14,3
2024,2024-08-17,Rachel Banham,Sky,G,31,14,2,2
2024,2024-08-17,Lindsay Allen,Sky,G,26,16,4,6
2024,2024-08-17,Isabelle Harrison,Sky,F,18,9,2,0
2024,2024-08-17,Diamond DeShields,Sky,G,7,2,0,0
2024,2024-08-17,Chennedy Carter,Sky,G,17,9,5,1
2024,2024-08-17,Dana Evans,Sky,G,17,5,2,4
2024,2024-08-17,Dearica Hamby,Sparks,F,34,7,9,5
2024,2024-08-17,Azura Stevens,Sparks,F,26,10,6,4
2024,2024-08-17,Rickea Jackson,Sparks,F,27,13,5,1
2024,2024-08-17,Kia Nurse,Sparks,G,21,16,1,0
2024,2024-08-17,Crystal Dangerfield,Sparks,G,24,11,2,6
2024,2024-08-17,Stephanie Talbot,Sparks,F,20,13,4,1
2024,2024-08-17,Li Yueru,Sparks,C,15,7,3,0
2024,2024-08-17,Odyssey Sims,Sparks,G,16,2,2,3
2024,2024-08-17,Rae Burrell,Sparks,G,16,7,1,3
2024,2024-08-17,Breanna Stewart,Liberty,F,33,18,7,1
2024,2024-08-17,Leonie Fiebich,Liberty,F,31,12,7,2
2024,2024-08-17,Jonquel Jones,Liberty,C,35,10,17,7
2024,2024-08-17,Courtney Vandersloot,Liberty,G,20,4,1,2
2024,2024-08-17,Sabrina Ionescu,Liberty,G,36,23,6,3
2024,2024-08-17,Kayla Thornton,Liberty,F,27,7,6,0
2024,2024-08-17,Nyara Sabally,Liberty,F,4,2,1,0
2024,2024-08-17,Kennedy Burke,Liberty,G,9,3,0,0
2024,2024-08-17,Ivana Dojkic,Liberty,G,6,0,1,0
2024,2024-08-17,Kiah Stokes,Aces,C,21,3,3,2
2024,2024-08-17,A'ja Wilson,Aces,C,36,24,11,0
2024,2024-08-17,Chelsea Gray,Aces,G,34,13,6,6
2024,2024-08-17,Kelsey Plum,Aces,G,34,13,3,2
2024,2024-08-17,Jackie Young,Aces,G,32,4,4,3
2024,2024-08-17,Alysha Clark,Aces,F,20,5,2,1
2024,2024-08-17,Megan Gustafson,Aces,C,6,0,0,0
2024,2024-08-17,Tiffany Hayes,Aces,G,14,5,0,0
2024,2024-08-17,Kate Martin,Aces,G,3,0,1,0
2024,2024-08-17,Bridget Carleton,Lynx,F,24,16,1,3
2024,2024-08-17,Alanna Smith,Lynx,F,21,6,7,3
2024,2024-08-17,Napheesa Collier,Lynx,F,29,30,4,3
2024,2024-08-17,Kayla McBride,Lynx,G,25,10,0,3
2024,2024-08-17,Courtney Williams,Lynx,G,21,14,7,2
2024,2024-08-17,Cecilia Zandalasini,Lynx,F,4,0,0,1
2024,2024-08-17,Dorka Juhasz,Lynx,F,23,9,4,2
2024,2024-08-17,Diamond Miller,Lynx,F,19,7,3,2
2024,2024-08-17,Sika Kone,Lynx,F,1,0,0,0
2024,2024-08-17,Alissa Pili,Lynx,F,6,6,3,1
2024,2024-08-17,Natisha Hiedeman,Lynx,G,22,1,2,6
2024,2024-08-17,Olivia Epoupa,Lynx,G,5,0,0,0
2024,2024-08-17,Stefanie Dolson,Mystics,C,22,23,2,2
2024,2024-08-17,Shakira Austin,Mystics,C,22,16,5,1
2024,2024-08-17,Brittney Sykes,Mystics,G,23,7,3,7
2024,2024-08-17,Karlie Samuelson,Mystics,G,1,0,1,0
2024,2024-08-17,Ariel Atkins,Mystics,G,28,11,1,5
2024,2024-08-17,Myisha Hines-Allen,Mystics,F,15,2,1,2
2024,2024-08-17,Emily Engstler,Mystics,F,1,2,0,0
2024,2024-08-17,Aaliyah Edwards,Mystics,F,21,5,7,3
2024,2024-08-17,Julie Vanloo,Mystics,G,22,2,1,4
2024,2024-08-17,Shatori Walker-Kimbrough,Mystics,G,31,11,1,0
2024,2024-08-17,Jade Melbourne,Mystics,G,14,4,3,2
2024,2024-08-16,DeWanna Bonner,Sun,F,33,29,3,4
2024,2024-08-16,Alyssa Thomas,Sun,F,31,12,8,14
2024,2024-08-16,Brionna Jones,Sun,F,27,12,5,0
2024,2024-08-16,Marina Mabrey,Sun,G,30,17,4,4
2024,2024-08-16,Tyasha Harris,Sun,G,25,14,0,3
2024,2024-08-16,Caitlin Bickle,Sun,F,1,0,0,0
2024,2024-08-16,Astou Ndour-Fall,Sun,C,5,4,1,0
2024,2024-08-16,Olivia Nelson-Ododa,Sun,C,13,10,1,1
2024,2024-08-16,Veronica Burton,Sun,G,24,9,4,4
2024,2024-08-16,Celeste Taylor,Sun,G,11,2,0,0
2024,2024-08-16,Natasha Howard,Wings,F,35,17,11,4
2024,2024-08-16,Satou Sabally,Wings,F,36,20,8,7
2024,2024-08-16,Teaira McCowan,Wings,C,24,12,7,2
2024,2024-08-16,Arike Ogunbowale,Wings,G,38,21,3,2
2024,2024-08-16,Sevgi Uzun,Wings,G,16,2,1,2
2024,2024-08-16,Kalani Brown,Wings,C,14,7,2,1
2024,2024-08-16,Stephanie Soares,Wings,C,3,0,0,0
2024,2024-08-16,Jaelyn Brown,Wings,G,8,2,1,0
2024,2024-08-16,Lou Lopez Senechal,Wings,G,1,0,0,0
2024,2024-08-16,Jacy Sheldon,Wings,G,24,10,3,1
2024,2024-08-16,Nneka Ogwumike,Storm,F,29,16,6,0
2024,2024-08-16,Ezi Magbegor,Storm,F,32,6,7,1
2024,2024-08-16,Jordan Horston,Storm,F,28,2,5,3
2024,2024-08-16,Skylar Diggins,Storm,G,33,29,1,5
2024,2024-08-16,Jewell Loyd,Storm,G,35,21,5,1
2024,2024-08-16,Joyner Holmes,Storm,F,11,2,1,2
2024,2024-08-16,Mercedes Russell,Storm,C,8,0,1,1
2024,2024-08-16,Sami Whitcomb,Storm,G,12,5,1,1
2024,2024-08-16,Victoria Vivians,Storm,G,12,0,0,0
2024,2024-08-16,Naz Hillmon,Dream,F,34,6,13,0
2024,2024-08-16,Tina Charles,Dream,C,29,16,7,1
2024,2024-08-16,Allisha Gray,Dream,G,38,19,2,2
2024,2024-08-16,Jordin Canada,Dream,G,29,10,4,8
2024,2024-08-16,Rhyne Howard,Dream,G,38,30,8,2
2024,2024-08-16,Cheyenne Parker-Tyus,Dream,F,11,2,1,0
2024,2024-08-16,Nia Coffey,Dream,F,6,0,2,0
2024,2024-08-16,Maya Caldwell,Dream,G,11,0,0,0
2024,2024-08-16,Haley Jones,Dream,G,4,0,0,0
2024,2024-08-16,Brittney Griner,Mercury,C,25,10,4,1
2024,2024-08-16,Diana Taurasi,Mercury,G,33,16,4,3
2024,2024-08-16,Natasha Cloud,Mercury,G,38,19,2,3
2024,2024-08-16,Kahleah Copper,Mercury,G,38,32,8,6
2024,2024-08-16,Sophie Cunningham,Mercury,G,35,6,6,2
2024,2024-08-16,Mikiah Herbert Harrigan,Mercury,F,11,6,2,0
2024,2024-08-16,Natasha Mack,Mercury,F,17,0,5,1
2024,2024-08-16,Sug Sutton,Mercury,G,4,0,0,0
2024,2024-08-16,Katie Lou Samuelson,Fever,F,22,3,1,2
2024,2024-08-16,NaLyssa Smith,Fever,F,28,13,9,1
2024,2024-08-16,Aliyah Boston,Fever,C,33,14,9,4
2024,2024-08-16,Kelsey Mitchell,Fever,G,37,28,5,3
2024,2024-08-16,Caitlin Clark,Fever,G,36,29,5,10
2024,2024-08-16,Damiris Dantas,Fever,C,10,2,5,2
2024,2024-08-16,Erica Wheeler,Fever,G,15,3,3,1
2024,2024-08-16,Lexie Hull,Fever,G,19,6,2,0
2024,2024-08-15,Breanna Stewart,Liberty,F,20,27,4,2
2024,2024-08-15,Leonie Fiebich,Liberty,F,21,4,4,1
2024,2024-08-15,Jonquel Jones,Liberty,C,21,9,5,4
2024,2024-08-15,Courtney Vandersloot,Liberty,G,20,8,4,5
2024,2024-08-15,Sabrina Ionescu,Liberty,G,23,18,4,6
2024,2024-08-15,Kayla Thornton,Liberty,F,24,16,1,1
2024,2024-08-15,Nyara Sabally,Liberty,F,19,6,9,3
2024,2024-08-15,Kennedy Burke,Liberty,G,20,6,5,4
2024,2024-08-15,Jaylyn Sherrod,Liberty,G,6,0,0,2
2024,2024-08-15,Marquesha Davis,Liberty,G,8,2,1,0
2024,2024-08-15,Ivana Dojkic,Liberty,G,19,7,1,3
2024,2024-08-15,Dearica Hamby,Sparks,F,30,14,13,5
2024,2024-08-15,Azura Stevens,Sparks,F,22,5,4,1
2024,2024-08-15,Rickea Jackson,Sparks,F,28,13,0,1
2024,2024-08-15,Layshia Clarendon,Sparks,G,11,0,3,1
2024,2024-08-15,Kia Nurse,Sparks,G,25,10,1,1
2024,2024-08-15,Li Yueru,Sparks,C,20,1,4,0
2024,2024-08-15,Crystal Dangerfield,Sparks,G,29,7,1,2
2024,2024-08-15,Rae Burrell,Sparks,G,18,15,2,3
2024,2024-08-15,Zia Cooke,Sparks,G,16,3,1,2
2024,2024-08-15,Brittney Griner,Mercury,C,32,23,9,6
2024,2024-08-15,Diana Taurasi,Mercury,G,31,11,2,4
2024,2024-08-15,Natasha Cloud,Mercury,G,30,3,2,6
2024,2024-08-15,Kahleah Copper,Mercury,G,35,29,2,3
2024,2024-08-15,Sophie Cunningham,Mercury,G,34,8,7,4
2024,2024-08-15,Mikiah Herbert Harrigan,Mercury,F,9,2,3,0
2024,2024-08-15,Natasha Mack,Mercury,F,13,3,8,1
2024,2024-08-15,Celeste Taylor,Mercury,G,17,6,1,2
2024,2024-08-15,Michaela Onyenwere,Sky,F,24,5,2,2
2024,2024-08-15,Angel Reese,Sky,F,33,11,15,1
2024,2024-08-15,Kamilla Cardoso,Sky,C,25,10,5,0
2024,2024-08-15,Rachel Banham,Sky,G,27,7,1,1
2024,2024-08-15,Lindsay Allen,Sky,G,16,5,2,6
2024,2024-08-15,Isabelle Harrison,Sky,F,18,5,2,0
2024,2024-08-15,Brianna Turner,Sky,F,5,0,0,0
2024,2024-08-15,Moriah Jefferson,Sky,G,13,2,1,1
2024,2024-08-15,Diamond DeShields,Sky,G,17,6,4,2
2024,2024-08-15,Dana Evans,Sky,G,24,14,1,1
2024,2024-08-15,Stefanie Dolson,Mystics,C,25,6,6,4
2024,2024-08-15,Shakira Austin,Mystics,C,20,9,10,2
2024,2024-08-15,Brittney Sykes,Mystics,G,22,11,4,3
2024,2024-08-15,Karlie Samuelson,Mystics,G,29,7,3,1
2024,2024-08-15,Ariel Atkins,Mystics,G,31,12,3,2
2024,2024-08-15,Myisha Hines-Allen,Mystics,F,16,2,2,3
2024,2024-08-15,Aaliyah Edwards,Mystics,F,18,9,2,1
2024,2024-08-15,Julie Vanloo,Mystics,G,15,0,2,2
2024,2024-08-15,Shatori Walker-Kimbrough,Mystics,G,15,2,0,1
2024,2024-08-15,Jade Melbourne,Mystics,G,9,10,0,0
2024,2024-08-15,Bridget Carleton,Lynx,F,29,4,4,2
2024,2024-08-15,Alanna Smith,Lynx,F,33,12,8,1
2024,2024-08-15,Napheesa Collier,Lynx,F,30,17,12,4
2024,2024-08-15,Kayla McBride,Lynx,G,29,12,4,3
2024,2024-08-15,Courtney Williams,Lynx,G,26,14,4,5
2024,2024-08-15,Cecilia Zandalasini,Lynx,F,13,4,1,0
2024,2024-08-15,Dorka Juhasz,Lynx,F,13,7,3,1
2024,2024-08-15,Diamond Miller,Lynx,F,12,2,3,0
2024,2024-08-15,Natisha Hiedeman,Lynx,G,14,7,1,0
2024,2024-07-20,Breanna Stewart,Team USA,F,31,31,10,3
2024,2024-07-20,A'ja Wilson,Team USA,C,29,22,6,3
2024,2024-07-20,Diana Taurasi,Team USA,G,20,14,6,5
2024,2024-07-20,Chelsea Gray,Team USA,G,11,5,0,5
2024,2024-07-20,Jewell Loyd,Team USA,G,13,0,2,3
2024,2024-07-20,Alyssa Thomas,Team USA,F,18,4,5,2
2024,2024-07-20,Napheesa Collier,Team USA,F,3,0,1,0
2024,2024-07-20,Brittney Griner,Team USA,C,14,10,7,0
2024,2024-07-20,Kahleah Copper,Team USA,G,12,7,1,1
2024,2024-07-20,Kelsey Plum,Team USA,G,13,9,2,6
2024,2024-07-20,Jackie Young,Team USA,G,16,2,0,3
2024,2024-07-20,Sabrina Ionescu,Team USA,G,21,5,3,3
2024,2024-07-20,DeWanna Bonner,Team WNBA,F,16,5,4,0
2024,2024-07-20,Nneka Ogwumike,Team WNBA,F,24,14,3,2
2024,2024-07-20,Jonquel Jones,Team WNBA,C,16,6,7,5
2024,2024-07-20,Arike Ogunbowale,Team WNBA,G,31,34,3,6
2024,2024-07-20,Caitlin Clark,Team WNBA,G,26,4,1,10
2024,2024-07-20,Dearica Hamby,Team WNBA,F,4,0,2,1
2024,2024-07-20,Brionna Jones,Team WNBA,F,8,6,2,0
2024,2024-07-20,Angel Reese,Team WNBA,F,18,12,11,0
2024,2024-07-20,Aliyah Boston,Team WNBA,C,9,4,2,1
2024,2024-07-20,Kayla McBride,Team WNBA,G,11,3,0,2
2024,2024-07-20,Allisha Gray,Team WNBA,G,22,16,3,3
2024,2024-07-20,Kelsey Mitchell,Team WNBA,G,14,13,0,1
2024,2024-07-17,Katie Lou Samuelson,Fever,F,28,3,4,3
2024,2024-07-17,NaLyssa Smith,Fever,F,27,13,12,0
2024,2024-07-17,Aliyah Boston,Fever,C,28,28,8,3
2024,2024-07-17,Kelsey Mitchell,Fever,G,36,13,2,1
2024,2024-07-17,Caitlin Clark,Fever,G,40,24,6,19
2024,2024-07-17,Damiris Dantas,Fever,C,13,6,3,0
2024,2024-07-17,Erica Wheeler,Fever,G,4,0,0,0
2024,2024-07-17,Lexie Hull,Fever,G,23,6,0,0
2024,2024-07-17,Natasha Howard,Wings,F,35,17,7,8
2024,2024-07-17,Teaira McCowan,Wings,C,21,10,5,1
2024,2024-07-17,Odyssey Sims,Wings,G,39,24,3,9
2024,2024-07-17,Arike Ogunbowale,Wings,G,40,24,7,7
2024,2024-07-17,Jacy Sheldon,Wings,G,34,11,3,1
2024,2024-07-17,Monique Billings,Wings,F,5,2,1,0
2024,2024-07-17,Kalani Brown,Wings,C,19,13,3,2
2024,2024-07-17,Sevgi Uzun,Wings,G,8,0,0,0
2024,2024-07-17,Naz Hillmon,Dream,F,23,4,2,2
2024,2024-07-17,Tina Charles,Dream,C,20,12,4,0
2024,2024-07-17,Allisha Gray,Dream,G,27,7,3,3
2024,2024-07-17,Maya Caldwell,Dream,G,21,2,2,0
2024,2024-07-17,Haley Jones,Dream,G,15,2,1,2
2024,2024-07-17,Cheyenne Parker-Tyus,Dream,F,26,16,5,2
2024,2024-07-17,Nia Coffey,Dream,F,11,5,2,0
2024,2024-07-17,Aerial Powers,Dream,G,16,11,4,2
2024,2024-07-17,Rhyne Howard,Dream,G,23,15,9,3
2024,2024-07-17,Destanni Henderson,Dream,G,19,5,1,4
2024,2024-07-17,Bridget Carleton,Lynx,F,29,9,4,3
2024,2024-07-17,Alanna Smith,Lynx,F,33,13,10,6
2024,2024-07-17,Dorka Juhasz,Lynx,F,33,6,8,0
2024,2024-07-17,Kayla McBride,Lynx,G,34,30,1,1
2024,2024-07-17,Courtney Williams,Lynx,G,26,8,4,9
2024,2024-07-17,Cecilia Zandalasini,Lynx,F,6,0,0,1
2024,2024-07-17,Diamond Miller,Lynx,F,11,2,3,1
2024,2024-07-17,Sika Kone,Lynx,F,4,0,0,0
2024,2024-07-17,Natisha Hiedeman,Lynx,G,22,18,2,4
2024,2024-07-16,Angel Reese,Sky,F,35,13,10,3
2024,2024-07-16,Kamilla Cardoso,Sky,C,30,6,8,2
2024,2024-07-16,Lindsay Allen,Sky,G,27,6,5,4
2024,2024-07-16,Marina Mabrey,Sky,G,36,15,1,4
2024,2024-07-16,Chennedy Carter,Sky,G,30,34,4,2
2024,2024-07-16,Isabelle Harrison,Sky,F,14,8,6,2
2024,2024-07-16,Michaela Onyenwere,Sky,F,14,9,0,0
2024,2024-07-16,Dana Evans,Sky,G,13,2,1,3
2024,2024-07-16,Kiah Stokes,Aces,C,16,0,1,0
2024,2024-07-16,A'ja Wilson,Aces,C,37,28,14,0
2024,2024-07-16,Chelsea Gray,Aces,G,25,7,2,5
2024,2024-07-16,Kelsey Plum,Aces,G,30,8,1,5
2024,2024-07-16,Jackie Young,Aces,G,32,17,3,2
2024,2024-07-16,Alysha Clark,Aces,F,16,0,2,0
2024,2024-07-16,Megan Gustafson,Aces,C,11,3,0,0
2024,2024-07-16,Sydney Colson,Aces,G,6,3,1,2
2024,2024-07-16,Tiffany Hayes,Aces,G,24,19,1,3
2024,2024-07-16,Kate Martin,Aces,G,2,0,1,0
2024,2024-07-16,DeWanna Bonner,Sun,F,35,8,8,1
2024,2024-07-16,Alyssa Thomas,Sun,F,23,16,8,5
2024,2024-07-16,Brionna Jones,Sun,F,35,17,5,1
2024,2024-07-16,Tyasha Harris,Sun,G,31,11,1,4
2024,2024-07-16,DiJonai Carrington,Sun,G,30,13,6,2
2024,2024-07-16,Olivia Nelson-Ododa,Sun,C,5,0,0,0
2024,2024-07-16,Rachel Banham,Sun,G,11,2,1,0
2024,2024-07-16,Tiffany Mitchell,Sun,G,21,5,0,0
2024,2024-07-16,Veronica Burton,Sun,G,9,2,2,4
2024,2024-07-16,Leonie Fiebich,Liberty,F,32,9,5,2
2024,2024-07-16,Jonquel Jones,Liberty,C,35,8,7,5
2024,2024-07-16,Courtney Vandersloot,Liberty,G,20,10,1,3
2024,2024-07-16,Kennedy Burke,Liberty,G,25,9,1,1
2024,2024-07-16,Sabrina Ionescu,Liberty,G,37,30,6,5
2024,2024-07-16,Kayla Thornton,Liberty,F,24,7,4,0
2024,2024-07-16,Nyara Sabally,Liberty,F,7,2,3,2
2024,2024-07-16,Ivana Dojkic,Liberty,G,21,7,3,1
2024,2024-07-16,Nneka Ogwumike,Storm,F,36,23,10,4
2024,2024-07-16,Ezi Magbegor,Storm,F,31,6,6,1
2024,2024-07-16,Jordan Horston,Storm,F,33,14,8,1
2024,2024-07-16,Skylar Diggins,Storm,G,30,8,3,5
2024,2024-07-16,Jewell Loyd,Storm,G,36,30,6,7
2024,2024-07-16,Joyner Holmes,Storm,F,7,0,0,0
2024,2024-07-16,Mercedes Russell,Storm,C,7,2,1,1
2024,2024-07-16,Sami Whitcomb,Storm,G,13,3,1,1
2024,2024-07-16,Victoria Vivians,Storm,G,8,3,0,1
2024,2024-07-16,Dearica Hamby,Sparks,F,30,15,9,3
2024,2024-07-16,Azura Stevens,Sparks,F,36,24,15,1
2024,2024-07-16,Rickea Jackson,Sparks,F,38,16,6,4
2024,2024-07-16,Kia Nurse,Sparks,G,14,0,1,1
2024,2024-07-16,Aari McDonald,Sparks,G,22,8,0,4
2024,2024-07-16,Layshia Clarendon,Sparks,G,24,2,3,6
2024,2024-07-16,Crystal Dangerfield,Sparks,G,3,0,0,0
2024,2024-07-16,Rae Burrell,Sparks,G,32,18,3,1
2024,2024-07-16,Brittney Griner,Mercury,C,29,23,7,1
2024,2024-07-16,Diana Taurasi,Mercury,G,28,18,3,5
2024,2024-07-16,Natasha Cloud,Mercury,G,36,12,9,10
2024,2024-07-16,Kahleah Copper,Mercury,G,33,22,7,1
2024,2024-07-16,Rebecca Allen,Mercury,G,16,5,1,1
2024,2024-07-16,Mikiah Herbert Harrigan,Mercury,F,10,0,1,0
2024,2024-07-16,Natasha Mack,Mercury,F,11,4,2,2
2024,2024-07-16,Sophie Cunningham,Mercury,G,25,11,1,2
2024,2024-07-16,Celeste Taylor,Mercury,G,12,1,0,0
2024,2024-07-16,Myisha Hines-Allen,Mystics,F,31,18,12,5
2024,2024-07-16,Stefanie Dolson,Mystics,C,33,8,8,5
2024,2024-07-16,Julie Vanloo,Mystics,G,33,17,2,5
2024,2024-07-16,Shatori Walker-Kimbrough,Mystics,G,37,15,2,5
2024,2024-07-16,Ariel Atkins,Mystics,G,36,14,4,6
2024,2024-07-16,Emily Engstler,Mystics,F,3,3,0,0
2024,2024-07-16,Aaliyah Edwards,Mystics,F,13,10,5,0
2024,2024-07-16,Jade Melbourne,Mystics,G,14,2,0,2
2024,2024-07-14,Naz Hillmon,Dream,F,21,0,3,2
2024,2024-07-14,Tina Charles,Dream,C,19,12,2,2
2024,2024-07-14,Allisha Gray,Dream,G,28,12,1,3
2024,2024-07-14,Maya Caldwell,Dream,G,32,19,5,4
2024,2024-07-14,Haley Jones,Dream,G,27,2,7,1
2024,2024-07-14,Cheyenne Parker-Tyus,Dream,F,22,8,8,3
2024,2024-07-14,Nia Coffey,Dream,F,17,3,3,0
2024,2024-07-14,Lorela Cubaj,Dream,F,2,0,0,0
2024,2024-07-14,Aerial Powers,Dream,G,20,14,8,2
2024,2024-07-14,Destanni Henderson,Dream,G,13,0,2,1
2024,2024-07-14,Nneka Ogwumike,Storm,F,32,10,12,4
2024,2024-07-14,Ezi Magbegor,Storm,F,32,18,5,1
2024,2024-07-14,Jordan Horston,Storm,F,31,16,5,3
2024,2024-07-14,Skylar Diggins,Storm,G,14,3,2,4
2024,2024-07-14,Jewell Loyd,Storm,G,33,14,0,7
2024,2024-07-14,Joyner Holmes,Storm,F,2,0,2,0
2024,2024-07-14,Mercedes Russell,Storm,C,13,2,2,1
2024,2024-07-14,Sami Whitcomb,Storm,G,24,13,4,4
2024,2024-07-14,Victoria Vivians,Storm,G,13,5,1,1
2024,2024-07-14,Kiana Williams,Storm,G,5,0,2,2
2024,2024-07-14,Nika Muhl,Storm,G,2,0,0,0
2024,2024-07-14,Katie Lou Samuelson,Fever,F,30,8,3,4
2024,2024-07-14,NaLyssa Smith,Fever,F,23,11,2,3
2024,2024-07-14,Aliyah Boston,Fever,C,35,17,16,2
2024,2024-07-14,Kelsey Mitchell,Fever,G,35,21,4,3
2024,2024-07-14,Caitlin Clark,Fever,G,37,17,3,6
2024,2024-07-14,Damiris Dantas,Fever,C,5,5,3,0
2024,2024-07-14,Erica Wheeler,Fever,G,11,0,1,0
2024,2024-07-14,Lexie Hull,Fever,G,24,2,2,1
2024,2024-07-14,Bridget Carleton,Lynx,F,38,17,7,6
2024,2024-07-14,Alanna Smith,Lynx,F,27,18,8,2
2024,2024-07-14,Dorka Juhasz,Lynx,F,27,8,6,0
2024,2024-07-14,Kayla McBride,Lynx,G,33,11,2,3
2024,2024-07-14,Courtney Williams,Lynx,G,34,10,4,7
2024,2024-07-14,Cecilia Zandalasini,Lynx,F,24,10,6,0
2024,2024-07-14,Sika Kone,Lynx,F,5,0,1,0
2024,2024-07-14,Natisha Hiedeman,Lynx,G,12,0,0,2
2024,2024-07-14,Kiah Stokes,Aces,C,14,0,5,0
2024,2024-07-14,A'ja Wilson,Aces,C,36,28,17,1
2024,2024-07-14,Chelsea Gray,Aces,G,20,2,2,6
2024,2024-07-14,Kelsey Plum,Aces,G,33,22,1,3
2024,2024-07-14,Jackie Young,Aces,G,35,7,3,5
2024,2024-07-14,Alysha Clark,Aces,F,19,8,4,2
2024,2024-07-14,Megan Gustafson,Aces,C,9,2,3,0
2024,2024-07-14,Tiffany Hayes,Aces,G,26,17,4,5
2024,2024-07-14,Kate Martin,Aces,G,9,3,2,2
2024,2024-07-14,Myisha Hines-Allen,Mystics,F,24,6,5,6
2024,2024-07-14,Stefanie Dolson,Mystics,C,28,5,6,3
2024,2024-07-14,Julie Vanloo,Mystics,G,33,9,1,7
2024,2024-07-14,Ariel Atkins,Mystics,G,35,36,4,2
2024,2024-07-14,DiDi Richards,Mystics,G,9,2,3,0
2024,2024-07-14,Emily Engstler,Mystics,F,8,4,4,0
2024,2024-07-14,Aaliyah Edwards,Mystics,F,19,6,4,2
2024,2024-07-14,Shatori Walker-Kimbrough,Mystics,G,31,9,3,0
2024,2024-07-14,Jakia Brown-Turner,Mystics,G,0,0,0,0
2024,2024-07-14,Jade Melbourne,Mystics,G,11,0,1,1
2024,2024-07-14,Brittney Griner,Mercury,C,31,16,9,0
2024,2024-07-14,Diana Taurasi,Mercury,G,25,6,6,1
2024,2024-07-14,Natasha Cloud,Mercury,G,31,10,0,6
2024,2024-07-14,Kahleah Copper,Mercury,G,35,17,6,2
2024,2024-07-14,Rebecca Allen,Mercury,G,25,6,5,3
2024,2024-07-14,Mikiah Herbert Harrigan,Mercury,F,9,1,2,0
2024,2024-07-14,Natasha Mack,Mercury,F,9,4,2,1
2024,2024-07-14,Sophie Cunningham,Mercury,G,25,7,3,3
2024,2024-07-14,Celeste Taylor,Mercury,G,10,2,0,0
2024,2024-07-14,DeWanna Bonner,Sun,F,27,17,5,4
2024,2024-07-14,Alyssa Thomas,Sun,F,23,6,5,3
2024,2024-07-14,Brionna Jones,Sun,F,25,16,8,3
2024,2024-07-14,Tyasha Harris,Sun,G,32,8,7,7
2024,2024-07-14,DiJonai Carrington,Sun,G,34,12,11,4
2024,2024-07-14,Astou Ndour-Fall,Sun,C,3,0,1,0
2024,2024-07-14,Olivia Nelson-Ododa,Sun,C,15,8,1,0
2024,2024-07-14,Rachel Banham,Sun,G,23,24,2,1
2024,2024-07-14,Tiffany Mitchell,Sun,G,10,4,3,1
2024,2024-07-14,Veronica Burton,Sun,G,8,1,1,3
2024,2024-07-13,Dearica Hamby,Sparks,F,36,27,4,5
2024,2024-07-13,Azura Stevens,Sparks,F,38,16,8,4
2024,2024-07-13,Rickea Jackson,Sparks,F,29,23,7,2
2024,2024-07-13,Kia Nurse,Sparks,G,25,3,2,1
2024,2024-07-13,Aari McDonald,Sparks,G,28,12,3,4
2024,2024-07-13,Stephanie Talbot,Sparks,F,13,2,2,4
2024,2024-07-13,Layshia Clarendon,Sparks,G,14,2,0,1
2024,2024-07-13,Rae Burrell,Sparks,G,8,2,1,3
2024,2024-07-13,Zia Cooke,Sparks,G,9,0,2,0
2024,2024-07-13,Natasha Howard,Wings,F,36,14,7,4
2024,2024-07-13,Teaira McCowan,Wings,C,17,10,6,1
2024,2024-07-13,Odyssey Sims,Wings,G,39,23,5,5
2024,2024-07-13,Arike Ogunbowale,Wings,G,38,12,3,4
2024,2024-07-13,Jacy Sheldon,Wings,G,35,6,5,2
2024,2024-07-13,Monique Billings,Wings,F,4,0,1,0
2024,2024-07-13,Kalani Brown,Wings,C,23,13,6,2
2024,2024-07-13,Sevgi Uzun,Wings,G,9,3,0,0
2024,2024-07-13,Leonie Fiebich,Liberty,F,31,13,6,2
2024,2024-07-13,Jonquel Jones,Liberty,C,34,14,9,7
2024,2024-07-13,Courtney Vandersloot,Liberty,G,15,1,2,3
2024,2024-07-13,Kennedy Burke,Liberty,G,31,7,3,2
2024,2024-07-13,Sabrina Ionescu,Liberty,G,34,28,3,6
2024,2024-07-13,Kayla Thornton,Liberty,F,25,0,1,1
2024,2024-07-13,Nyara Sabally,Liberty,F,13,6,2,0
2024,2024-07-13,Ivana Dojkic,Liberty,G,18,12,2,0
2024,2024-07-13,Angel Reese,Sky,F,36,8,16,1
2024,2024-07-13,Kamilla Cardoso,Sky,C,34,6,5,0
2024,2024-07-13,Lindsay Allen,Sky,G,32,8,2,4
2024,2024-07-13,Marina Mabrey,Sky,G,38,21,12,7
2024,2024-07-13,Chennedy Carter,Sky,G,16,7,3,0
2024,2024-07-13,Isabelle Harrison,Sky,F,9,0,0,0
2024,2024-07-13,Michaela Onyenwere,Sky,F,20,14,2,0
2024,2024-07-13,Diamond DeShields,Sky,G,7,0,1,1
2024,2024-07-13,Dana Evans,Sky,G,8,3,0,2
2024,2024-07-12,Bridget Carleton,Lynx,F,30,2,3,1
2024,2024-07-12,Alanna Smith,Lynx,F,29,2,3,5
2024,2024-07-12,Dorka Juhasz,Lynx,F,20,4,7,1
2024,2024-07-12,Kayla McBride,Lynx,G,25,27,1,1
2024,2024-07-12,Courtney Williams,Lynx,G,17,6,3,3
2024,2024-07-12,Cecilia Zandalasini,Lynx,F,12,7,2,1
2024,2024-07-12,Diamond Miller,Lynx,F,23,4,4,0
2024,2024-07-12,Sika Kone,Lynx,F,11,5,2,0
2024,2024-07-12,Alissa Pili,Lynx,F,10,2,4,0
2024,2024-07-12,Natisha Hiedeman,Lynx,G,23,4,2,2
2024,2024-07-12,Nneka Ogwumike,Storm,F,24,26,7,3
2024,2024-07-12,Ezi Magbegor,Storm,F,28,10,8,2
2024,2024-07-12,Jordan Horston,Storm,F,22,4,2,2
2024,2024-07-12,Skylar Diggins,Storm,G,28,10,5,12
2024,2024-07-12,Jewell Loyd,Storm,G,27,14,2,5
2024,2024-07-12,Joyner Holmes,Storm,F,10,3,5,2
2024,2024-07-12,Mercedes Russell,Storm,C,17,2,2,0
2024,2024-07-12,Sami Whitcomb,Storm,G,20,14,0,1
2024,2024-07-12,Victoria Vivians,Storm,G,18,8,8,2
2024,2024-07-12,Nika Muhl,Storm,G,6,0,0,0
2024,2024-07-12,Kiah Stokes,Aces,C,14,0,2,0
2024,2024-07-12,A'ja Wilson,Aces,C,37,33,18,1
2024,2024-07-12,Chelsea Gray,Aces,G,31,5,3,5
2024,2024-07-12,Kelsey Plum,Aces,G,33,15,5,7
2024,2024-07-12,Jackie Young,Aces,G,35,19,4,6
2024,2024-07-12,Alysha Clark,Aces,F,21,3,2,2
2024,2024-07-12,Tiffany Hayes,Aces,G,19,3,0,1
2024,2024-07-12,Kate Martin,Aces,G,11,6,2,0
2024,2024-07-12,Naz Hillmon,Dream,F,18,2,9,1
2024,2024-07-12,Tina Charles,Dream,C,26,12,12,1
2024,2024-07-12,Allisha Gray,Dream,G,38,11,7,4
2024,2024-07-12,Maya Caldwell,Dream,G,29,13,3,0
2024,2024-07-12,Haley Jones,Dream,G,27,3,1,2
2024,2024-07-12,Cheyenne Parker-Tyus,Dream,F,21,17,7,0
2024,2024-07-12,Nia Coffey,Dream,F,15,4,5,3
2024,2024-07-12,Destanni Henderson,Dream,G,26,8,3,5
2024,2024-07-12,Mikiah Herbert Harrigan,Mercury,F,38,10,7,2
2024,2024-07-12,Brittney Griner,Mercury,C,11,4,0,1
2024,2024-07-12,Kahleah Copper,Mercury,G,35,36,1,1
2024,2024-07-12,Rebecca Allen,Mercury,G,25,4,4,3
2024,2024-07-12,Sophie Cunningham,Mercury,G,36,21,6,4
2024,2024-07-12,Natasha Mack,Mercury,F,31,10,9,2
2024,2024-07-12,Celeste Taylor,Mercury,G,24,1,3,5
2024,2024-07-12,Katie Lou Samuelson,Fever,F,27,6,5,2
2024,2024-07-12,NaLyssa Smith,Fever,F,35,14,10,0
2024,2024-07-12,Aliyah Boston,Fever,C,33,21,13,5
2024,2024-07-12,Kelsey Mitchell,Fever,G,33,28,3,0
2024,2024-07-12,Caitlin Clark,Fever,G,38,20,6,13
2024,2024-07-12,Damiris Dantas,Fever,C,5,0,0,1
2024,2024-07-12,Erica Wheeler,Fever,G,9,2,0,1
2024,2024-07-12,Lexie Hull,Fever,G,20,4,5,1
2024,2024-07-11,Angel Reese,Sky,F,30,10,10,1
2024,2024-07-11,Kamilla Cardoso,Sky,C,20,8,7,1
2024,2024-07-11,Lindsay Allen,Sky,G,33,5,2,7
2024,2024-07-11,Marina Mabrey,Sky,G,36,15,3,6
2024,2024-07-11,Chennedy Carter,Sky,G,32,22,1,5
2024,2024-07-11,Isabelle Harrison,Sky,F,28,12,12,2
2024,2024-07-11,Brianna Turner,Sky,F,2,0,1,0
2024,2024-07-11,Michaela Onyenwere,Sky,F,2,4,0,0
2024,2024-07-11,Diamond DeShields,Sky,G,9,0,0,1
2024,2024-07-11,Dana Evans,Sky,G,7,0,0,0
2024,2024-07-11,Breanna Stewart,Liberty,F,32,19,4,6
2024,2024-07-11,Leonie Fiebich,Liberty,F,32,13,4,4
2024,2024-07-11,Jonquel Jones,Liberty,C,33,18,13,3
2024,2024-07-11,Courtney Vandersloot,Liberty,G,18,2,0,6
2024,2024-07-11,Sabrina Ionescu,Liberty,G,34,21,6,4
2024,2024-07-11,Kayla Thornton,Liberty,F,28,16,1,0
2024,2024-07-11,Nyara Sabally,Liberty,F,7,2,2,0
2024,2024-07-11,Kennedy Burke,Liberty,G,6,0,0,2
2024,2024-07-11,Jaylyn Sherrod,Liberty,G,2,0,0,0
2024,2024-07-11,Marquesha Davis,Liberty,G,2,0,0,0
2024,2024-07-11,Ivana Dojkic,Liberty,G,5,0,0,0
2024,2024-07-10,Natasha Howard,Wings,F,32,19,5,2
2024,2024-07-10,Teaira McCowan,Wings,C,28,15,10,1
2024,2024-07-10,Odyssey Sims,Wings,G,37,19,2,4
2024,2024-07-10,Arike Ogunbowale,Wings,G,38,13,2,13
2024,2024-07-10,Jacy Sheldon,Wings,G,29,4,2,1
2024,2024-07-10,Monique Billings,Wings,F,14,8,3,1
2024,2024-07-10,Kalani Brown,Wings,C,11,6,1,1
2024,2024-07-10,Stephanie Soares,Wings,C,2,0,1,0
2024,2024-07-10,Lou Lopez Senechal,Wings,G,4,0,0,1
2024,2024-07-10,Sevgi Uzun,Wings,G,5,0,0,1
2024,2024-07-10,Mikiah Herbert Harrigan,Mercury,F,25,12,2,1
2024,2024-07-10,Brittney Griner,Mercury,C,31,23,4,4
2024,2024-07-10,Natasha Cloud,Mercury,G,35,14,3,6
2024,2024-07-10,Kahleah Copper,Mercury,G,34,32,5,4
2024,2024-07-10,Rebecca Allen,Mercury,G,21,8,1,0
2024,2024-07-10,Natasha Mack,Mercury,F,10,4,3,3
2024,2024-07-10,Liz Dixon,Mercury,F,4,0,1,0
2024,2024-07-10,Sophie Cunningham,Mercury,G,29,7,3,4
2024,2024-07-10,Sug Sutton,Mercury,G,12,0,0,2
2024,2024-07-10,Kiah Stokes,Aces,C,17,0,7,1
2024,2024-07-10,A'ja Wilson,Aces,C,35,24,20,2
2024,2024-07-10,Chelsea Gray,Aces,G,34,11,0,6
2024,2024-07-10,Kelsey Plum,Aces,G,34,13,2,4
2024,2024-07-10,Jackie Young,Aces,G,34,27,5,4
2024,2024-07-10,Alysha Clark,Aces,F,28,5,3,1
2024,2024-07-10,Tiffany Hayes,Aces,G,12,4,1,1
2024,2024-07-10,Kate Martin,Aces,G,6,0,0,2
2024,2024-07-10,Nneka Ogwumike,Storm,F,35,9,8,2
2024,2024-07-10,Ezi Magbegor,Storm,F,36,10,10,3
2024,2024-07-10,Jordan Horston,Storm,F,27,2,7,2
2024,2024-07-10,Skylar Diggins,Storm,G,38,16,4,8
2024,2024-07-10,Jewell Loyd,Storm,G,35,28,3,3
2024,2024-07-10,Joyner Holmes,Storm,F,9,8,2,1
2024,2024-07-10,Sami Whitcomb,Storm,G,7,4,1,0
2024,2024-07-10,Victoria Vivians,Storm,G,13,2,5,0
2024,2024-07-10,Myisha Hines-Allen,Mystics,F,21,2,9,3
2024,2024-07-10,Stefanie Dolson,Mystics,C,29,13,5,6
2024,2024-07-10,Julie Vanloo,Mystics,G,28,13,2,2
2024,2024-07-10,Ariel Atkins,Mystics,G,32,26,3,3
2024,2024-07-10,DiDi Richards,Mystics,G,9,0,2,0
2024,2024-07-10,Emily Engstler,Mystics,F,8,4,1,0
2024,2024-07-10,Aaliyah Edwards,Mystics,F,21,12,6,4
2024,2024-07-10,Shatori Walker-Kimbrough,Mystics,G,30,10,0,3
2024,2024-07-10,Jade Melbourne,Mystics,G,21,9,3,2
2024,2024-07-10,Katie Lou Samuelson,Fever,F,33,8,9,0
2024,2024-07-10,Aliyah Boston,Fever,C,21,6,6,0
2024,2024-07-10,Kelsey Mitchell,Fever,G,38,15,3,2
2024,2024-07-10,Lexie Hull,Fever,G,20,5,2,2
2024,2024-07-10,Caitlin Clark,Fever,G,38,29,5,13
2024,2024-07-10,NaLyssa Smith,Fever,F,27,11,2,1
2024,2024-07-10,Damiris Dantas,Fever,C,9,2,1,0
2024,2024-07-10,Erica Wheeler,Fever,G,11,6,1,0
2024,2024-07-10,Kristy Wallace,Fever,G,4,2,0,0
2024,2024-07-10,Nia Coffey,Dream,F,12,0,2,3
2024,2024-07-10,Tina Charles,Dream,C,25,9,4,2
2024,2024-07-10,Allisha Gray,Dream,G,37,20,6,1
2024,2024-07-10,Maya Caldwell,Dream,G,28,6,2,4
2024,2024-07-10,Haley Jones,Dream,G,34,12,7,3
2024,2024-07-10,Cheyenne Parker-Tyus,Dream,F,24,5,8,3
2024,2024-07-10,Naz Hillmon,Dream,F,19,12,6,1
2024,2024-07-10,Destanni Henderson,Dream,G,21,5,1,2
2024,2024-07-10,Angel Reese,Sky,F,30,11,13,2
2024,2024-07-10,Kamilla Cardoso,Sky,C,31,10,11,1
2024,2024-07-10,Lindsay Allen,Sky,G,23,5,1,3
2024,2024-07-10,Marina Mabrey,Sky,G,32,9,2,5
2024,2024-07-10,Chennedy Carter,Sky,G,34,19,5,5
2024,2024-07-10,Isabelle Harrison,Sky,F,14,6,6,1
2024,2024-07-10,Brianna Turner,Sky,F,6,0,1,0
2024,2024-07-10,Michaela Onyenwere,Sky,F,11,7,2,2
2024,2024-07-10,Diamond DeShields,Sky,G,4,2,0,0
2024,2024-07-10,Dana Evans,Sky,G,17,9,2,3
2024,2024-07-10,Breanna Stewart,Liberty,F,34,18,14,2
2024,2024-07-10,Leonie Fiebich,Liberty,F,33,5,2,5
2024,2024-07-10,Jonquel Jones,Liberty,C,35,8,11,3
2024,2024-07-10,Courtney Vandersloot,Liberty,G,34,11,0,3
2024,2024-07-10,Sabrina Ionescu,Liberty,G,35,21,5,5
2024,2024-07-10,Kayla Thornton,Liberty,F,18,4,0,2
2024,2024-07-10,Kennedy Burke,Liberty,G,10,4,1,2
2024,2024-07-10,DeWanna Bonner,Sun,F,40,22,9,3
2024,2024-07-10,Alyssa Thomas,Sun,F,37,3,9,8
2024,2024-07-10,Brionna Jones,Sun,F,35,17,8,2
2024,2024-07-10,Tyasha Harris,Sun,G,29,11,1,3
2024,2024-07-10,DiJonai Carrington,Sun,G,23,8,5,0
2024,2024-07-10,Rachel Banham,Sun,G,7,3,0,0
2024,2024-07-10,Tiffany Mitchell,Sun,G,17,4,1,1
2024,2024-07-10,Veronica Burton,Sun,G,11,0,2,2
2024,2024-07-09,Bridget Carleton,Lynx,F,28,16,4,3
2024,2024-07-09,Alanna Smith,Lynx,F,21,6,6,3
2024,2024-07-09,Dorka Juhasz,Lynx,F,32,15,6,2
2024,2024-07-09,Kayla McBride,Lynx,G,25,11,1,4
2024,2024-07-09,Courtney Williams,Lynx,G,20,4,2,5
2024,2024-07-09,Cecilia Zandalasini,Lynx,F,18,11,1,3
2024,2024-07-09,Diamond Miller,Lynx,F,14,6,1,1
2024,2024-07-09,Sika Kone,Lynx,F,7,1,1,0
2024,2024-07-09,Alissa Pili,Lynx,F,16,7,4,1
2024,2024-07-09,Natisha Hiedeman,Lynx,G,19,5,1,1
2024,2024-07-09,Dearica Hamby,Sparks,F,37,18,8,2
2024,2024-07-09,Azura Stevens,Sparks,F,28,9,6,4
2024,2024-07-09,Rickea Jackson,Sparks,F,24,6,1,0
2024,2024-07-09,Kia Nurse,Sparks,G,21,5,2,1
2024,2024-07-09,Aari McDonald,Sparks,G,15,4,3,4
2024,2024-07-09,Li Yueru,Sparks,C,13,4,4,0
2024,2024-07-09,Layshia Clarendon,Sparks,G,26,8,2,4
2024,2024-07-09,Crystal Dangerfield,Sparks,G,3,2,0,0
2024,2024-07-09,Rae Burrell,Sparks,G,21,6,3,1
2024,2024-07-09,Zia Cooke,Sparks,G,12,5,0,1
2024,2024-07-07,Mikiah Herbert Harrigan,Mercury,F,29,6,3,0
2024,2024-07-07,Brittney Griner,Mercury,C,33,9,7,3
2024,2024-07-07,Natasha Cloud,Mercury,G,37,31,9,5
2024,2024-07-07,Kahleah Copper,Mercury,G,35,25,10,5
2024,2024-07-07,Sophie Cunningham,Mercury,G,38,8,3,2
2024,2024-07-07,Natasha Mack,Mercury,F,10,2,5,0
2024,2024-07-07,Liz Dixon,Mercury,F,4,2,1,0
2024,2024-07-07,Sug Sutton,Mercury,G,15,1,0,1
2024,2024-07-07,Dearica Hamby,Sparks,F,36,25,9,1
2024,2024-07-07,Stephanie Talbot,Sparks,F,6,2,1,1
2024,2024-07-07,Rickea Jackson,Sparks,F,37,22,6,3
2024,2024-07-07,Kia Nurse,Sparks,G,17,2,3,2
2024,2024-07-07,Aari McDonald,Sparks,G,25,4,2,6
2024,2024-07-07,Azura Stevens,Sparks,F,26,10,6,4
2024,2024-07-07,Li Yueru,Sparks,C,4,0,0,0
2024,2024-07-07,Layshia Clarendon,Sparks,G,14,4,1,5
2024,2024-07-07,Crystal Dangerfield,Sparks,G,6,0,0,0
2024,2024-07-07,Rae Burrell,Sparks,G,16,4,1,2
2024,2024-07-07,Zia Cooke,Sparks,G,14,5,0,1
2024,2024-07-07,Angel Reese,Sky,F,40,17,14,0
2024,2024-07-07,Kamilla Cardoso,Sky,C,20,6,8,1
2024,2024-07-07,Lindsay Allen,Sky,G,26,2,0,6
2024,2024-07-07,Marina Mabrey,Sky,G,31,14,5,6
2024,2024-07-07,Chennedy Carter,Sky,G,35,21,4,1
2024,2024-07-07,Isabelle Harrison,Sky,F,20,11,4,1
2024,2024-07-07,Diamond DeShields,Sky,G,14,0,1,2
2024,2024-07-07,Dana Evans,Sky,G,14,0,2,3
2024,2024-07-07,Nneka Ogwumike,Storm,F,36,24,13,2
2024,2024-07-07,Ezi Magbegor,Storm,F,36,13,13,4
2024,2024-07-07,Jordan Horston,Storm,F,33,4,4,4
2024,2024-07-07,Skylar Diggins,Storm,G,33,15,3,8
2024,2024-07-07,Jewell Loyd,Storm,G,37,20,2,4
2024,2024-07-07,Mercedes Russell,Storm,C,8,2,0,1
2024,2024-07-07,Sami Whitcomb,Storm,G,17,6,1,1
2024,2024-07-07,Natasha Howard,Wings,F,26,14,8,4
2024,2024-07-07,Teaira McCowan,Wings,C,23,9,4,0
2024,2024-07-07,Odyssey Sims,Wings,G,34,25,4,5
2024,2024-07-07,Arike Ogunbowale,Wings,G,37,13,6,4
2024,2024-07-07,Jacy Sheldon,Wings,G,33,6,3,3
2024,2024-07-07,Monique Billings,Wings,F,17,8,3,1
2024,2024-07-07,Kalani Brown,Wings,C,13,6,6,1
2024,2024-07-07,Stephanie Soares,Wings,C,5,3,0,0
2024,2024-07-07,Sevgi Uzun,Wings,G,12,1,3,1
2024,2024-07-07,Alysha Clark,Aces,F,29,6,7,4
2024,2024-07-07,A'ja Wilson,Aces,C,31,28,10,2
2024,2024-07-07,Chelsea Gray,Aces,G,26,12,4,3
2024,2024-07-07,Kelsey Plum,Aces,G,31,23,1,3
2024,2024-07-07,Jackie Young,Aces,G,29,18,6,5
2024,2024-07-07,Kierstan Bell,Aces,F,2,0,0,0
2024,2024-07-07,Megan Gustafson,Aces,C,17,4,6,0
2024,2024-07-07,Sydney Colson,Aces,G,2,0,0,0
2024,2024-07-07,Tiffany Hayes,Aces,G,21,7,3,4
2024,2024-07-07,Kate Martin,Aces,G,11,6,3,2
2024,2024-07-07,Nia Coffey,Dream,F,29,11,3,1
2024,2024-07-07,Tina Charles,Dream,C,23,13,3,4
2024,2024-07-07,Allisha Gray,Dream,G,21,19,3,2
2024,2024-07-07,Maya Caldwell,Dream,G,30,5,3,2
2024,2024-07-07,Haley Jones,Dream,G,21,2,0,0
2024,2024-07-07,Lorela Cubaj,Dream,F,17,4,3,2
2024,2024-07-07,Naz Hillmon,Dream,F,25,3,5,2
2024,2024-07-07,Laeticia Amihere,Dream,F,15,6,8,0
2024,2024-07-07,Destanni Henderson,Dream,G,19,4,3,3
2024,2024-07-07,DeWanna Bonner,Sun,F,31,23,4,1
2024,2024-07-07,Alyssa Thomas,Sun,F,25,7,7,9
2024,2024-07-07,Brionna Jones,Sun,F,22,11,4,3
2024,2024-07-07,Tyasha Harris,Sun,G,22,8,1,0
2024,2024-07-07,DiJonai Carrington,Sun,G,24,9,6,3
2024,2024-07-07,Astou Ndour-Fall,Sun,C,6,2,2,0
2024,2024-07-07,Olivia Nelson-Ododa,Sun,C,18,4,4,0
2024,2024-07-07,Rachel Banham,Sun,G,9,0,0,2
2024,2024-07-07,Tiffany Mitchell,Sun,G,21,13,3,1
2024,2024-07-07,Veronica Burton,Sun,G,23,3,5,1
2024,2024-07-06,Myisha Hines-Allen,Mystics,F,28,11,11,6
2024,2024-07-06,Stefanie Dolson,Mystics,C,26,10,5,1
2024,2024-07-06,Julie Vanloo,Mystics,G,25,0,1,4
2024,2024-07-06,Ariel Atkins,Mystics,G,34,15,3,4
2024,2024-07-06,DiDi Richards,Mystics,G,16,2,2,0
2024,2024-07-06,Aaliyah Edwards,Mystics,F,21,10,2,0
2024,2024-07-06,Shatori Walker-Kimbrough,Mystics,G,33,15,4,2
2024,2024-07-06,Jade Melbourne,Mystics,G,16,4,4,2
2024,2024-07-06,Bridget Carleton,Lynx,F,31,13,6,1
2024,2024-07-06,Alanna Smith,Lynx,F,29,7,8,3
2024,2024-07-06,Dorka Juhasz,Lynx,F,23,2,11,0
2024,2024-07-06,Kayla McBride,Lynx,G,34,17,1,3
2024,2024-07-06,Courtney Williams,Lynx,G,33,17,6,7
2024,2024-07-06,Cecilia Zandalasini,Lynx,F,17,10,3,2
2024,2024-07-06,Diamond Miller,Lynx,F,11,5,1,2
2024,2024-07-06,Sika Kone,Lynx,F,2,0,1,0
2024,2024-07-06,Alissa Pili,Lynx,F,10,3,1,1
2024,2024-07-06,Natisha Hiedeman,Lynx,G,10,0,0,1
2024,2024-07-06,Breanna Stewart,Liberty,F,36,14,6,6
2024,2024-07-06,Jonquel Jones,Liberty,C,31,6,12,2
2024,2024-07-06,Courtney Vandersloot,Liberty,G,14,2,1,2
2024,2024-07-06,Betnijah Laney-Hamilton,Liberty,G,38,20,4,4
2024,2024-07-06,Sabrina Ionescu,Liberty,G,35,22,3,4
2024,2024-07-06,Kayla Thornton,Liberty,F,28,7,4,1
2024,2024-07-06,Leonie Fiebich,Liberty,F,6,2,0,1
2024,2024-07-06,Kennedy Burke,Liberty,G,13,5,1,0
2024,2024-07-06,Katie Lou Samuelson,Fever,F,26,5,2,1
2024,2024-07-06,NaLyssa Smith,Fever,F,29,12,11,0
2024,2024-07-06,Aliyah Boston,Fever,C,33,18,8,2
2024,2024-07-06,Kelsey Mitchell,Fever,G,36,14,4,2
2024,2024-07-06,Caitlin Clark,Fever,G,38,19,12,13
2024,2024-07-06,Damiris Dantas,Fever,C,7,7,0,0
2024,2024-07-06,Erica Wheeler,Fever,G,6,2,0,0
2024,2024-07-06,Kristy Wallace,Fever,G,6,0,2,1
2024,2024-07-06,Lexie Hull,Fever,G,19,6,2,1
2024,2024-07-05,Kiah Stokes,Aces,C,24,2,6,0
2024,2024-07-05,A'ja Wilson,Aces,C,41,35,12,3
2024,2024-07-05,Chelsea Gray,Aces,G,29,3,3,6
2024,2024-07-05,Kelsey Plum,Aces,G,40,21,4,2
2024,2024-07-05,Jackie Young,Aces,G,37,18,7,3
2024,2024-07-05,Alysha Clark,Aces,F,22,4,5,6
2024,2024-07-05,Megan Gustafson,Aces,C,4,2,1,0
2024,2024-07-05,Sydney Colson,Aces,G,1,0,0,1
2024,2024-07-05,Tiffany Hayes,Aces,G,10,2,2,1
2024,2024-07-05,Kate Martin,Aces,G,17,6,3,2
2024,2024-07-05,Dearica Hamby,Sparks,F,37,28,14,4
2024,2024-07-05,Stephanie Talbot,Sparks,F,39,13,5,9
2024,2024-07-05,Rickea Jackson,Sparks,F,41,14,6,3
2024,2024-07-05,Kia Nurse,Sparks,G,11,0,1,1
2024,2024-07-05,Aari McDonald,Sparks,G,40,23,5,3
2024,2024-07-05,Li Yueru,Sparks,C,13,5,4,0
2024,2024-07-05,Layshia Clarendon,Sparks,G,9,6,3,1
2024,2024-07-05,Rae Burrell,Sparks,G,32,9,1,2
2024,2024-07-05,Zia Cooke,Sparks,G,3,0,0,0
2024,2024-07-05,Angel Reese,Sky,F,31,27,10,2
2024,2024-07-05,Kamilla Cardoso,Sky,C,34,9,8,1
2024,2024-07-05,Lindsay Allen,Sky,G,31,5,2,1
2024,2024-07-05,Marina Mabrey,Sky,G,29,8,4,7
2024,2024-07-05,Chennedy Carter,Sky,G,36,33,4,3
2024,2024-07-05,Isabelle Harrison,Sky,F,12,2,4,3
2024,2024-07-05,Brianna Turner,Sky,F,3,0,0,0
2024,2024-07-05,Diamond DeShields,Sky,G,15,4,5,1
2024,2024-07-05,Dana Evans,Sky,G,9,0,0,3
2024,2024-07-05,Nneka Ogwumike,Storm,F,34,16,3,4
2024,2024-07-05,Ezi Magbegor,Storm,F,32,13,8,1
2024,2024-07-05,Jordan Horston,Storm,F,33,20,6,0
2024,2024-07-05,Skylar Diggins,Storm,G,35,12,3,9
2024,2024-07-05,Jewell Loyd,Storm,G,37,13,2,5
2024,2024-07-05,Joyner Holmes,Storm,F,4,2,2,1
2024,2024-07-05,Mercedes Russell,Storm,C,10,8,1,1
2024,2024-07-05,Sami Whitcomb,Storm,G,14,0,1,3
2024,2024-07-05,Victoria Vivians,Storm,G,2,0,1,0
2024,2024-07-05,Nia Coffey,Dream,F,16,7,2,0
2024,2024-07-05,Tina Charles,Dream,C,31,12,8,2
2024,2024-07-05,Allisha Gray,Dream,G,37,19,7,8
2024,2024-07-05,Maya Caldwell,Dream,G,32,11,1,3
2024,2024-07-05,Haley Jones,Dream,G,35,16,1,4
2024,2024-07-05,Cheyenne Parker-Tyus,Dream,F,24,8,5,5
2024,2024-07-05,Lorela Cubaj,Dream,F,3,0,1,0
2024,2024-07-05,Naz Hillmon,Dream,F,13,7,3,1
2024,2024-07-05,Laeticia Amihere,Dream,F,3,0,0,0
2024,2024-07-05,Destanni Henderson,Dream,G,7,2,2,0
2024,2024-07-05,Natasha Howard,Wings,F,24,10,2,2
2024,2024-07-05,Teaira McCowan,Wings,C,28,16,11,4
2024,2024-07-05,Odyssey Sims,Wings,G,39,14,1,7
2024,2024-07-05,Arike Ogunbowale,Wings,G,39,19,5,4
2024,2024-07-05,Jacy Sheldon,Wings,G,35,17,2,3
2024,2024-07-05,Monique Billings,Wings,F,17,9,3,0
2024,2024-07-05,Kalani Brown,Wings,C,10,0,2,0
2024,2024-07-05,Lou Lopez Senechal,Wings,G,1,0,0,0
2024,2024-07-05,Sevgi Uzun,Wings,G,6,0,1,1
2024,2024-07-04,Myisha Hines-Allen,Mystics,F,19,6,5,4
2024,2024-07-04,Aaliyah Edwards,Mystics,F,23,6,6,3
2024,2024-07-04,Julie Vanloo,Mystics,G,28,5,3,2
2024,2024-07-04,Ariel Atkins,Mystics,G,28,18,3,1
2024,2024-07-04,DiDi Richards,Mystics,G,22,3,1,1
2024,2024-07-04,Emily Engstler,Mystics,F,26,10,8,3
2024,2024-07-04,Shatori Walker-Kimbrough,Mystics,G,25,19,1,3
2024,2024-07-04,Jakia Brown-Turner,Mystics,G,8,2,1,0
2024,2024-07-04,Jade Melbourne,Mystics,G,21,8,0,6
2024,2024-07-04,Kiah Stokes,Aces,C,13,0,5,1
2024,2024-07-04,A'ja Wilson,Aces,C,26,18,9,4
2024,2024-07-04,Chelsea Gray,Aces,G,21,8,2,5
2024,2024-07-04,Kelsey Plum,Aces,G,25,28,1,3
2024,2024-07-04,Jackie Young,Aces,G,27,20,5,10
2024,2024-07-04,Alysha Clark,Aces,F,14,4,4,1
2024,2024-07-04,Kierstan Bell,Aces,F,7,5,1,0
2024,2024-07-04,Megan Gustafson,Aces,C,17,9,6,2
2024,2024-07-04,Sydney Colson,Aces,G,7,0,0,1
2024,2024-07-04,Tiffany Hayes,Aces,G,27,6,2,3
2024,2024-07-04,Kate Martin,Aces,G,15,0,1,1
2024,2024-07-04,DeWanna Bonner,Sun,F,36,24,9,1
2024,2024-07-04,Alyssa Thomas,Sun,F,40,13,10,14
2024,2024-07-04,Brionna Jones,Sun,F,25,7,5,3
2024,2024-07-04,DiJonai Carrington,Sun,G,34,17,6,1
2024,2024-07-04,Veronica Burton,Sun,G,29,9,2,3
2024,2024-07-04,Olivia Nelson-Ododa,Sun,C,7,2,1,0
2024,2024-07-04,Rachel Banham,Sun,G,11,2,2,1
2024,2024-07-04,Tiffany Mitchell,Sun,G,18,4,0,0
2024,2024-07-04,Bridget Carleton,Lynx,F,32,12,2,3
2024,2024-07-04,Alanna Smith,Lynx,F,30,14,4,2
2024,2024-07-04,Napheesa Collier,Lynx,F,25,9,6,1
2024,2024-07-04,Kayla McBride,Lynx,G,31,13,8,4
2024,2024-07-04,Courtney Williams,Lynx,G,28,12,2,6
2024,2024-07-04,Cecilia Zandalasini,Lynx,F,16,2,1,2
2024,2024-07-04,Dorka Juhasz,Lynx,F,16,6,1,1
2024,2024-07-04,Diamond Miller,Lynx,F,9,3,2,1
2024,2024-07-04,Natisha Hiedeman,Lynx,G,5,0,0,1
2024,2024-07-04,Olivia Epoupa,Lynx,G,7,2,2,2
2024,2024-07-03,Brittney Griner,Mercury,C,33,24,8,1
2024,2024-07-03,Diana Taurasi,Mercury,G,30,16,5,4
2024,2024-07-03,Natasha Cloud,Mercury,G,30,11,2,10
2024,2024-07-03,Kahleah Copper,Mercury,G,32,34,1,1
2024,2024-07-03,Rebecca Allen,Mercury,G,20,14,3,0
2024,2024-07-03,Mikiah Herbert Harrigan,Mercury,F,9,0,0,0
2024,2024-07-03,Natasha Mack,Mercury,F,7,0,2,0
2024,2024-07-03,Sophie Cunningham,Mercury,G,26,5,3,4
2024,2024-07-03,Sug Sutton,Mercury,G,12,0,0,2
2024,2024-07-03,Natasha Howard,Wings,F,34,36,11,1
2024,2024-07-03,Teaira McCowan,Wings,C,15,3,3,0
2024,2024-07-03,Odyssey Sims,Wings,G,38,13,1,6
2024,2024-07-03,Arike Ogunbowale,Wings,G,40,26,6,5
2024,2024-07-03,Jacy Sheldon,Wings,G,24,2,1,2
2024,2024-07-03,Monique Billings,Wings,F,8,3,2,1
2024,2024-07-03,Kalani Brown,Wings,C,23,6,8,2
2024,2024-07-03,Lou Lopez Senechal,Wings,G,0,0,0,0
2024,2024-07-03,Sevgi Uzun,Wings,G,18,7,2,3
2024,2024-07-02,Myisha Hines-Allen,Mystics,F,24,16,7,4
2024,2024-07-02,Stefanie Dolson,Mystics,C,27,10,8,4
2024,2024-07-02,Julie Vanloo,Mystics,G,28,15,4,4
2024,2024-07-02,Ariel Atkins,Mystics,G,31,12,2,5
2024,2024-07-02,DiDi Richards,Mystics,G,11,0,0,0
2024,2024-07-02,Emily Engstler,Mystics,F,13,2,4,1
2024,2024-07-02,Aaliyah Edwards,Mystics,F,21,6,5,0
2024,2024-07-02,Shatori Walker-Kimbrough,Mystics,G,28,17,2,4
2024,2024-07-02,Jade Melbourne,Mystics,G,16,4,0,0
2024,2024-07-02,Dearica Hamby,Sparks,F,37,16,11,7
2024,2024-07-02,Stephanie Talbot,Sparks,F,30,17,8,3
2024,2024-07-02,Rickea Jackson,Sparks,F,30,12,5,4
2024,2024-07-02,Kia Nurse,Sparks,G,23,7,1,0
2024,2024-07-02,Aari McDonald,Sparks,G,36,17,3,6
2024,2024-07-02,Li Yueru,Sparks,C,14,4,3,1
2024,2024-07-02,Layshia Clarendon,Sparks,G,9,2,0,0
2024,2024-07-02,Rae Burrell,Sparks,G,15,3,1,0
2024,2024-07-02,Zia Cooke,Sparks,G,6,2,0,1
2024,2024-07-02,Katie Lou Samuelson,Fever,F,28,4,1,0
2024,2024-07-02,NaLyssa Smith,Fever,F,26,5,14,1
2024,2024-07-02,Aliyah Boston,Fever,C,36,18,11,2
2024,2024-07-02,Kelsey Mitchell,Fever,G,35,23,4,1
2024,2024-07-02,Caitlin Clark,Fever,G,38,13,6,11
2024,2024-07-02,Temi Fagbenle,Fever,C,16,2,7,1
2024,2024-07-02,Damiris Dantas,Fever,C,2,0,0,0
2024,2024-07-02,Erica Wheeler,Fever,G,7,2,0,1
2024,2024-07-02,Kristy Wallace,Fever,G,12,2,1,2
2024,2024-07-02,Kiah Stokes,Aces,C,26,2,12,0
2024,2024-07-02,A'ja Wilson,Aces,C,36,28,9,1
2024,2024-07-02,Chelsea Gray,Aces,G,20,4,1,4
2024,2024-07-02,Kelsey Plum,Aces,G,37,34,6,5
2024,2024-07-02,Jackie Young,Aces,G,38,15,4,10
2024,2024-07-02,Alysha Clark,Aces,F,24,2,5,2
2024,2024-07-02,Megan Gustafson,Aces,C,4,0,0,1
2024,2024-07-02,Sydney Colson,Aces,G,3,3,0,1
2024,2024-07-02,Kate Martin,Aces,G,11,0,1,0
2024,2024-07-02,Bridget Carleton,Lynx,F,22,1,4,2
2024,2024-07-02,Alanna Smith,Lynx,F,30,9,2,6
2024,2024-07-02,Napheesa Collier,Lynx,F,37,15,10,6
2024,2024-07-02,Kayla McBride,Lynx,G,37,17,2,2
2024,2024-07-02,Courtney Williams,Lynx,G,26,9,7,4
2024,2024-07-02,Cecilia Zandalasini,Lynx,F,17,12,2,1
2024,2024-07-02,Dorka Juhasz,Lynx,F,10,2,3,0
2024,2024-07-02,Diamond Miller,Lynx,F,1,0,1,0
2024,2024-07-02,Sika Kone,Lynx,F,3,0,0,0
2024,2024-07-02,Alissa Pili,Lynx,F,1,0,0,0
2024,2024-07-02,Natisha Hiedeman,Lynx,G,15,2,6,1
2024,2024-07-02,Olivia Epoupa,Lynx,G,1,0,0,1
2024,2024-07-02,Breanna Stewart,Liberty,F,38,17,17,3
2024,2024-07-02,Jonquel Jones,Liberty,C,33,21,12,4
2024,2024-07-02,Courtney Vandersloot,Liberty,G,18,5,0,1
2024,2024-07-02,Betnijah Laney-Hamilton,Liberty,G,28,9,5,2
2024,2024-07-02,Sabrina Ionescu,Liberty,G,37,17,5,5
2024,2024-07-02,Kayla Thornton,Liberty,F,12,0,2,1
2024,2024-07-02,Leonie Fiebich,Liberty,F,26,5,3,1
2024,2024-07-02,Kennedy Burke,Liberty,G,9,2,1,0
2024,2024-07-02,Angel Reese,Sky,F,36,12,19,3
2024,2024-07-02,Kamilla Cardoso,Sky,C,27,8,10,1
2024,2024-07-02,Lindsay Allen,Sky,G,26,6,0,3
2024,2024-07-02,Marina Mabrey,Sky,G,19,4,3,4
2024,2024-07-02,Chennedy Carter,Sky,G,29,26,0,4
2024,2024-07-02,Isabelle Harrison,Sky,F,17,6,0,0
2024,2024-07-02,Diamond DeShields,Sky,G,24,9,1,2
2024,2024-07-02,Dana Evans,Sky,G,23,14,1,3
2024,2024-07-02,Nia Coffey,Dream,F,20,5,3,3
2024,2024-07-02,Tina Charles,Dream,C,34,19,14,5
2024,2024-07-02,Allisha Gray,Dream,G,35,19,3,4
2024,2024-07-02,Jordin Canada,Dream,G,40,11,2,7
2024,2024-07-02,Haley Jones,Dream,G,26,6,2,2
2024,2024-07-02,Cheyenne Parker-Tyus,Dream,F,21,11,6,1
2024,2024-07-02,Naz Hillmon,Dream,F,14,4,6,3
2024,2024-07-02,Maya Caldwell,Dream,G,12,2,1,2
2024,2024-07-01,DeWanna Bonner,Sun,F,33,7,4,1
2024,2024-07-01,Alyssa Thomas,Sun,F,39,10,12,6
2024,2024-07-01,Brionna Jones,Sun,F,27,18,7,1
2024,2024-07-01,Tyasha Harris,Sun,G,23,12,1,1
2024,2024-07-01,DiJonai Carrington,Sun,G,29,16,8,0
2024,2024-07-01,Olivia Nelson-Ododa,Sun,C,12,0,0,0
2024,2024-07-01,Tiffany Mitchell,Sun,G,15,9,1,3
2024,2024-07-01,Veronica Burton,Sun,G,22,11,4,5
2024,2024-07-01,Natasha Mack,Mercury,F,24,8,3,0
2024,2024-07-01,Brittney Griner,Mercury,C,33,21,2,2
2024,2024-07-01,Natasha Cloud,Mercury,G,37,18,4,10
2024,2024-07-01,Kahleah Copper,Mercury,G,37,21,6,2
2024,2024-07-01,Sophie Cunningham,Mercury,G,35,2,0,2
2024,2024-07-01,Mikiah Herbert Harrigan,Mercury,F,13,0,2,0
2024,2024-07-01,Liz Dixon,Mercury,F,6,0,0,0
2024,2024-07-01,Sug Sutton,Mercury,G,15,2,1,3
2024,2024-07-01,Natasha Howard,Wings,F,27,15,6,1
2024,2024-07-01,Teaira McCowan,Wings,C,25,7,5,2
2024,2024-07-01,Odyssey Sims,Wings,G,30,12,5,6
2024,2024-07-01,Arike Ogunbowale,Wings,G,39,21,6,3
2024,2024-07-01,Jacy Sheldon,Wings,G,16,2,1,1
2024,2024-07-01,Monique Billings,Wings,F,19,5,1,1
2024,2024-07-01,Kalani Brown,Wings,C,15,5,2,1
2024,2024-07-01,Stephanie Soares,Wings,C,6,2,2,0
2024,2024-07-01,Lou Lopez Senechal,Wings,G,10,0,1,0
2024,2024-07-01,Sevgi Uzun,Wings,G,15,2,2,3
2024,2024-07-01,Nneka Ogwumike,Storm,F,25,14,5,4
2024,2024-07-01,Ezi Magbegor,Storm,F,21,12,7,2
2024,2024-07-01,Jordan Horston,Storm,F,25,8,4,2
2024,2024-07-01,Skylar Diggins,Storm,G,26,8,1,5
2024,2024-07-01,Jewell Loyd,Storm,G,25,26,3,3
2024,2024-07-01,Joyner Holmes,Storm,F,15,8,3,2
2024,2024-07-01,Mercedes Russell,Storm,C,19,7,5,1
2024,2024-07-01,Sami Whitcomb,Storm,G,19,8,3,0
2024,2024-07-01,Victoria Vivians,Storm,G,11,4,1,2
2024,2024-07-01,Kiana Williams,Storm,G,7,0,0,1
2024,2024-07-01,Nika Muhl,Storm,G,7,0,1,0
2024,2024-06-30,Bridget Carleton,Lynx,F,27,6,4,2
2024,2024-06-30,Alanna Smith,Lynx,F,25,11,7,0
2024,2024-06-30,Napheesa Collier,Lynx,F,39,13,11,6
2024,2024-06-30,Kayla McBride,Lynx,G,24,16,5,5
2024,2024-06-30,Courtney Williams,Lynx,G,27,9,4,4
2024,2024-06-30,Cecilia Zandalasini,Lynx,F,20,8,1,1
2024,2024-06-30,Dorka Juhasz,Lynx,F,16,0,5,0
2024,2024-06-30,Diamond Miller,Lynx,F,9,2,1,1
2024,2024-06-30,Natisha Hiedeman,Lynx,G,13,5,2,4
2024,2024-06-30,Angel Reese,Sky,F,35,10,16,0
2024,2024-06-30,Kamilla Cardoso,Sky,C,31,3,10,0
2024,2024-06-30,Lindsay Allen,Sky,G,33,13,6,7
2024,2024-06-30,Marina Mabrey,Sky,G,34,11,3,4
2024,2024-06-30,Chennedy Carter,Sky,G,34,15,4,3
2024,2024-06-30,Isabelle Harrison,Sky,F,14,4,3,0
2024,2024-06-30,Diamond DeShields,Sky,G,12,4,2,0
2024,2024-06-30,Dana Evans,Sky,G,7,2,0,0
2024,2024-06-30,NaLyssa Smith,Fever,F,32,12,15,1
2024,2024-06-30,Aliyah Boston,Fever,C,34,17,8,4
2024,2024-06-30,Kelsey Mitchell,Fever,G,21,16,3,1
2024,2024-06-30,Kristy Wallace,Fever,G,18,7,3,0
2024,2024-06-30,Caitlin Clark,Fever,G,39,15,9,12
2024,2024-06-30,Katie Lou Samuelson,Fever,F,18,5,1,1
2024,2024-06-30,Temi Fagbenle,Fever,C,13,10,2,0
2024,2024-06-30,Erica Wheeler,Fever,G,19,6,1,1
2024,2024-06-30,Lexie Hull,Fever,G,5,0,0,0
2024,2024-06-30,Brittney Griner,Mercury,C,31,24,6,2
2024,2024-06-30,Diana Taurasi,Mercury,G,32,19,3,3
2024,2024-06-30,Natasha Cloud,Mercury,G,33,15,5,7
2024,2024-06-30,Kahleah Copper,Mercury,G,31,7,3,2
2024,2024-06-30,Rebecca Allen,Mercury,G,26,9,9,0
2024,2024-06-30,Natasha Mack,Mercury,F,4,0,0,0
2024,2024-06-30,Liz Dixon,Mercury,F,5,0,1,0
2024,2024-06-30,Sophie Cunningham,Mercury,G,27,5,1,2
2024,2024-06-30,Sug Sutton,Mercury,G,12,3,0,2
2024,2024-06-30,Nia Coffey,Dream,F,21,0,3,1
2024,2024-06-30,Tina Charles,Dream,C,32,16,12,2
2024,2024-06-30,Allisha Gray,Dream,G,36,24,5,0
2024,2024-06-30,Jordin Canada,Dream,G,38,9,5,9
2024,2024-06-30,Haley Jones,Dream,G,17,2,1,1
2024,2024-06-30,Cheyenne Parker-Tyus,Dream,F,21,12,6,2
2024,2024-06-30,Naz Hillmon,Dream,F,11,4,2,0
2024,2024-06-30,Maya Caldwell,Dream,G,25,8,3,1
2024,2024-06-30,Breanna Stewart,Liberty,F,37,22,12,3
2024,2024-06-30,Jonquel Jones,Liberty,C,30,5,4,2
2024,2024-06-30,Courtney Vandersloot,Liberty,G,21,7,1,7
2024,2024-06-30,Betnijah Laney-Hamilton,Liberty,G,33,18,5,6
2024,2024-06-30,Sabrina Ionescu,Liberty,G,34,10,4,4
2024,2024-06-30,Kayla Thornton,Liberty,F,10,3,0,1
2024,2024-06-30,Leonie Fiebich,Liberty,F,22,12,1,2
2024,2024-06-30,Kennedy Burke,Liberty,G,13,4,1,0
2024,2024-06-29,Natasha Howard,Wings,F,27,12,7,5
2024,2024-06-29,Teaira McCowan,Wings,C,29,15,6,2
2024,2024-06-29,Arike Ogunbowale,Wings,G,38,24,5,4
2024,2024-06-29,Jacy Sheldon,Wings,G,26,6,1,0
2024,2024-06-29,Sevgi Uzun,Wings,G,21,2,0,2
2024,2024-06-29,Monique Billings,Wings,F,13,4,6,1
2024,2024-06-29,Kalani Brown,Wings,C,11,4,1,0
2024,2024-06-29,Stephanie Soares,Wings,C,2,2,1,0
2024,2024-06-29,Odyssey Sims,Wings,G,25,7,3,4
2024,2024-06-29,Lou Lopez Senechal,Wings,G,9,0,2,0
2024,2024-06-29,Nneka Ogwumike,Storm,F,25,16,6,5
2024,2024-06-29,Ezi Magbegor,Storm,F,29,13,5,2
2024,2024-06-29,Jordan Horston,Storm,F,30,12,11,4
2024,2024-06-29,Skylar Diggins,Storm,G,32,11,2,5
2024,2024-06-29,Jewell Loyd,Storm,G,33,30,5,5
2024,2024-06-29,Joyner Holmes,Storm,F,10,6,0,0
2024,2024-06-29,Mercedes Russell,Storm,C,16,4,5,0
2024,2024-06-29,Sami Whitcomb,Storm,G,14,5,0,1
2024,2024-06-29,Victoria Vivians,Storm,G,5,0,0,0
2024,2024-06-29,Kiana Williams,Storm,G,4,0,0,0
2024,2024-06-29,Nika Muhl,Storm,G,3,0,1,0
2024,2024-06-29,Kiah Stokes,Aces,C,23,4,6,0
2024,2024-06-29,A'ja Wilson,Aces,C,32,11,9,5
2024,2024-06-29,Chelsea Gray,Aces,G,26,22,4,4
2024,2024-06-29,Kelsey Plum,Aces,G,35,2,3,8
2024,2024-06-29,Jackie Young,Aces,G,31,26,4,1
2024,2024-06-29,Alysha Clark,Aces,F,15,3,4,2
2024,2024-06-29,Megan Gustafson,Aces,C,6,0,0,0
2024,2024-06-29,Tiffany Hayes,Aces,G,25,17,4,0
2024,2024-06-29,Kate Martin,Aces,G,6,3,0,0
2024,2024-06-29,Myisha Hines-Allen,Mystics,F,18,14,5,1
2024,2024-06-29,Stefanie Dolson,Mystics,C,32,23,7,3
2024,2024-06-29,Julie Vanloo,Mystics,G,30,8,0,8
2024,2024-06-29,Ariel Atkins,Mystics,G,36,13,3,5
2024,2024-06-29,DiDi Richards,Mystics,G,12,2,2,1
2024,2024-06-29,Emily Engstler,Mystics,F,10,0,2,1
2024,2024-06-29,Aaliyah Edwards,Mystics,F,20,9,7,1
2024,2024-06-29,Shatori Walker-Kimbrough,Mystics,G,33,3,2,4
2024,2024-06-29,Jade Melbourne,Mystics,G,10,5,1,0
2024,2024-06-28,Dearica Hamby,Sparks,F,32,29,7,3
2024,2024-06-28,Stephanie Talbot,Sparks,F,34,4,2,3
2024,2024-06-28,Rickea Jackson,Sparks,F,29,14,6,2
2024,2024-06-28,Kia Nurse,Sparks,G,29,9,0,3
2024,2024-06-28,Aari McDonald,Sparks,G,32,12,1,10
2024,2024-06-28,Li Yueru,Sparks,C,12,2,3,0
2024,2024-06-28,Queen Egbo,Sparks,C,1,0,1,0
2024,2024-06-28,Rae Burrell,Sparks,G,11,4,2,1
2024,2024-06-28,Zia Cooke,Sparks,G,18,4,1,2
2024,2024-06-28,Brittney Griner,Mercury,C,30,18,11,3
2024,2024-06-28,Diana Taurasi,Mercury,G,30,20,4,6
2024,2024-06-28,Natasha Cloud,Mercury,G,33,14,2,7
2024,2024-06-28,Kahleah Copper,Mercury,G,31,24,5,0
2024,2024-06-28,Rebecca Allen,Mercury,G,25,4,6,2
2024,2024-06-28,Mikiah Herbert Harrigan,Mercury,F,2,0,0,0
2024,2024-06-28,Natasha Mack,Mercury,F,8,2,7,0
2024,2024-06-28,Liz Dixon,Mercury,F,2,0,1,0
2024,2024-06-28,Sophie Cunningham,Mercury,G,22,8,2,1
2024,2024-06-28,Sug Sutton,Mercury,G,14,2,1,0
2024,2024-06-28,Charisma Osborne,Mercury,G,2,0,0,0
2024,2024-06-28,Nia Coffey,Dream,F,22,5,2,2
2024,2024-06-28,Tina Charles,Dream,C,29,14,6,3
2024,2024-06-28,Aerial Powers,Dream,G,14,5,2,1
2024,2024-06-28,Allisha Gray,Dream,G,33,17,5,1
2024,2024-06-28,Haley Jones,Dream,G,27,8,6,3
2024,2024-06-28,Cheyenne Parker-Tyus,Dream,F,15,9,1,1
2024,2024-06-28,Naz Hillmon,Dream,F,17,4,5,1
2024,2024-06-28,Laeticia Amihere,Dream,F,1,0,1,0
2024,2024-06-28,Jordin Canada,Dream,G,29,9,3,6
2024,2024-06-28,Maya Caldwell,Dream,G,13,7,1,0
2024,2024-06-28,DeWanna Bonner,Sun,F,32,16,3,3
2024,2024-06-28,Alyssa Thomas,Sun,F,36,14,7,8
2024,2024-06-28,Brionna Jones,Sun,F,29,6,5,2
2024,2024-06-28,Tyasha Harris,Sun,G,29,6,2,3
2024,2024-06-28,DiJonai Carrington,Sun,G,33,16,4,1
2024,2024-06-28,Olivia Nelson-Ododa,Sun,C,11,7,2,0
2024,2024-06-28,Rachel Banham,Sun,G,8,3,1,0
2024,2024-06-28,Tiffany Mitchell,Sun,G,6,2,0,0
2024,2024-06-28,Veronica Burton,Sun,G,17,4,2,3
2024,2024-06-27,NaLyssa Smith,Fever,F,33,12,9,3
2024,2024-06-27,Aliyah Boston,Fever,C,28,11,14,2
2024,2024-06-27,Kelsey Mitchell,Fever,G,25,14,3,0
2024,2024-06-27,Kristy Wallace,Fever,G,18,0,2,2
2024,2024-06-27,Caitlin Clark,Fever,G,38,15,6,7
2024,2024-06-27,Katie Lou Samuelson,Fever,F,4,2,0,1
2024,2024-06-27,Temi Fagbenle,Fever,C,19,8,7,2
2024,2024-06-27,Erica Wheeler,Fever,G,21,15,1,3
2024,2024-06-27,Lexie Hull,Fever,G,13,0,2,1
2024,2024-06-27,Nneka Ogwumike,Storm,F,30,15,11,3
2024,2024-06-27,Ezi Magbegor,Storm,F,29,18,2,2
2024,2024-06-27,Jordan Horston,Storm,F,32,5,4,5
2024,2024-06-27,Skylar Diggins,Storm,G,31,8,2,9
2024,2024-06-27,Jewell Loyd,Storm,G,34,34,5,2
2024,2024-06-27,Joyner Holmes,Storm,F,3,0,0,1
2024,2024-06-27,Mercedes Russell,Storm,C,17,0,3,2
2024,2024-06-27,Sami Whitcomb,Storm,G,18,7,0,3
2024,2024-06-27,Victoria Vivians,Storm,G,4,2,0,0
2024,2024-06-27,Kiana Williams,Storm,G,1,0,0,0
2024,2024-06-27,Nika Muhl,Storm,G,1,0,0,0
2024,2024-06-27,DeWanna Bonner,Sun,F,44,24,10,2
2024,2024-06-27,Alyssa Thomas,Sun,F,37,7,8,6
2024,2024-06-27,Brionna Jones,Sun,F,33,7,5,2
2024,2024-06-27,Tyasha Harris,Sun,G,37,23,1,1
2024,2024-06-27,DiJonai Carrington,Sun,G,32,22,4,2
2024,2024-06-27,Rachel Banham,Sun,G,4,0,1,0
2024,2024-06-27,Tiffany Mitchell,Sun,G,15,2,1,2
2024,2024-06-27,Veronica Burton,Sun,G,22,9,0,5
2024,2024-06-27,Myisha Hines-Allen,Mystics,F,34,21,7,2
2024,2024-06-27,Stefanie Dolson,Mystics,C,34,18,3,4
2024,2024-06-27,Julie Vanloo,Mystics,G,21,12,0,3
2024,2024-06-27,Ariel Atkins,Mystics,G,37,10,4,5
2024,2024-06-27,DiDi Richards,Mystics,G,27,4,5,3
2024,2024-06-27,Emily Engstler,Mystics,F,18,0,6,1
2024,2024-06-27,Shatori Walker-Kimbrough,Mystics,G,33,16,6,6
2024,2024-06-27,Jade Melbourne,Mystics,G,19,10,0,2
2024,2024-06-27,Kiah Stokes,Aces,C,26,4,8,2
2024,2024-06-27,A'ja Wilson,Aces,C,34,31,6,3
2024,2024-06-27,Chelsea Gray,Aces,G,27,8,6,5
2024,2024-06-27,Kelsey Plum,Aces,G,34,21,5,5
2024,2024-06-27,Jackie Young,Aces,G,35,22,3,3
2024,2024-06-27,Alysha Clark,Aces,F,16,0,4,1
2024,2024-06-27,Megan Gustafson,Aces,C,4,0,0,0
2024,2024-06-27,Tiffany Hayes,Aces,G,17,6,2,0
2024,2024-06-27,Kate Martin,Aces,G,7,3,1,1
2024,2024-06-27,Angel Reese,Sky,F,31,18,11,1
2024,2024-06-27,Kamilla Cardoso,Sky,C,30,5,8,3
2024,2024-06-27,Lindsay Allen,Sky,G,34,10,4,5
2024,2024-06-27,Marina Mabrey,Sky,G,36,21,6,4
2024,2024-06-27,Chennedy Carter,Sky,G,34,20,5,4
2024,2024-06-27,Isabelle Harrison,Sky,F,13,4,4,1
2024,2024-06-27,Brianna Turner,Sky,F,6,2,0,0
2024,2024-06-27,Michaela Onyenwere,Sky,F,4,0,0,0
2024,2024-06-27,Diamond DeShields,Sky,G,4,0,0,2
2024,2024-06-27,Kysre Gondrezick,Sky,G,1,3,0,0
2024,2024-06-27,Dana Evans,Sky,G,6,0,0,0
2024,2024-06-27,Bridget Carleton,Lynx,F,28,17,4,4
2024,2024-06-27,Alanna Smith,Lynx,F,21,15,6,4
2024,2024-06-27,Napheesa Collier,Lynx,F,40,29,11,4
2024,2024-06-27,Kayla McBride,Lynx,G,39,11,2,4
2024,2024-06-27,Courtney Williams,Lynx,G,19,3,1,4
2024,2024-06-27,Cecilia Zandalasini,Lynx,F,9,2,4,3
2024,2024-06-27,Dorka Juhasz,Lynx,F,19,5,3,1
2024,2024-06-27,Diamond Miller,Lynx,F,3,0,0,0
2024,2024-06-27,Natisha Hiedeman,Lynx,G,18,6,3,2
2024,2024-06-27,Olivia Epoupa,Lynx,G,4,0,1,1
2024,2024-06-27,Natasha Howard,Wings,F,27,6,6,2
2024,2024-06-27,Teaira McCowan,Wings,C,24,17,12,0
2024,2024-06-27,Arike Ogunbowale,Wings,G,39,23,4,9
2024,2024-06-27,Jacy Sheldon,Wings,G,26,8,2,1
2024,2024-06-27,Sevgi Uzun,Wings,G,28,4,2,4
2024,2024-06-27,Monique Billings,Wings,F,24,14,6,1
2024,2024-06-27,Kalani Brown,Wings,C,5,4,2,0
2024,2024-06-27,Odyssey Sims,Wings,G,26,18,2,4
2024,2024-06-27,Lou Lopez Senechal,Wings,G,1,0,0,0
2024,2024-06-25,Bridget Carleton,Lynx,F,36,23,4,5
2024,2024-06-25,Alanna Smith,Lynx,F,26,6,6,4
2024,2024-06-25,Napheesa Collier,Lynx,F,35,21,6,3
2024,2024-06-25,Kayla McBride,Lynx,G,32,12,2,2
2024,2024-06-25,Courtney Williams,Lynx,G,33,11,4,8
2024,2024-06-25,Cecilia Zandalasini,Lynx,F,12,15,0,2
2024,2024-06-25,Dorka Juhasz,Lynx,F,18,4,3,1
2024,2024-06-25,Natisha Hiedeman,Lynx,G,7,2,0,1
2024,2024-06-25,Kayla Thornton,Liberty,F,28,17,3,2
2024,2024-06-25,Breanna Stewart,Liberty,F,38,24,11,3
2024,2024-06-25,Jonquel Jones,Liberty,C,34,3,12,3
2024,2024-06-25,Betnijah Laney-Hamilton,Liberty,G,34,13,3,6
2024,2024-06-25,Sabrina Ionescu,Liberty,G,37,23,10,4
2024,2024-06-25,Leonie Fiebich,Liberty,F,8,0,2,0
2024,2024-06-25,Courtney Vandersloot,Liberty,G,13,4,1,4
2024,2024-06-25,Kennedy Burke,Liberty,G,8,5,1,2
2024,2024-06-23,NaLyssa Smith,Fever,F,28,12,7,1
2024,2024-06-23,Aliyah Boston,Fever,C,36,18,7,6
2024,2024-06-23,Kelsey Mitchell,Fever,G,36,24,0,2
2024,2024-06-23,Kristy Wallace,Fever,G,25,9,2,2
2024,2024-06-23,Caitlin Clark,Fever,G,40,17,6,13
2024,2024-06-23,Katie Lou Samuelson,Fever,F,15,3,1,2
2024,2024-06-23,Damiris Dantas,Fever,C,NA,0,0,0
2024,2024-06-23,Erica Wheeler,Fever,G,15,4,2,2
2024,2024-06-23,Lexie Hull,Fever,G,4,0,0,0
2024,2024-06-23,Angel Reese,Sky,F,36,25,16,1
2024,2024-06-23,Kamilla Cardoso,Sky,C,28,16,10,3
2024,2024-06-23,Lindsay Allen,Sky,G,27,4,1,7
2024,2024-06-23,Marina Mabrey,Sky,G,34,6,5,4
2024,2024-06-23,Chennedy Carter,Sky,G,29,23,2,5
2024,2024-06-23,Isabelle Harrison,Sky,F,12,4,4,0
2024,2024-06-23,Brianna Turner,Sky,F,4,0,0,1
2024,2024-06-23,Diamond DeShields,Sky,G,17,8,0,1
2024,2024-06-23,Dana Evans,Sky,G,13,2,0,3
2024,2024-06-23,Kayla Thornton,Liberty,F,28,8,6,0
2024,2024-06-23,Breanna Stewart,Liberty,F,29,17,8,6
2024,2024-06-23,Leonie Fiebich,Liberty,F,33,9,4,2
2024,2024-06-23,Jonquel Jones,Liberty,C,31,15,11,4
2024,2024-06-23,Sabrina Ionescu,Liberty,G,31,26,3,11
2024,2024-06-23,Kennedy Burke,Liberty,G,18,6,4,0
2024,2024-06-23,Marquesha Davis,Liberty,G,13,9,2,1
2024,2024-06-23,Ivana Dojkic,Liberty,G,17,6,0,1
2024,2024-06-23,Nia Coffey,Dream,F,23,9,3,3
2024,2024-06-23,Tina Charles,Dream,C,22,19,7,3
2024,2024-06-23,Aerial Powers,Dream,G,17,0,1,3
2024,2024-06-23,Allisha Gray,Dream,G,28,8,3,4
2024,2024-06-23,Haley Jones,Dream,G,39,7,8,4
2024,2024-06-23,Cheyenne Parker-Tyus,Dream,F,18,10,3,1
2024,2024-06-23,Lorela Cubaj,Dream,F,3,0,0,0
2024,2024-06-23,Naz Hillmon,Dream,F,10,4,2,1
2024,2024-06-23,Laeticia Amihere,Dream,F,12,3,6,0
2024,2024-06-23,Jordin Canada,Dream,G,14,6,4,2
2024,2024-06-23,Crystal Dangerfield,Dream,G,14,9,3,0
2024,2024-06-23,Natasha Howard,Wings,F,30,26,8,3
2024,2024-06-23,Teaira McCowan,Wings,C,10,1,1,1
2024,2024-06-23,Arike Ogunbowale,Wings,G,40,23,7,3
2024,2024-06-23,Jacy Sheldon,Wings,G,33,11,6,2
2024,2024-06-23,Sevgi Uzun,Wings,G,34,9,2,7
2024,2024-06-23,Monique Billings,Wings,F,30,8,14,0
2024,2024-06-23,Morgan Bertsch,Wings,F,4,1,1,0
2024,2024-06-23,Kalani Brown,Wings,C,6,0,1,0
2024,2024-06-23,Lou Lopez Senechal,Wings,G,12,5,1,1
2024,2024-06-23,Myisha Hines-Allen,Mystics,F,17,12,1,3
2024,2024-06-23,Stefanie Dolson,Mystics,C,32,18,8,2
2024,2024-06-23,Julie Vanloo,Mystics,G,23,8,2,3
2024,2024-06-23,Karlie Samuelson,Mystics,G,29,13,4,3
2024,2024-06-23,Ariel Atkins,Mystics,G,31,12,3,7
2024,2024-06-23,Emily Engstler,Mystics,F,22,13,4,2
2024,2024-06-23,Shatori Walker-Kimbrough,Mystics,G,22,8,2,4
2024,2024-06-23,DiDi Richards,Mystics,G,10,4,2,1
2024,2024-06-23,Jade Melbourne,Mystics,G,14,4,2,2
2024,2024-06-23,DeWanna Bonner,Sun,F,34,9,9,2
2024,2024-06-23,Alyssa Thomas,Sun,F,36,14,14,3
2024,2024-06-23,Brionna Jones,Sun,F,30,14,5,2
2024,2024-06-23,Tyasha Harris,Sun,G,33,10,0,1
2024,2024-06-23,DiJonai Carrington,Sun,G,25,2,4,1
2024,2024-06-23,Astou Ndour-Fall,Sun,C,0,0,0,0
2024,2024-06-23,Olivia Nelson-Ododa,Sun,C,10,4,4,0
2024,2024-06-23,Rachel Banham,Sun,G,9,2,0,1
2024,2024-06-23,Tiffany Mitchell,Sun,G,16,6,2,1
2024,2024-06-23,Veronica Burton,Sun,G,7,0,0,2
2024,2024-06-23,Nneka Ogwumike,Storm,F,35,13,5,3
2024,2024-06-23,Ezi Magbegor,Storm,F,33,11,9,4
2024,2024-06-23,Jordan Horston,Storm,F,34,10,7,3
2024,2024-06-23,Skylar Diggins,Storm,G,38,13,4,8
2024,2024-06-23,Jewell Loyd,Storm,G,37,16,5,5
2024,2024-06-23,Joyner Holmes,Storm,F,3,0,1,0
2024,2024-06-23,Mercedes Russell,Storm,C,9,4,4,0
2024,2024-06-23,Sami Whitcomb,Storm,G,5,2,0,0
2024,2024-06-23,Victoria Vivians,Storm,G,6,3,0,0
2024,2024-06-22,Brittney Griner,Mercury,C,28,10,7,0
2024,2024-06-22,Diana Taurasi,Mercury,G,24,7,2,4
2024,2024-06-22,Natasha Cloud,Mercury,G,34,14,2,5
2024,2024-06-22,Kahleah Copper,Mercury,G,32,9,5,1
2024,2024-06-22,Rebecca Allen,Mercury,G,28,11,6,2
2024,2024-06-22,Mikiah Herbert Harrigan,Mercury,F,8,3,0,0
2024,2024-06-22,Natasha Mack,Mercury,F,12,1,4,0
2024,2024-06-22,Liz Dixon,Mercury,F,3,0,2,0
2024,2024-06-22,Sophie Cunningham,Mercury,G,23,3,2,1
2024,2024-06-22,Charisma Osborne,Mercury,G,8,2,1,1
2024,2024-06-22,Bridget Carleton,Lynx,F,33,4,3,0
2024,2024-06-22,Alanna Smith,Lynx,F,22,14,3,5
2024,2024-06-22,Napheesa Collier,Lynx,F,37,23,14,2
2024,2024-06-22,Kayla McBride,Lynx,G,32,9,4,3
2024,2024-06-22,Courtney Williams,Lynx,G,24,12,9,4
2024,2024-06-22,Cecilia Zandalasini,Lynx,F,14,2,4,0
2024,2024-06-22,Dorka Juhasz,Lynx,F,17,7,3,2
2024,2024-06-22,Sika Kone,Lynx,F,1,0,0,0
2024,2024-06-22,Alissa Pili,Lynx,F,3,0,0,0
2024,2024-06-22,Natisha Hiedeman,Lynx,G,11,2,3,2
2024,2024-06-22,Olivia Epoupa,Lynx,G,5,0,1,0
2024,2024-06-22,Natasha Howard,Wings,F,23,19,6,2
2024,2024-06-22,Teaira McCowan,Wings,C,14,6,2,1
2024,2024-06-22,Arike Ogunbowale,Wings,G,34,6,7,4
2024,2024-06-22,Jacy Sheldon,Wings,G,36,16,5,3
2024,2024-06-22,Sevgi Uzun,Wings,G,28,5,4,5
2024,2024-06-22,Monique Billings,Wings,F,14,2,4,2
2024,2024-06-22,Morgan Bertsch,Wings,F,9,0,1,0
2024,2024-06-22,Kalani Brown,Wings,C,15,13,3,2
2024,2024-06-22,Stephanie Soares,Wings,C,8,0,3,0
2024,2024-06-22,Lou Lopez Senechal,Wings,G,18,2,1,1
2024,2024-06-22,Myisha Hines-Allen,Mystics,F,14,3,3,2
2024,2024-06-22,Stefanie Dolson,Mystics,C,26,16,10,1
2024,2024-06-22,Julie Vanloo,Mystics,G,25,3,0,6
2024,2024-06-22,Karlie Samuelson,Mystics,G,30,17,4,3
2024,2024-06-22,Ariel Atkins,Mystics,G,25,7,7,3
2024,2024-06-22,Emily Engstler,Mystics,F,25,23,9,3
2024,2024-06-22,Shatori Walker-Kimbrough,Mystics,G,22,9,3,3
2024,2024-06-22,DiDi Richards,Mystics,G,15,6,1,2
2024,2024-06-22,Jade Melbourne,Mystics,G,18,13,2,3
2024,2024-06-22,Dearica Hamby,Sparks,F,32,20,6,5
2024,2024-06-22,Rickea Jackson,Sparks,F,16,7,1,0
2024,2024-06-22,Li Yueru,Sparks,C,15,8,3,1
2024,2024-06-22,Kia Nurse,Sparks,G,25,12,0,1
2024,2024-06-22,Aari McDonald,Sparks,G,25,2,5,4
2024,2024-06-22,Stephanie Talbot,Sparks,F,30,11,8,7
2024,2024-06-22,Queen Egbo,Sparks,C,3,2,2,0
2024,2024-06-22,Layshia Clarendon,Sparks,G,15,3,0,2
2024,2024-06-22,Rae Burrell,Sparks,G,22,9,1,2
2024,2024-06-22,Zia Cooke,Sparks,G,17,14,1,0
2024,2024-06-22,Kayla Thornton,Liberty,F,27,20,6,0
2024,2024-06-22,Breanna Stewart,Liberty,F,37,33,3,7
2024,2024-06-22,Leonie Fiebich,Liberty,F,31,7,7,5
2024,2024-06-22,Jonquel Jones,Liberty,C,32,14,13,5
2024,2024-06-22,Sabrina Ionescu,Liberty,G,35,24,6,9
2024,2024-06-22,Kennedy Burke,Liberty,G,10,0,1,1
2024,2024-06-22,Marquesha Davis,Liberty,G,3,0,0,0
2024,2024-06-22,Ivana Dojkic,Liberty,G,25,0,0,4
2024,2024-06-21,DeWanna Bonner,Sun,F,31,6,5,1
2024,2024-06-21,Alyssa Thomas,Sun,F,32,6,3,7
2024,2024-06-21,Brionna Jones,Sun,F,28,18,7,1
2024,2024-06-21,Tyasha Harris,Sun,G,33,9,3,2
2024,2024-06-21,DiJonai Carrington,Sun,G,32,19,6,0
2024,2024-06-21,Astou Ndour-Fall,Sun,C,3,7,2,0
2024,2024-06-21,Olivia Nelson-Ododa,Sun,C,4,2,1,0
2024,2024-06-21,Rachel Banham,Sun,G,10,3,1,1
2024,2024-06-21,Tiffany Mitchell,Sun,G,23,2,0,0
2024,2024-06-21,Veronica Burton,Sun,G,4,2,1,2
2024,2024-06-21,Kiah Stokes,Aces,C,22,7,10,2
2024,2024-06-21,A'ja Wilson,Aces,C,34,26,16,1
2024,2024-06-21,Tiffany Hayes,Aces,G,21,4,0,2
2024,2024-06-21,Kelsey Plum,Aces,G,34,18,1,4
2024,2024-06-21,Jackie Young,Aces,G,31,8,4,5
2024,2024-06-21,Alysha Clark,Aces,F,15,11,2,0
2024,2024-06-21,Jessika Carter,Aces,F,3,0,0,0
2024,2024-06-21,Megan Gustafson,Aces,C,11,5,6,1
2024,2024-06-21,Sydney Colson,Aces,G,3,0,0,0
2024,2024-06-21,Chelsea Gray,Aces,G,17,4,2,1
2024,2024-06-21,Kate Martin,Aces,G,8,2,1,0
2024,2024-06-21,NaLyssa Smith,Fever,F,33,21,9,2
2024,2024-06-21,Aliyah Boston,Fever,C,26,10,10,1
2024,2024-06-21,Kelsey Mitchell,Fever,G,32,18,4,3
2024,2024-06-21,Kristy Wallace,Fever,G,16,7,0,2
2024,2024-06-21,Caitlin Clark,Fever,G,35,16,4,7
2024,2024-06-21,Katie Lou Samuelson,Fever,F,20,10,3,3
2024,2024-06-21,Victaria Saxton,Fever,F,1,0,0,0
2024,2024-06-21,Erica Wheeler,Fever,G,24,4,2,5
2024,2024-06-21,Lexie Hull,Fever,G,11,5,2,1
2024,2024-06-21,Grace Berger,Fever,G,1,0,0,0
2024,2024-06-21,Celeste Taylor,Fever,G,1,0,1,0
2024,2024-06-21,Cheyenne Parker-Tyus,Dream,F,10,5,3,1
2024,2024-06-21,Nia Coffey,Dream,F,25,0,0,3
2024,2024-06-21,Tina Charles,Dream,C,32,24,7,2
2024,2024-06-21,Allisha Gray,Dream,G,34,19,4,3
2024,2024-06-21,Haley Jones,Dream,G,31,12,3,5
2024,2024-06-21,Lorela Cubaj,Dream,F,8,0,1,0
2024,2024-06-21,Naz Hillmon,Dream,F,26,7,9,1
2024,2024-06-21,Laeticia Amihere,Dream,F,3,2,0,0
2024,2024-06-21,Aerial Powers,Dream,G,20,10,1,2
2024,2024-06-21,Crystal Dangerfield,Dream,G,11,0,2,1
2024,2024-06-20,Dearica Hamby,Sparks,F,31,9,11,1
2024,2024-06-20,Rickea Jackson,Sparks,F,21,6,1,1
2024,2024-06-20,Li Yueru,Sparks,C,17,3,2,2
2024,2024-06-20,Kia Nurse,Sparks,G,14,7,0,1
2024,2024-06-20,Aari McDonald,Sparks,G,29,15,3,3
2024,2024-06-20,Stephanie Talbot,Sparks,F,31,9,11,1
2024,2024-06-20,Layshia Clarendon,Sparks,G,11,7,0,3
2024,2024-06-20,Lexie Brown,Sparks,G,7,0,0,1
2024,2024-06-20,Rae Burrell,Sparks,G,22,11,4,4
2024,2024-06-20,Zia Cooke,Sparks,G,17,13,2,1
2024,2024-06-20,Kayla Thornton,Liberty,F,29,6,4,0
2024,2024-06-20,Breanna Stewart,Liberty,F,35,17,5,5
2024,2024-06-20,Leonie Fiebich,Liberty,F,25,3,9,5
2024,2024-06-20,Jonquel Jones,Liberty,C,33,22,7,8
2024,2024-06-20,Sabrina Ionescu,Liberty,G,38,31,2,9
2024,2024-06-20,Kennedy Burke,Liberty,G,10,0,1,0
2024,2024-06-20,Marquesha Davis,Liberty,G,5,2,0,0
2024,2024-06-20,Ivana Dojkic,Liberty,G,25,12,2,2
2024,2024-06-20,Monique Billings,Wings,F,31,4,9,1
2024,2024-06-20,Teaira McCowan,Wings,C,26,7,5,2
2024,2024-06-20,Arike Ogunbowale,Wings,G,38,31,3,0
2024,2024-06-20,Jacy Sheldon,Wings,G,34,9,3,3
2024,2024-06-20,Sevgi Uzun,Wings,G,33,8,5,6
2024,2024-06-20,Natasha Howard,Wings,F,20,13,3,4
2024,2024-06-20,Morgan Bertsch,Wings,F,9,0,3,0
2024,2024-06-20,Stephanie Soares,Wings,C,5,0,3,0
2024,2024-06-20,Lou Lopez Senechal,Wings,G,5,0,1,0
2024,2024-06-20,Angel Reese,Sky,F,29,16,18,3
2024,2024-06-20,Kamilla Cardoso,Sky,C,31,9,11,0
2024,2024-06-20,Lindsay Allen,Sky,G,14,2,0,4
2024,2024-06-20,Marina Mabrey,Sky,G,29,19,1,4
2024,2024-06-20,Chennedy Carter,Sky,G,27,19,2,1
2024,2024-06-20,Isabelle Harrison,Sky,F,15,4,1,2
2024,2024-06-20,Brianna Turner,Sky,F,5,0,0,0
2024,2024-06-20,Michaela Onyenwere,Sky,F,11,2,0,0
2024,2024-06-20,Diamond DeShields,Sky,G,13,0,2,1
2024,2024-06-20,Dana Evans,Sky,G,26,12,4,4
2024,2024-06-19,Nneka Ogwumike,Storm,F,32,21,4,2
2024,2024-06-19,Ezi Magbegor,Storm,F,34,19,13,2
2024,2024-06-19,Skylar Diggins,Storm,G,32,10,2,6
2024,2024-06-19,Jewell Loyd,Storm,G,35,1,2,4
2024,2024-06-19,Victoria Vivians,Storm,G,13,5,1,0
2024,2024-06-19,Joyner Holmes,Storm,F,9,6,3,4
2024,2024-06-19,Jordan Horston,Storm,F,27,18,6,3
2024,2024-06-19,Mercedes Russell,Storm,C,4,0,0,0
2024,2024-06-19,Sami Whitcomb,Storm,G,13,3,1,0
2024,2024-06-19,Nika Muhl,Storm,G,1,0,0,0
2024,2024-06-19,Kiah Stokes,Aces,C,21,3,4,1
2024,2024-06-19,A'ja Wilson,Aces,C,32,27,9,3
2024,2024-06-19,Tiffany Hayes,Aces,G,24,10,5,1
2024,2024-06-19,Kelsey Plum,Aces,G,34,11,1,8
2024,2024-06-19,Jackie Young,Aces,G,35,32,4,2
2024,2024-06-19,Alysha Clark,Aces,F,22,10,2,3
2024,2024-06-19,Jessika Carter,Aces,F,1,0,0,0
2024,2024-06-19,Megan Gustafson,Aces,C,3,0,0,0
2024,2024-06-19,Sydney Colson,Aces,G,1,0,0,0
2024,2024-06-19,Chelsea Gray,Aces,G,16,1,4,7
2024,2024-06-19,Kate Martin,Aces,G,10,0,0,0
2024,2024-06-19,Nia Coffey,Dream,F,26,11,8,3
2024,2024-06-19,Tina Charles,Dream,C,32,14,10,0
2024,2024-06-19,Allisha Gray,Dream,G,38,7,8,4
2024,2024-06-19,Rhyne Howard,Dream,G,24,6,5,1
2024,2024-06-19,Haley Jones,Dream,G,25,11,6,2
2024,2024-06-19,Cheyenne Parker-Tyus,Dream,F,13,2,7,0
2024,2024-06-19,Lorela Cubaj,Dream,F,13,2,1,2
2024,2024-06-19,Naz Hillmon,Dream,F,11,2,0,2
2024,2024-06-19,Crystal Dangerfield,Dream,G,17,0,1,2
2024,2024-06-19,Bridget Carleton,Lynx,F,30,14,8,1
2024,2024-06-19,Alanna Smith,Lynx,F,22,4,9,1
2024,2024-06-19,Napheesa Collier,Lynx,F,30,16,8,4
2024,2024-06-19,Kayla McBride,Lynx,G,26,8,4,1
2024,2024-06-19,Courtney Williams,Lynx,G,27,7,1,6
2024,2024-06-19,Cecilia Zandalasini,Lynx,F,14,5,1,0
2024,2024-06-19,Dorka Juhasz,Lynx,F,23,10,11,1
2024,2024-06-19,Alissa Pili,Lynx,F,6,0,1,0
2024,2024-06-19,Natisha Hiedeman,Lynx,G,16,4,1,3
2024,2024-06-19,Olivia Epoupa,Lynx,G,7,0,1,2
2024,2024-06-19,Aaliyah Edwards,Mystics,F,20,4,4,1
2024,2024-06-19,Stefanie Dolson,Mystics,C,31,14,7,3
2024,2024-06-19,Julie Vanloo,Mystics,G,22,6,3,8
2024,2024-06-19,Karlie Samuelson,Mystics,G,33,16,3,5
2024,2024-06-19,Ariel Atkins,Mystics,G,35,27,1,2
2024,2024-06-19,Myisha Hines-Allen,Mystics,F,11,2,3,2
2024,2024-06-19,Emily Engstler,Mystics,F,17,7,4,2
2024,2024-06-19,Shatori Walker-Kimbrough,Mystics,G,18,3,4,1
2024,2024-06-19,Jade Melbourne,Mystics,G,12,2,2,2
2024,2024-06-19,NaLyssa Smith,Fever,F,31,11,7,2
2024,2024-06-19,Aliyah Boston,Fever,C,37,22,8,2
2024,2024-06-19,Kelsey Mitchell,Fever,G,38,22,3,1
2024,2024-06-19,Kristy Wallace,Fever,G,18,4,1,3
2024,2024-06-19,Caitlin Clark,Fever,G,37,18,12,6
2024,2024-06-19,Katie Lou Samuelson,Fever,F,13,0,3,3
2024,2024-06-19,Erica Wheeler,Fever,G,19,9,3,4
2024,2024-06-19,Lexie Hull,Fever,G,8,2,0,0
2024,2024-06-18,Kayla Thornton,Liberty,F,22,12,7,0
2024,2024-06-18,Breanna Stewart,Liberty,F,36,28,4,5
2024,2024-06-18,Jonquel Jones,Liberty,C,36,17,6,7
2024,2024-06-18,Betnijah Laney-Hamilton,Liberty,G,34,12,9,5
2024,2024-06-18,Sabrina Ionescu,Liberty,G,36,19,7,8
2024,2024-06-18,Leonie Fiebich,Liberty,F,20,2,1,1
2024,2024-06-18,Kennedy Burke,Liberty,G,8,0,1,1
2024,2024-06-18,Ivana Dojkic,Liberty,G,7,3,2,0
2024,2024-06-18,Brittney Griner,Mercury,C,31,19,4,2
2024,2024-06-18,Diana Taurasi,Mercury,G,31,19,9,5
2024,2024-06-18,Natasha Cloud,Mercury,G,33,11,4,4
2024,2024-06-18,Kahleah Copper,Mercury,G,31,17,2,7
2024,2024-06-18,Rebecca Allen,Mercury,G,33,17,7,1
2024,2024-06-18,Natasha Mack,Mercury,F,9,0,0,1
2024,2024-06-18,Sophie Cunningham,Mercury,G,21,13,4,2
2024,2024-06-18,Sug Sutton,Mercury,G,12,3,1,2
2024,2024-06-18,Dearica Hamby,Sparks,F,30,8,5,3
2024,2024-06-18,Cameron Brink,Sparks,F,4,0,0,0
2024,2024-06-18,Rickea Jackson,Sparks,F,25,10,7,2
2024,2024-06-18,Kia Nurse,Sparks,G,20,6,0,0
2024,2024-06-18,Aari McDonald,Sparks,G,28,14,4,7
2024,2024-06-18,Stephanie Talbot,Sparks,F,26,9,4,0
2024,2024-06-18,Li Yueru,Sparks,C,26,11,2,3
2024,2024-06-18,Layshia Clarendon,Sparks,G,11,2,2,2
2024,2024-06-18,Lexie Brown,Sparks,G,20,8,2,2
2024,2024-06-18,Rae Burrell,Sparks,G,7,0,0,0
2024,2024-06-18,Zia Cooke,Sparks,G,4,2,0,0
2024,2024-06-18,DeWanna Bonner,Sun,F,31,16,7,1
2024,2024-06-18,Alyssa Thomas,Sun,F,29,11,7,7
2024,2024-06-18,Brionna Jones,Sun,F,25,13,3,3
2024,2024-06-18,Tyasha Harris,Sun,G,31,14,0,2
2024,2024-06-18,DiJonai Carrington,Sun,G,28,12,5,2
2024,2024-06-18,Astou Ndour-Fall,Sun,C,3,0,1,0
2024,2024-06-18,Olivia Nelson-Ododa,Sun,C,12,0,0,1
2024,2024-06-18,Rachel Banham,Sun,G,18,7,0,2
2024,2024-06-18,Tiffany Mitchell,Sun,G,20,6,4,0
2024,2024-06-18,Veronica Burton,Sun,G,3,0,0,0
2024,2024-06-17,Monique Billings,Wings,F,37,15,10,9
2024,2024-06-17,Maddy Siegrist,Wings,F,40,17,7,2
2024,2024-06-17,Teaira McCowan,Wings,C,28,8,4,0
2024,2024-06-17,Stephanie Soares,Wings,C,11,0,2,0
2024,2024-06-17,Sevgi Uzun,Wings,G,31,17,2,6
2024,2024-06-17,Kalani Brown,Wings,C,12,6,7,2
2024,2024-06-17,Lou Lopez Senechal,Wings,G,14,7,0,2
2024,2024-06-17,Jacy Sheldon,Wings,G,26,8,2,3
2024,2024-06-17,Alanna Smith,Lynx,F,38,12,9,3
2024,2024-06-17,Napheesa Collier,Lynx,F,36,16,7,3
2024,2024-06-17,Dorka Juhasz,Lynx,F,25,11,4,2
2024,2024-06-17,Kayla McBride,Lynx,G,35,19,4,7
2024,2024-06-17,Courtney Williams,Lynx,G,26,6,3,4
2024,2024-06-17,Cecilia Zandalasini,Lynx,F,13,7,1,0
2024,2024-06-17,Sika Kone,Lynx,F,4,2,0,0
2024,2024-06-17,Natisha Hiedeman,Lynx,G,23,17,0,5
2024,2024-06-16,Nneka Ogwumike,Storm,F,38,15,11,0
2024,2024-06-16,Ezi Magbegor,Storm,F,35,14,8,4
2024,2024-06-16,Skylar Diggins,Storm,G,31,14,6,8
2024,2024-06-16,Jewell Loyd,Storm,G,37,14,3,4
2024,2024-06-16,Victoria Vivians,Storm,G,7,3,0,0
2024,2024-06-16,Joyner Holmes,Storm,F,7,3,0,0
2024,2024-06-16,Jordan Horston,Storm,F,33,12,4,1
2024,2024-06-16,Sami Whitcomb,Storm,G,13,3,4,1
2024,2024-06-16,Brittney Griner,Mercury,C,31,28,9,1
2024,2024-06-16,Diana Taurasi,Mercury,G,34,13,8,4
2024,2024-06-16,Natasha Cloud,Mercury,G,31,3,5,8
2024,2024-06-16,Kahleah Copper,Mercury,G,33,30,6,2
2024,2024-06-16,Rebecca Allen,Mercury,G,26,7,2,1
2024,2024-06-16,Natasha Mack,Mercury,F,9,6,3,0
2024,2024-06-16,Sophie Cunningham,Mercury,G,25,0,2,5
2024,2024-06-16,Sug Sutton,Mercury,G,12,0,2,3
2024,2024-06-16,Dearica Hamby,Sparks,F,34,10,8,4
2024,2024-06-16,Cameron Brink,Sparks,F,24,16,7,2
2024,2024-06-16,Rickea Jackson,Sparks,F,34,16,3,2
2024,2024-06-16,Layshia Clarendon,Sparks,G,9,0,0,1
2024,2024-06-16,Kia Nurse,Sparks,G,20,5,2,0
2024,2024-06-16,Stephanie Talbot,Sparks,F,9,2,4,1
2024,2024-06-16,Li Yueru,Sparks,C,14,5,7,1
2024,2024-06-16,Lexie Brown,Sparks,G,20,4,1,2
2024,2024-06-16,Aari McDonald,Sparks,G,31,14,1,5
2024,2024-06-16,Rae Burrell,Sparks,G,5,2,0,0
2024,2024-06-16,Nia Coffey,Dream,F,10,0,0,1
2024,2024-06-16,Tina Charles,Dream,C,28,20,11,2
2024,2024-06-16,Allisha Gray,Dream,G,34,25,3,2
2024,2024-06-16,Rhyne Howard,Dream,G,35,16,3,5
2024,2024-06-16,Haley Jones,Dream,G,26,3,3,4
2024,2024-06-16,Cheyenne Parker-Tyus,Dream,F,15,4,6,1
2024,2024-06-16,Lorela Cubaj,Dream,F,3,0,1,1
2024,2024-06-16,Naz Hillmon,Dream,F,22,6,5,3
2024,2024-06-16,Aerial Powers,Dream,G,22,13,6,3
2024,2024-06-16,Crystal Dangerfield,Dream,G,5,0,0,0
2024,2024-06-16,Angel Reese,Sky,F,31,11,13,5
2024,2024-06-16,Kamilla Cardoso,Sky,C,35,10,10,2
2024,2024-06-16,Lindsay Allen,Sky,G,27,2,2,2
2024,2024-06-16,Marina Mabrey,Sky,G,37,22,3,4
2024,2024-06-16,Chennedy Carter,Sky,G,28,18,1,4
2024,2024-06-16,Isabelle Harrison,Sky,F,13,6,2,0
2024,2024-06-16,Michaela Onyenwere,Sky,F,1,0,0,0
2024,2024-06-16,Diamond DeShields,Sky,G,7,2,0,0
2024,2024-06-16,Dana Evans,Sky,G,21,12,1,3
2024,2024-06-16,NaLyssa Smith,Fever,F,28,15,7,2
2024,2024-06-16,Aliyah Boston,Fever,C,37,19,14,4
2024,2024-06-16,Kelsey Mitchell,Fever,G,32,17,4,2
2024,2024-06-16,Kristy Wallace,Fever,G,19,0,2,5
2024,2024-06-16,Caitlin Clark,Fever,G,37,23,8,9
2024,2024-06-16,Katie Lou Samuelson,Fever,F,15,9,2,1
2024,2024-06-16,Erica Wheeler,Fever,G,11,2,0,0
2024,2024-06-16,Lexie Hull,Fever,G,21,6,1,0
2024,2024-06-15,Kayla Thornton,Liberty,F,18,3,2,0
2024,2024-06-15,Breanna Stewart,Liberty,F,38,14,12,2
2024,2024-06-15,Jonquel Jones,Liberty,C,33,34,8,1
2024,2024-06-15,Betnijah Laney-Hamilton,Liberty,G,36,12,7,3
2024,2024-06-15,Sabrina Ionescu,Liberty,G,34,15,3,12
2024,2024-06-15,Leonie Fiebich,Liberty,F,23,8,2,1
2024,2024-06-15,Kennedy Burke,Liberty,G,9,0,2,1
2024,2024-06-15,Marquesha Davis,Liberty,G,1,0,0,0
2024,2024-06-15,Ivana Dojkic,Liberty,G,8,4,1,1
2024,2024-06-15,Alysha Clark,Aces,F,31,13,3,3
2024,2024-06-15,Kiah Stokes,Aces,C,21,0,12,2
2024,2024-06-15,A'ja Wilson,Aces,C,36,21,9,3
2024,2024-06-15,Kelsey Plum,Aces,G,32,22,2,3
2024,2024-06-15,Jackie Young,Aces,G,31,10,2,6
2024,2024-06-15,Emma Cannon,Aces,F,1,2,0,1
2024,2024-06-15,Megan Gustafson,Aces,C,1,0,1,0
2024,2024-06-15,Sydney Colson,Aces,G,13,5,0,1
2024,2024-06-15,Tiffany Hayes,Aces,G,21,3,1,3
2024,2024-06-15,Kate Martin,Aces,G,12,6,1,1
2024,2024-06-15,DeWanna Bonner,Sun,F,29,8,8,1
2024,2024-06-15,Alyssa Thomas,Sun,F,29,13,9,9
2024,2024-06-15,Brionna Jones,Sun,F,28,12,8,1
2024,2024-06-15,Tyasha Harris,Sun,G,26,10,1,4
2024,2024-06-15,DiJonai Carrington,Sun,G,24,14,1,1
2024,2024-06-15,Astou Ndour-Fall,Sun,C,8,0,2,0
2024,2024-06-15,Olivia Nelson-Ododa,Sun,C,14,6,3,1
2024,2024-06-15,Rachel Banham,Sun,G,17,16,3,2
2024,2024-06-15,Tiffany Mitchell,Sun,G,20,4,3,0
2024,2024-06-15,Veronica Burton,Sun,G,4,2,0,2
2024,2024-06-15,Monique Billings,Wings,F,30,4,7,2
2024,2024-06-15,Maddy Siegrist,Wings,F,39,16,3,0
2024,2024-06-15,Teaira McCowan,Wings,C,26,16,10,2
2024,2024-06-15,Arike Ogunbowale,Wings,G,35,11,3,5
2024,2024-06-15,Sevgi Uzun,Wings,G,17,2,0,1
2024,2024-06-15,Kalani Brown,Wings,C,14,5,2,3
2024,2024-06-15,Stephanie Soares,Wings,C,11,2,2,1
2024,2024-06-15,Lou Lopez Senechal,Wings,G,5,4,0,1
2024,2024-06-15,Jacy Sheldon,Wings,G,23,7,2,4
2024,2024-06-14,Angel Reese,Sky,F,32,10,14,2
2024,2024-06-14,Kamilla Cardoso,Sky,C,24,12,4,2
2024,2024-06-14,Diamond DeShields,Sky,G,10,2,0,0
2024,2024-06-14,Marina Mabrey,Sky,G,34,5,4,3
2024,2024-06-14,Dana Evans,Sky,G,21,14,1,2
2024,2024-06-14,Isabelle Harrison,Sky,F,18,7,3,0
2024,2024-06-14,Brianna Turner,Sky,F,1,0,0,0
2024,2024-06-14,Michaela Onyenwere,Sky,F,15,5,1,2
2024,2024-06-14,Lindsay Allen,Sky,G,19,10,1,3
2024,2024-06-14,Chennedy Carter,Sky,G,26,16,6,2
2024,2024-06-14,Aaliyah Edwards,Mystics,F,29,16,9,2
2024,2024-06-14,Stefanie Dolson,Mystics,C,29,5,6,5
2024,2024-06-14,Julie Vanloo,Mystics,G,24,8,2,4
2024,2024-06-14,Karlie Samuelson,Mystics,G,32,12,1,2
2024,2024-06-14,Ariel Atkins,Mystics,G,30,29,3,3
2024,2024-06-14,Myisha Hines-Allen,Mystics,F,14,5,6,0
2024,2024-06-14,Emily Engstler,Mystics,F,7,2,3,1
2024,2024-06-14,Shatori Walker-Kimbrough,Mystics,G,21,3,3,2
2024,2024-06-14,DiDi Richards,Mystics,G,0,0,0,0
2024,2024-06-14,Jade Melbourne,Mystics,G,13,3,3,1
2024,2024-06-14,Dearica Hamby,Sparks,F,40,16,11,2
2024,2024-06-14,Cameron Brink,Sparks,F,18,0,4,1
2024,2024-06-14,Rickea Jackson,Sparks,F,30,19,10,3
2024,2024-06-14,Layshia Clarendon,Sparks,G,12,2,1,2
2024,2024-06-14,Kia Nurse,Sparks,G,18,8,1,1
2024,2024-06-14,Stephanie Talbot,Sparks,F,12,2,0,2
2024,2024-06-14,Li Yueru,Sparks,C,15,2,3,1
2024,2024-06-14,Lexie Brown,Sparks,G,22,12,1,4
2024,2024-06-14,Aari McDonald,Sparks,G,28,14,2,7
2024,2024-06-14,Rae Burrell,Sparks,G,5,1,1,0
2024,2024-06-14,Bridget Carleton,Lynx,F,37,11,3,2
2024,2024-06-14,Alanna Smith,Lynx,F,27,12,7,3
2024,2024-06-14,Napheesa Collier,Lynx,F,37,30,6,2
2024,2024-06-14,Kayla McBride,Lynx,G,30,7,0,2
2024,2024-06-14,Courtney Williams,Lynx,G,32,15,8,10
2024,2024-06-14,Cecilia Zandalasini,Lynx,F,4,0,0,0
2024,2024-06-14,Dorka Juhasz,Lynx,F,16,2,2,2
2024,2024-06-14,Natisha Hiedeman,Lynx,G,11,2,1,1
2024,2024-06-14,Olivia Epoupa,Lynx,G,8,2,1,1
2024,2024-06-13,Alysha Clark,Aces,F,35,7,4,2
2024,2024-06-13,Kiah Stokes,Aces,C,12,0,2,0
2024,2024-06-13,A'ja Wilson,Aces,C,34,32,15,2
2024,2024-06-13,Kelsey Plum,Aces,G,32,16,3,5
2024,2024-06-13,Jackie Young,Aces,G,34,34,8,4
2024,2024-06-13,Megan Gustafson,Aces,C,4,0,1,0
2024,2024-06-13,Sydney Colson,Aces,G,18,8,2,3
2024,2024-06-13,Tiffany Hayes,Aces,G,22,6,2,1
2024,2024-06-13,Kate Martin,Aces,G,9,0,0,0
2024,2024-06-13,Brittney Griner,Mercury,C,32,25,9,2
2024,2024-06-13,Diana Taurasi,Mercury,G,32,22,1,4
2024,2024-06-13,Natasha Cloud,Mercury,G,35,8,3,6
2024,2024-06-13,Kahleah Copper,Mercury,G,30,18,4,5
2024,2024-06-13,Rebecca Allen,Mercury,G,24,4,2,1
2024,2024-06-13,Natasha Mack,Mercury,F,9,2,1,1
2024,2024-06-13,Sophie Cunningham,Mercury,G,22,10,1,1
2024,2024-06-13,Sug Sutton,Mercury,G,16,10,2,6
2024,2024-06-13,Nia Coffey,Dream,F,23,4,4,5
2024,2024-06-13,Tina Charles,Dream,C,16,2,6,0
2024,2024-06-13,Allisha Gray,Dream,G,34,12,5,1
2024,2024-06-13,Rhyne Howard,Dream,G,28,26,2,1
2024,2024-06-13,Haley Jones,Dream,G,33,10,3,3
2024,2024-06-13,Cheyenne Parker-Tyus,Dream,F,27,18,6,5
2024,2024-06-13,Naz Hillmon,Dream,F,14,1,3,2
2024,2024-06-13,Aerial Powers,Dream,G,17,8,2,1
2024,2024-06-13,Crystal Dangerfield,Dream,G,9,3,0,2
2024,2024-06-13,NaLyssa Smith,Fever,F,17,10,5,1
2024,2024-06-13,Aliyah Boston,Fever,C,34,27,13,2
2024,2024-06-13,Kelsey Mitchell,Fever,G,32,24,2,2
2024,2024-06-13,Kristy Wallace,Fever,G,24,6,3,2
2024,2024-06-13,Caitlin Clark,Fever,G,35,7,4,6
2024,2024-06-13,Katie Lou Samuelson,Fever,F,28,11,3,1
2024,2024-06-13,Erica Wheeler,Fever,G,20,4,3,3
2024,2024-06-13,Lexie Hull,Fever,G,10,2,1,1
2024,2024-06-13,Nneka Ogwumike,Storm,F,30,17,6,2
2024,2024-06-13,Ezi Magbegor,Storm,F,35,10,10,3
2024,2024-06-13,Skylar Diggins,Storm,G,33,21,3,6
2024,2024-06-13,Jewell Loyd,Storm,G,33,19,0,6
2024,2024-06-13,Victoria Vivians,Storm,G,15,3,1,2
2024,2024-06-13,Jordan Horston,Storm,F,25,10,0,2
2024,2024-06-13,Mercedes Russell,Storm,C,15,6,4,0
2024,2024-06-13,Sami Whitcomb,Storm,G,14,6,2,5
2024,2024-06-13,Monique Billings,Wings,F,39,10,7,3
2024,2024-06-13,Maddy Siegrist,Wings,F,39,16,1,2
2024,2024-06-13,Teaira McCowan,Wings,C,26,19,10,2
2024,2024-06-13,Arike Ogunbowale,Wings,G,36,24,6,5
2024,2024-06-13,Sevgi Uzun,Wings,G,22,2,1,5
2024,2024-06-13,Kalani Brown,Wings,C,14,8,2,2
2024,2024-06-13,Stephanie Soares,Wings,C,3,0,1,0
2024,2024-06-13,Lou Lopez Senechal,Wings,G,5,3,0,1
2024,2024-06-13,Jacy Sheldon,Wings,G,18,2,0,3
2024,2024-06-12,DeWanna Bonner,Sun,F,34,16,8,3
2024,2024-06-12,Alyssa Thomas,Sun,F,40,20,7,4
2024,2024-06-12,Brionna Jones,Sun,F,25,18,4,0
2024,2024-06-12,Tyasha Harris,Sun,G,32,13,4,7
2024,2024-06-12,DiJonai Carrington,Sun,G,25,9,2,1
2024,2024-06-12,Olivia Nelson-Ododa,Sun,C,15,4,3,0
2024,2024-06-12,Tiffany Mitchell,Sun,G,22,3,0,3
2024,2024-06-12,Moriah Jefferson,Sun,G,4,0,0,1
2024,2024-06-12,Veronica Burton,Sun,G,3,0,0,2
2024,2024-06-12,Angel Reese,Sky,F,36,20,10,1
2024,2024-06-12,Kamilla Cardoso,Sky,C,30,10,9,0
2024,2024-06-12,Diamond DeShields,Sky,G,23,9,2,1
2024,2024-06-12,Marina Mabrey,Sky,G,35,10,6,5
2024,2024-06-12,Dana Evans,Sky,G,23,5,1,5
2024,2024-06-12,Isabelle Harrison,Sky,F,11,9,0,1
2024,2024-06-12,Brianna Turner,Sky,F,2,0,0,0
2024,2024-06-12,Michaela Onyenwere,Sky,F,5,0,0,0
2024,2024-06-12,Lindsay Allen,Sky,G,17,2,0,3
2024,2024-06-12,Chennedy Carter,Sky,G,17,10,1,3
2024,2024-06-11,Bridget Carleton,Lynx,F,26,15,5,1
2024,2024-06-11,Alanna Smith,Lynx,F,26,18,4,3
2024,2024-06-11,Napheesa Collier,Lynx,F,28,14,6,6
2024,2024-06-11,Kayla McBride,Lynx,G,34,16,4,8
2024,2024-06-11,Courtney Williams,Lynx,G,24,15,4,9
2024,2024-06-11,Cecilia Zandalasini,Lynx,F,14,0,1,3
2024,2024-06-11,Dorka Juhasz,Lynx,F,19,8,2,2
2024,2024-06-11,Sika Kone,Lynx,F,3,5,0,0
2024,2024-06-11,Alissa Pili,Lynx,F,3,2,1,0
2024,2024-06-11,Natisha Hiedeman,Lynx,G,19,7,1,2
2024,2024-06-11,Olivia Epoupa,Lynx,G,3,0,0,0
2024,2024-06-11,Alysha Clark,Aces,F,27,6,4,1
2024,2024-06-11,Kiah Stokes,Aces,C,19,2,9,1
2024,2024-06-11,A'ja Wilson,Aces,C,33,28,8,3
2024,2024-06-11,Kelsey Plum,Aces,G,35,13,2,4
2024,2024-06-11,Jackie Young,Aces,G,22,6,2,4
2024,2024-06-11,Emma Cannon,Aces,F,3,0,2,0
2024,2024-06-11,Megan Gustafson,Aces,C,14,11,3,1
2024,2024-06-11,Sydney Colson,Aces,G,10,7,0,2
2024,2024-06-11,Tiffany Hayes,Aces,G,23,10,3,2
2024,2024-06-11,Kate Martin,Aces,G,15,3,2,1
2024,2024-06-11,Dearica Hamby,Sparks,F,36,16,11,5
2024,2024-06-11,Cameron Brink,Sparks,F,19,7,4,1
2024,2024-06-11,Rickea Jackson,Sparks,F,16,3,1,0
2024,2024-06-11,Layshia Clarendon,Sparks,G,13,6,1,1
2024,2024-06-11,Kia Nurse,Sparks,G,4,0,0,0
2024,2024-06-11,Stephanie Talbot,Sparks,F,9,0,1,0
2024,2024-06-11,Li Yueru,Sparks,C,24,18,7,1
2024,2024-06-11,Lexie Brown,Sparks,G,29,6,2,5
2024,2024-06-11,Aari McDonald,Sparks,G,27,15,2,3
2024,2024-06-11,Rae Burrell,Sparks,G,22,8,4,2
2024,2024-06-11,Zia Cooke,Sparks,G,1,0,0,1
2024,2024-06-11,Nneka Ogwumike,Storm,F,29,26,8,1
2024,2024-06-11,Ezi Magbegor,Storm,F,25,8,13,4
2024,2024-06-11,Skylar Diggins,Storm,G,31,19,5,6
2024,2024-06-11,Jewell Loyd,Storm,G,32,21,6,2
2024,2024-06-11,Victoria Vivians,Storm,G,17,2,2,1
2024,2024-06-11,Joyner Holmes,Storm,F,11,3,1,1
2024,2024-06-11,Jordan Horston,Storm,F,23,4,5,2
2024,2024-06-11,Mercedes Russell,Storm,C,14,0,3,1
2024,2024-06-11,Sami Whitcomb,Storm,G,16,9,2,1
2024,2024-06-11,Kiana Williams,Storm,G,1,3,0,0
2024,2024-06-11,Nika Muhl,Storm,G,1,0,0,1
2024,2024-06-11,Aaliyah Edwards,Mystics,F,20,4,6,0
2024,2024-06-11,Stefanie Dolson,Mystics,C,29,7,5,2
2024,2024-06-11,Brittney Sykes,Mystics,G,14,18,3,4
2024,2024-06-11,Karlie Samuelson,Mystics,G,25,5,6,4
2024,2024-06-11,Ariel Atkins,Mystics,G,28,18,4,5
2024,2024-06-11,Myisha Hines-Allen,Mystics,F,21,9,6,2
2024,2024-06-11,Emily Engstler,Mystics,F,10,5,4,1
2024,2024-06-11,Julie Vanloo,Mystics,G,23,11,1,4
2024,2024-06-11,Shatori Walker-Kimbrough,Mystics,G,21,8,1,2
2024,2024-06-11,DiDi Richards,Mystics,G,2,2,1,0
2024,2024-06-11,Jade Melbourne,Mystics,G,7,0,1,1
2024,2024-06-11,Cheyenne Parker-Tyus,Dream,F,18,4,1,0
2024,2024-06-11,Tina Charles,Dream,C,27,12,9,3
2024,2024-06-11,Allisha Gray,Dream,G,28,9,5,5
2024,2024-06-11,Rhyne Howard,Dream,G,30,16,2,0
2024,2024-06-11,Haley Jones,Dream,G,18,0,2,3
2024,2024-06-11,Nia Coffey,Dream,F,15,8,4,2
2024,2024-06-11,Lorela Cubaj,Dream,F,6,0,1,0
2024,2024-06-11,Naz Hillmon,Dream,F,13,2,2,1
2024,2024-06-11,Laeticia Amihere,Dream,F,3,0,0,0
2024,2024-06-11,Aerial Powers,Dream,G,19,13,3,0
2024,2024-06-11,Crystal Dangerfield,Dream,G,22,4,3,2
2024,2024-06-10,NaLyssa Smith,Fever,F,19,2,3,3
2024,2024-06-10,Aliyah Boston,Fever,C,33,14,12,5
2024,2024-06-10,Kelsey Mitchell,Fever,G,20,9,2,1
2024,2024-06-10,Kristy Wallace,Fever,G,17,5,0,1
2024,2024-06-10,Caitlin Clark,Fever,G,22,10,0,2
2024,2024-06-10,Katie Lou Samuelson,Fever,F,24,6,1,2
2024,2024-06-10,Victaria Saxton,Fever,F,3,1,0,0
2024,2024-06-10,Erica Wheeler,Fever,G,24,9,3,4
2024,2024-06-10,Lexie Hull,Fever,G,20,10,4,0
2024,2024-06-10,Grace Berger,Fever,G,10,3,1,1
2024,2024-06-10,Celeste Taylor,Fever,G,7,3,0,0
2024,2024-06-10,DeWanna Bonner,Sun,F,22,17,3,0
2024,2024-06-10,Alyssa Thomas,Sun,F,27,7,18,7
2024,2024-06-10,Brionna Jones,Sun,F,19,11,3,4
2024,2024-06-10,Tyasha Harris,Sun,G,29,11,0,4
2024,2024-06-10,DiJonai Carrington,Sun,G,29,22,6,3
2024,2024-06-10,Astou Ndour-Fall,Sun,C,8,2,1,0
2024,2024-06-10,Olivia Nelson-Ododa,Sun,C,20,2,7,1
2024,2024-06-10,Rachel Banham,Sun,G,14,3,1,0
2024,2024-06-10,Tiffany Mitchell,Sun,G,22,10,0,1
2024,2024-06-10,Moriah Jefferson,Sun,G,6,4,0,1
2024,2024-06-10,Veronica Burton,Sun,G,5,0,2,1
2024,2024-06-09,Alysha Clark,Aces,F,31,5,1,2
2024,2024-06-09,Kiah Stokes,Aces,C,15,2,3,0
2024,2024-06-09,A'ja Wilson,Aces,C,37,31,8,5
2024,2024-06-09,Kelsey Plum,Aces,G,39,24,2,5
2024,2024-06-09,Kate Martin,Aces,G,32,13,4,3
2024,2024-06-09,Megan Gustafson,Aces,C,11,0,1,0
2024,2024-06-09,Sydney Colson,Aces,G,7,0,0,0
2024,2024-06-09,Tiffany Hayes,Aces,G,28,17,4,2
2024,2024-06-09,Dearica Hamby,Sparks,F,36,18,10,5
2024,2024-06-09,Cameron Brink,Sparks,F,27,8,6,1
2024,2024-06-09,Rickea Jackson,Sparks,F,23,16,5,1
2024,2024-06-09,Layshia Clarendon,Sparks,G,16,7,1,5
2024,2024-06-09,Kia Nurse,Sparks,G,14,7,0,2
2024,2024-06-09,Stephanie Talbot,Sparks,F,17,2,2,1
2024,2024-06-09,Li Yueru,Sparks,C,17,6,6,0
2024,2024-06-09,Lexie Brown,Sparks,G,21,9,3,4
2024,2024-06-09,Aari McDonald,Sparks,G,24,16,2,2
2024,2024-06-09,Rae Burrell,Sparks,G,5,7,1,0
2024,2024-06-09,Nneka Ogwumike,Storm,F,34,14,6,3
2024,2024-06-09,Ezi Magbegor,Storm,F,34,6,7,1
2024,2024-06-09,Skylar Diggins,Storm,G,33,7,3,3
2024,2024-06-09,Jewell Loyd,Storm,G,37,25,7,3
2024,2024-06-09,Victoria Vivians,Storm,G,18,3,5,0
2024,2024-06-09,Joyner Holmes,Storm,F,1,0,0,0
2024,2024-06-09,Jordan Horston,Storm,F,20,9,3,1
2024,2024-06-09,Mercedes Russell,Storm,C,10,0,3,0
2024,2024-06-09,Sami Whitcomb,Storm,G,9,0,0,1
2024,2024-06-09,Kiana Williams,Storm,G,1,0,0,0
2024,2024-06-09,Nika Muhl,Storm,G,1,0,0,0
2024,2024-06-09,Bridget Carleton,Lynx,F,31,13,0,3
2024,2024-06-09,Alanna Smith,Lynx,F,28,7,3,7
2024,2024-06-09,Napheesa Collier,Lynx,F,35,19,14,3
2024,2024-06-09,Kayla McBride,Lynx,G,32,32,2,1
2024,2024-06-09,Courtney Williams,Lynx,G,28,4,4,3
2024,2024-06-09,Cecilia Zandalasini,Lynx,F,9,2,0,1
2024,2024-06-09,Dorka Juhasz,Lynx,F,14,2,4,0
2024,2024-06-09,Sika Kone,Lynx,F,1,2,1,0
2024,2024-06-09,Alissa Pili,Lynx,F,1,0,0,0
2024,2024-06-09,Natisha Hiedeman,Lynx,G,6,0,0,0
2024,2024-06-09,Olivia Epoupa,Lynx,G,14,2,8,7
2024,2024-06-09,Brittney Griner,Mercury,C,39,24,9,5
2024,2024-06-09,Diana Taurasi,Mercury,G,39,20,7,7
2024,2024-06-09,Natasha Cloud,Mercury,G,44,7,4,7
2024,2024-06-09,Kahleah Copper,Mercury,G,44,29,3,1
2024,2024-06-09,Rebecca Allen,Mercury,G,30,6,3,1
2024,2024-06-09,Natasha Mack,Mercury,F,11,2,1,0
2024,2024-06-09,Liz Dixon,Mercury,F,0,0,0,0
2024,2024-06-09,Sophie Cunningham,Mercury,G,27,7,2,3
2024,2024-06-09,Sug Sutton,Mercury,G,14,2,0,1
2024,2024-06-09,Monique Billings,Wings,F,47,10,11,3
2024,2024-06-09,Maddy Siegrist,Wings,F,48,12,3,0
2024,2024-06-09,Teaira McCowan,Wings,C,37,20,9,4
2024,2024-06-09,Arike Ogunbowale,Wings,G,50,25,7,10
2024,2024-06-09,Sevgi Uzun,Wings,G,33,11,2,2
2024,2024-06-09,Kalani Brown,Wings,C,14,8,1,2
2024,2024-06-09,Stephanie Soares,Wings,C,5,0,0,1
2024,2024-06-09,Jacy Sheldon,Wings,G,17,4,3,3
2024,2024-06-09,Aaliyah Edwards,Mystics,F,30,9,6,3
2024,2024-06-09,Stefanie Dolson,Mystics,C,21,7,2,3
2024,2024-06-09,Julie Vanloo,Mystics,G,23,8,0,4
2024,2024-06-09,Karlie Samuelson,Mystics,G,26,5,1,2
2024,2024-06-09,Ariel Atkins,Mystics,G,38,13,2,5
2024,2024-06-09,Myisha Hines-Allen,Mystics,F,25,20,8,7
2024,2024-06-09,Emily Engstler,Mystics,F,4,0,1,1
2024,2024-06-09,Shatori Walker-Kimbrough,Mystics,G,21,5,1,0
2024,2024-06-09,Jade Melbourne,Mystics,G,14,21,1,1
2024,2024-06-09,Kayla Thornton,Liberty,F,17,2,4,0
2024,2024-06-09,Breanna Stewart,Liberty,F,36,14,7,3
2024,2024-06-09,Jonquel Jones,Liberty,C,33,29,8,3
2024,2024-06-09,Betnijah Laney-Hamilton,Liberty,G,33,5,10,6
2024,2024-06-09,Sabrina Ionescu,Liberty,G,34,19,6,8
2024,2024-06-09,Leonie Fiebich,Liberty,F,25,12,3,1
2024,2024-06-09,Kennedy Burke,Liberty,G,11,9,2,2
2024,2024-06-09,Marquesha Davis,Liberty,G,3,0,0,1
2024,2024-06-09,Ivana Dojkic,Liberty,G,8,3,0,0
2024,2024-06-08,Cheyenne Parker-Tyus,Dream,F,25,18,4,4
2024,2024-06-08,Tina Charles,Dream,C,32,22,7,1
2024,2024-06-08,Allisha Gray,Dream,G,31,14,3,0
2024,2024-06-08,Rhyne Howard,Dream,G,33,10,6,10
2024,2024-06-08,Haley Jones,Dream,G,14,6,2,3
2024,2024-06-08,Nia Coffey,Dream,F,4,0,0,0
2024,2024-06-08,Lorela Cubaj,Dream,F,2,0,2,0
2024,2024-06-08,Naz Hillmon,Dream,F,18,8,3,1
2024,2024-06-08,Aerial Powers,Dream,G,16,11,3,0
2024,2024-06-08,Crystal Dangerfield,Dream,G,24,0,1,3
2024,2024-06-08,Angel Reese,Sky,F,33,13,13,2
2024,2024-06-08,Kamilla Cardoso,Sky,C,21,13,5,1
2024,2024-06-08,Diamond DeShields,Sky,G,21,8,0,3
2024,2024-06-08,Marina Mabrey,Sky,G,32,12,3,2
2024,2024-06-08,Dana Evans,Sky,G,31,13,0,5
2024,2024-06-08,Isabelle Harrison,Sky,F,19,7,5,0
2024,2024-06-08,Brianna Turner,Sky,F,3,2,0,0
2024,2024-06-08,Michaela Onyenwere,Sky,F,4,0,0,0
2024,2024-06-08,Lindsay Allen,Sky,G,17,8,1,2
2024,2024-06-08,Kysre Gondrezick,Sky,G,4,0,0,1
2024,2024-06-08,Chennedy Carter,Sky,G,15,4,2,1
2024,2024-06-08,Kayla Thornton,Liberty,F,30,6,1,3
2024,2024-06-08,Breanna Stewart,Liberty,F,38,13,7,5
2024,2024-06-08,Jonquel Jones,Liberty,C,38,22,8,5
2024,2024-06-08,Betnijah Laney-Hamilton,Liberty,G,37,10,7,6
2024,2024-06-08,Sabrina Ionescu,Liberty,G,34,24,3,5
2024,2024-06-08,Leonie Fiebich,Liberty,F,17,7,1,2
2024,2024-06-08,Kennedy Burke,Liberty,G,4,0,1,1
2024,2024-06-08,Ivana Dojkic,Liberty,G,2,0,0,0
2024,2024-06-08,DeWanna Bonner,Sun,F,34,16,8,3
2024,2024-06-08,Alyssa Thomas,Sun,F,40,10,12,7
2024,2024-06-08,Brionna Jones,Sun,F,35,13,4,2
2024,2024-06-08,Tyasha Harris,Sun,G,38,11,3,2
2024,2024-06-08,DiJonai Carrington,Sun,G,29,12,4,2
2024,2024-06-08,Olivia Nelson-Ododa,Sun,C,5,1,2,0
2024,2024-06-08,Rachel Banham,Sun,G,3,0,1,0
2024,2024-06-08,Tiffany Mitchell,Sun,G,14,12,1,1
2024,2024-06-08,Veronica Burton,Sun,G,2,0,0,0
2024,2024-06-07,Nneka Ogwumike,Storm,F,28,12,11,2
2024,2024-06-07,Ezi Magbegor,Storm,F,37,14,15,5
2024,2024-06-07,Skylar Diggins,Storm,G,34,21,2,7
2024,2024-06-07,Jewell Loyd,Storm,G,36,25,9,2
2024,2024-06-07,Victoria Vivians,Storm,G,12,2,1,0
2024,2024-06-07,Joyner Holmes,Storm,F,7,2,0,0
2024,2024-06-07,Jordan Horston,Storm,F,17,2,1,0
2024,2024-06-07,Mercedes Russell,Storm,C,8,0,0,0
2024,2024-06-07,Sami Whitcomb,Storm,G,21,0,4,3
2024,2024-06-07,Alysha Clark,Aces,F,24,5,2,2
2024,2024-06-07,Kiah Stokes,Aces,C,23,0,8,1
2024,2024-06-07,A'ja Wilson,Aces,C,36,29,11,0
2024,2024-06-07,Kelsey Plum,Aces,G,40,18,1,2
2024,2024-06-07,Jackie Young,Aces,G,28,3,4,3
2024,2024-06-07,Megan Gustafson,Aces,C,8,3,3,0
2024,2024-06-07,Tiffany Hayes,Aces,G,23,5,3,4
2024,2024-06-07,Kate Martin,Aces,G,18,2,4,1
2024,2024-06-07,Monique Billings,Wings,F,37,8,12,3
2024,2024-06-07,Maddy Siegrist,Wings,F,36,21,6,1
2024,2024-06-07,Teaira McCowan,Wings,C,30,6,7,3
2024,2024-06-07,Arike Ogunbowale,Wings,G,38,22,1,4
2024,2024-06-07,Sevgi Uzun,Wings,G,34,9,4,1
2024,2024-06-07,Kalani Brown,Wings,C,10,6,2,0
2024,2024-06-07,Stephanie Soares,Wings,C,7,0,1,0
2024,2024-06-07,Jacy Sheldon,Wings,G,6,0,2,2
2024,2024-06-07,Dearica Hamby,Sparks,F,31,22,12,4
2024,2024-06-07,Cameron Brink,Sparks,F,26,10,10,1
2024,2024-06-07,Rickea Jackson,Sparks,F,24,8,1,0
2024,2024-06-07,Layshia Clarendon,Sparks,G,20,7,1,1
2024,2024-06-07,Kia Nurse,Sparks,G,15,0,2,1
2024,2024-06-07,Stephanie Talbot,Sparks,F,13,0,2,3
2024,2024-06-07,Li Yueru,Sparks,C,11,7,3,1
2024,2024-06-07,Lexie Brown,Sparks,G,27,16,4,6
2024,2024-06-07,Aari McDonald,Sparks,G,20,7,1,6
2024,2024-06-07,Rae Burrell,Sparks,G,11,4,0,0
2024,2024-06-07,Zia Cooke,Sparks,G,2,0,0,0
2024,2024-06-07,Bridget Carleton,Lynx,F,33,4,2,2
2024,2024-06-07,Alanna Smith,Lynx,F,29,12,4,6
2024,2024-06-07,Napheesa Collier,Lynx,F,40,20,12,6
2024,2024-06-07,Kayla McBride,Lynx,G,35,25,5,3
2024,2024-06-07,Courtney Williams,Lynx,G,23,6,6,2
2024,2024-06-07,Cecilia Zandalasini,Lynx,F,7,3,1,0
2024,2024-06-07,Dorka Juhasz,Lynx,F,7,0,3,2
2024,2024-06-07,Alissa Pili,Lynx,F,4,0,0,0
2024,2024-06-07,Natisha Hiedeman,Lynx,G,17,8,3,3
2024,2024-06-07,Olivia Epoupa,Lynx,G,6,2,0,0
2024,2024-06-07,Brittney Griner,Mercury,C,21,11,4,1
2024,2024-06-07,Diana Taurasi,Mercury,G,31,12,6,2
2024,2024-06-07,Natasha Cloud,Mercury,G,34,8,6,10
2024,2024-06-07,Kahleah Copper,Mercury,G,32,34,6,2
2024,2024-06-07,Rebecca Allen,Mercury,G,27,9,4,0
2024,2024-06-07,Natasha Mack,Mercury,F,18,2,7,0
2024,2024-06-07,Liz Dixon,Mercury,F,1,2,1,0
2024,2024-06-07,Sophie Cunningham,Mercury,G,22,3,5,1
2024,2024-06-07,Sug Sutton,Mercury,G,14,0,0,2
2024,2024-06-07,NaLyssa Smith,Fever,F,29,10,10,0
2024,2024-06-07,Aliyah Boston,Fever,C,33,10,6,3
2024,2024-06-07,Kelsey Mitchell,Fever,G,35,16,1,4
2024,2024-06-07,Kristy Wallace,Fever,G,33,9,2,2
2024,2024-06-07,Caitlin Clark,Fever,G,39,30,8,6
2024,2024-06-07,Katie Lou Samuelson,Fever,F,18,6,2,1
2024,2024-06-07,Erica Wheeler,Fever,G,13,4,1,5
2024,2024-06-07,Aaliyah Edwards,Mystics,F,29,10,12,2
2024,2024-06-07,Stefanie Dolson,Mystics,C,30,19,6,3
2024,2024-06-07,Julie Vanloo,Mystics,G,29,9,3,6
2024,2024-06-07,Karlie Samuelson,Mystics,G,32,11,2,1
2024,2024-06-07,Ariel Atkins,Mystics,G,35,16,6,5
2024,2024-06-07,Myisha Hines-Allen,Mystics,F,17,10,4,2
2024,2024-06-07,Emily Engstler,Mystics,F,4,0,1,1
2024,2024-06-07,Shatori Walker-Kimbrough,Mystics,G,14,2,3,2
2024,2024-06-07,DiDi Richards,Mystics,G,8,2,0,0
2024,2024-06-07,Jade Melbourne,Mystics,G,4,4,1,0
2024,2024-06-06,Kayla Thornton,Liberty,F,26,6,4,3
2024,2024-06-06,Breanna Stewart,Liberty,F,35,25,10,5
2024,2024-06-06,Jonquel Jones,Liberty,C,34,10,8,2
2024,2024-06-06,Betnijah Laney-Hamilton,Liberty,G,35,15,5,4
2024,2024-06-06,Sabrina Ionescu,Liberty,G,31,10,5,5
2024,2024-06-06,Leonie Fiebich,Liberty,F,22,8,9,5
2024,2024-06-06,Kennedy Burke,Liberty,G,11,4,2,0
2024,2024-06-06,Marquesha Davis,Liberty,G,1,0,1,0
2024,2024-06-06,Ivana Dojkic,Liberty,G,5,0,0,0
2024,2024-06-06,Cheyenne Parker-Tyus,Dream,F,22,8,6,1
2024,2024-06-06,Tina Charles,Dream,C,19,5,8,1
2024,2024-06-06,Allisha Gray,Dream,G,32,16,5,0
2024,2024-06-06,Rhyne Howard,Dream,G,32,11,6,5
2024,2024-06-06,Haley Jones,Dream,G,24,0,1,1
2024,2024-06-06,Nia Coffey,Dream,F,9,0,0,0
2024,2024-06-06,Lorela Cubaj,Dream,F,11,4,2,2
2024,2024-06-06,Naz Hillmon,Dream,F,17,4,2,1
2024,2024-06-06,Laeticia Amihere,Dream,F,2,0,1,0
2024,2024-06-06,Aerial Powers,Dream,G,19,13,3,2
2024,2024-06-06,Crystal Dangerfield,Dream,G,13,0,0,2
2024,2024-06-06,Angel Reese,Sky,F,35,16,11,3
2024,2024-06-06,Elizabeth Williams,Sky,C,10,6,1,0
2024,2024-06-06,Diamond DeShields,Sky,G,11,2,2,0
2024,2024-06-06,Marina Mabrey,Sky,G,32,10,3,2
2024,2024-06-06,Dana Evans,Sky,G,13,0,1,4
2024,2024-06-06,Isabelle Harrison,Sky,F,16,14,7,0
2024,2024-06-06,Brianna Turner,Sky,F,3,0,2,0
2024,2024-06-06,Michaela Onyenwere,Sky,F,3,0,0,1
2024,2024-06-06,Kamilla Cardoso,Sky,C,15,2,5,3
2024,2024-06-06,Lindsay Allen,Sky,G,27,4,3,3
2024,2024-06-06,Kysre Gondrezick,Sky,G,7,0,1,0
2024,2024-06-06,Chennedy Carter,Sky,G,27,25,4,2
2024,2024-06-06,Aaliyah Edwards,Mystics,F,36,23,14,2
2024,2024-06-06,Stefanie Dolson,Mystics,C,22,8,0,5
2024,2024-06-06,Julie Vanloo,Mystics,G,25,6,0,7
2024,2024-06-06,Karlie Samuelson,Mystics,G,28,3,5,2
2024,2024-06-06,Ariel Atkins,Mystics,G,27,10,4,1
2024,2024-06-06,Myisha Hines-Allen,Mystics,F,12,2,4,0
2024,2024-06-06,Emily Engstler,Mystics,F,9,2,5,1
2024,2024-06-06,Shatori Walker-Kimbrough,Mystics,G,30,11,2,1
2024,2024-06-06,Jade Melbourne,Mystics,G,11,6,2,1
2024,2024-06-05,Bridget Carleton,Lynx,F,32,15,7,2
2024,2024-06-05,Alanna Smith,Lynx,F,27,10,5,4
2024,2024-06-05,Napheesa Collier,Lynx,F,32,25,9,3
2024,2024-06-05,Kayla McBride,Lynx,G,26,13,3,3
2024,2024-06-05,Courtney Williams,Lynx,G,21,9,6,4
2024,2024-06-05,Cecilia Zandalasini,Lynx,F,14,8,2,2
2024,2024-06-05,Dorka Juhasz,Lynx,F,11,6,1,0
2024,2024-06-05,Sika Kone,Lynx,F,2,0,0,0
2024,2024-06-05,Alissa Pili,Lynx,F,8,0,1,0
2024,2024-06-05,Natisha Hiedeman,Lynx,G,17,0,1,4
2024,2024-06-05,Olivia Epoupa,Lynx,G,10,0,2,3
2024,2024-06-05,Dearica Hamby,Sparks,F,37,17,11,2
2024,2024-06-05,Cameron Brink,Sparks,F,16,2,6,2
2024,2024-06-05,Rickea Jackson,Sparks,F,14,2,2,1
2024,2024-06-05,Layshia Clarendon,Sparks,G,22,7,4,1
2024,2024-06-05,Kia Nurse,Sparks,G,18,6,2,1
2024,2024-06-05,Stephanie Talbot,Sparks,F,15,4,2,3
2024,2024-06-05,Li Yueru,Sparks,C,14,6,5,0
2024,2024-06-05,Lexie Brown,Sparks,G,20,6,3,2
2024,2024-06-05,Aari McDonald,Sparks,G,18,3,4,2
2024,2024-06-05,Rae Burrell,Sparks,G,23,9,5,1
2024,2024-06-05,Zia Cooke,Sparks,G,3,0,0,0
2024,2024-06-05,Alysha Clark,Aces,F,30,9,1,1
2024,2024-06-05,Kiah Stokes,Aces,C,23,0,5,2
2024,2024-06-05,A'ja Wilson,Aces,C,34,36,12,2
2024,2024-06-05,Kelsey Plum,Aces,G,37,20,3,3
2024,2024-06-05,Jackie Young,Aces,G,35,19,6,7
2024,2024-06-05,Emma Cannon,Aces,F,1,0,0,0
2024,2024-06-05,Megan Gustafson,Aces,C,6,0,0,0
2024,2024-06-05,Sydney Colson,Aces,G,1,0,0,0
2024,2024-06-05,Tiffany Hayes,Aces,G,21,11,6,4
2024,2024-06-05,Kate Martin,Aces,G,14,0,0,1
2024,2024-06-05,Monique Billings,Wings,F,33,12,6,0
2024,2024-06-05,Maddy Siegrist,Wings,F,37,14,5,2
2024,2024-06-05,Teaira McCowan,Wings,C,30,14,15,3
2024,2024-06-05,Arike Ogunbowale,Wings,G,37,31,4,7
2024,2024-06-05,Sevgi Uzun,Wings,G,26,4,2,4
2024,2024-06-05,Kalani Brown,Wings,C,12,2,4,0
2024,2024-06-05,Stephanie Soares,Wings,C,14,4,4,1
2024,2024-06-05,Lou Lopez Senechal,Wings,G,2,0,0,0
2024,2024-06-05,Jacy Sheldon,Wings,G,9,0,0,1
2024,2024-06-04,Natasha Mack,Mercury,F,22,2,2,1
2024,2024-06-04,Diana Taurasi,Mercury,G,32,7,5,0
2024,2024-06-04,Natasha Cloud,Mercury,G,37,10,6,5
2024,2024-06-04,Kahleah Copper,Mercury,G,31,19,7,1
2024,2024-06-04,Sophie Cunningham,Mercury,G,26,4,3,2
2024,2024-06-04,Morgan Bertsch,Mercury,F,3,0,1,0
2024,2024-06-04,Mikiah Herbert Harrigan,Mercury,F,12,6,2,0
2024,2024-06-04,Liz Dixon,Mercury,F,16,6,6,1
2024,2024-06-04,Sug Sutton,Mercury,G,21,8,1,3
2024,2024-06-04,Ezi Magbegor,Storm,F,31,21,9,2
2024,2024-06-04,Mercedes Russell,Storm,C,25,5,5,1
2024,2024-06-04,Skylar Diggins,Storm,G,31,17,3,4
2024,2024-06-04,Jewell Loyd,Storm,G,33,15,7,6
2024,2024-06-04,Victoria Vivians,Storm,G,26,10,7,3
2024,2024-06-04,Joyner Holmes,Storm,F,20,2,4,2
2024,2024-06-04,Jordan Horston,Storm,F,14,7,6,1
2024,2024-06-04,Sami Whitcomb,Storm,G,17,0,1,1
2024,2024-06-04,Kiana Williams,Storm,G,1,3,0,0
2024,2024-06-04,Nika Muhl,Storm,G,1,0,0,0
2024,2024-06-04,Breanna Stewart,Liberty,F,38,33,14,3
2024,2024-06-04,Jonquel Jones,Liberty,C,25,5,12,4
2024,2024-06-04,Courtney Vandersloot,Liberty,G,29,6,4,6
2024,2024-06-04,Betnijah Laney-Hamilton,Liberty,G,31,14,3,5
2024,2024-06-04,Sabrina Ionescu,Liberty,G,37,24,7,4
2024,2024-06-04,Kayla Thornton,Liberty,F,17,3,0,1
2024,2024-06-04,Leonie Fiebich,Liberty,F,11,3,1,1
2024,2024-06-04,Kennedy Burke,Liberty,G,10,0,1,0
2024,2024-06-04,Angel Reese,Sky,F,24,13,10,1
2024,2024-06-04,Elizabeth Williams,Sky,C,28,10,8,2
2024,2024-06-04,Diamond DeShields,Sky,G,19,4,2,2
2024,2024-06-04,Marina Mabrey,Sky,G,35,15,6,5
2024,2024-06-04,Dana Evans,Sky,G,26,4,3,0
2024,2024-06-04,Isabelle Harrison,Sky,F,16,6,4,0
2024,2024-06-04,Kamilla Cardoso,Sky,C,12,1,5,0
2024,2024-06-04,Lindsay Allen,Sky,G,14,6,1,3
2024,2024-06-04,Chennedy Carter,Sky,G,26,16,3,2
2024,2024-06-04,Aaliyah Edwards,Mystics,F,28,14,9,0
2024,2024-06-04,Stefanie Dolson,Mystics,C,26,5,7,2
2024,2024-06-04,Julie Vanloo,Mystics,G,22,5,3,5
2024,2024-06-04,Karlie Samuelson,Mystics,G,31,9,3,1
2024,2024-06-04,Ariel Atkins,Mystics,G,32,9,3,2
2024,2024-06-04,Myisha Hines-Allen,Mystics,F,22,10,4,0
2024,2024-06-04,Emily Engstler,Mystics,F,4,0,0,0
2024,2024-06-04,Shatori Walker-Kimbrough,Mystics,G,17,2,5,2
2024,2024-06-04,DiDi Richards,Mystics,G,2,2,0,0
2024,2024-06-04,Jade Melbourne,Mystics,G,17,3,3,1
2024,2024-06-04,DeWanna Bonner,Sun,F,34,20,8,3
2024,2024-06-04,Alyssa Thomas,Sun,F,32,7,7,7
2024,2024-06-04,Brionna Jones,Sun,F,22,15,3,0
2024,2024-06-04,Tyasha Harris,Sun,G,34,14,1,6
2024,2024-06-04,DiJonai Carrington,Sun,G,29,4,5,5
2024,2024-06-04,Astou Ndour-Fall,Sun,C,2,2,0,0
2024,2024-06-04,Queen Egbo,Sun,C,2,0,0,0
2024,2024-06-04,Olivia Nelson-Ododa,Sun,C,16,4,5,0
2024,2024-06-04,Rachel Banham,Sun,G,10,3,1,1
2024,2024-06-04,Tiffany Mitchell,Sun,G,19,7,1,0
2024,2024-06-02,NaLyssa Smith,Fever,F,31,17,8,1
2024,2024-06-02,Aliyah Boston,Fever,C,26,5,4,3
2024,2024-06-02,Kelsey Mitchell,Fever,G,30,21,0,0
2024,2024-06-02,Kristy Wallace,Fever,G,20,6,2,1
2024,2024-06-02,Caitlin Clark,Fever,G,29,3,2,5
2024,2024-06-02,Katie Lou Samuelson,Fever,F,20,1,4,2
2024,2024-06-02,Victaria Saxton,Fever,F,3,2,0,0
2024,2024-06-02,Damiris Dantas,Fever,C,NA,0,0,0
2024,2024-06-02,Erica Wheeler,Fever,G,18,7,4,2
2024,2024-06-02,Lexie Hull,Fever,G,8,0,0,2
2024,2024-06-02,Grace Berger,Fever,G,13,6,4,2
2024,2024-06-02,Celeste Taylor,Fever,G,3,0,0,0
2024,2024-06-02,Breanna Stewart,Liberty,F,24,13,6,5
2024,2024-06-02,Jonquel Jones,Liberty,C,29,18,13,4
2024,2024-06-02,Courtney Vandersloot,Liberty,G,23,9,5,7
2024,2024-06-02,Betnijah Laney-Hamilton,Liberty,G,25,20,2,5
2024,2024-06-02,Sabrina Ionescu,Liberty,G,27,16,6,6
2024,2024-06-02,Kayla Thornton,Liberty,F,20,5,1,1
2024,2024-06-02,Leonie Fiebich,Liberty,F,17,8,1,0
2024,2024-06-02,Kennedy Burke,Liberty,G,24,10,2,1
2024,2024-06-02,Marquesha Davis,Liberty,G,6,2,2,0
2024,2024-06-02,Ivana Dojkic,Liberty,G,4,3,1,1
2024,2024-06-02,Monique Billings,Wings,F,40,19,15,3
2024,2024-06-02,Maddy Siegrist,Wings,F,37,12,2,2
2024,2024-06-02,Teaira McCowan,Wings,C,28,8,6,3
2024,2024-06-02,Arike Ogunbowale,Wings,G,40,21,6,6
2024,2024-06-02,Sevgi Uzun,Wings,G,36,12,4,4
2024,2024-06-02,Kalani Brown,Wings,C,12,4,1,0
2024,2024-06-02,Stephanie Soares,Wings,C,3,0,0,0
2024,2024-06-02,Lou Lopez Senechal,Wings,G,0,0,0,1
2024,2024-06-02,Jacy Sheldon,Wings,G,5,0,0,1
2024,2024-06-02,Bridget Carleton,Lynx,F,23,3,2,2
2024,2024-06-02,Alanna Smith,Lynx,F,27,8,3,1
2024,2024-06-02,Napheesa Collier,Lynx,F,37,24,14,4
2024,2024-06-02,Kayla McBride,Lynx,G,33,25,0,4
2024,2024-06-02,Courtney Williams,Lynx,G,19,10,5,4
2024,2024-06-02,Cecilia Zandalasini,Lynx,F,24,6,0,2
2024,2024-06-02,Dorka Juhasz,Lynx,F,15,7,2,3
2024,2024-06-02,Sika Kone,Lynx,F,0,0,0,0
2024,2024-06-02,Alissa Pili,Lynx,F,0,0,0,0
2024,2024-06-02,Natisha Hiedeman,Lynx,G,7,0,0,1
2024,2024-06-02,Olivia Epoupa,Lynx,G,14,4,1,2
2024,2024-06-02,Dearica Hamby,Sparks,F,34,23,4,2
2024,2024-06-02,Cameron Brink,Sparks,F,26,6,5,1
2024,2024-06-02,Rickea Jackson,Sparks,F,27,9,7,1
2024,2024-06-02,Lexie Brown,Sparks,G,12,0,3,2
2024,2024-06-02,Kia Nurse,Sparks,G,34,12,1,4
2024,2024-06-02,Stephanie Talbot,Sparks,F,16,5,3,1
2024,2024-06-02,Li Yueru,Sparks,C,7,2,2,1
2024,2024-06-02,Aari McDonald,Sparks,G,23,3,2,5
2024,2024-06-02,Rae Burrell,Sparks,G,6,0,1,0
2024,2024-06-02,Zia Cooke,Sparks,G,16,8,2,1
2024,2024-06-02,Natasha Mack,Mercury,F,26,4,12,1
2024,2024-06-02,Diana Taurasi,Mercury,G,29,31,2,0
2024,2024-06-02,Natasha Cloud,Mercury,G,35,21,3,12
2024,2024-06-02,Kahleah Copper,Mercury,G,29,12,3,0
2024,2024-06-02,Sophie Cunningham,Mercury,G,32,10,5,4
2024,2024-06-02,Mikiah Herbert Harrigan,Mercury,F,12,2,3,0
2024,2024-06-02,Liz Dixon,Mercury,F,12,2,3,1
2024,2024-06-02,Sug Sutton,Mercury,G,25,5,2,2
2024,2024-06-02,DeWanna Bonner,Sun,F,30,18,10,1
2024,2024-06-02,Alyssa Thomas,Sun,F,35,8,14,11
2024,2024-06-02,Brionna Jones,Sun,F,27,9,5,4
2024,2024-06-02,Tyasha Harris,Sun,G,32,13,4,3
2024,2024-06-02,DiJonai Carrington,Sun,G,32,15,4,3
2024,2024-06-02,Queen Egbo,Sun,C,1,0,0,0
2024,2024-06-02,Olivia Nelson-Ododa,Sun,C,13,2,6,0
2024,2024-06-02,Rachel Banham,Sun,G,10,2,0,0
2024,2024-06-02,Tiffany Mitchell,Sun,G,15,2,1,0
2024,2024-06-02,Moriah Jefferson,Sun,G,3,0,1,0
2024,2024-06-02,Cheyenne Parker-Tyus,Dream,F,13,4,3,1
2024,2024-06-02,Tina Charles,Dream,C,31,12,12,1
2024,2024-06-02,Allisha Gray,Dream,G,30,9,4,1
2024,2024-06-02,Rhyne Howard,Dream,G,32,4,2,2
2024,2024-06-02,Haley Jones,Dream,G,20,3,1,1
2024,2024-06-02,Nia Coffey,Dream,F,18,2,2,0
2024,2024-06-02,Lorela Cubaj,Dream,F,2,0,1,0
2024,2024-06-02,Naz Hillmon,Dream,F,14,7,4,0
2024,2024-06-02,Laeticia Amihere,Dream,F,5,0,1,0
2024,2024-06-02,Aerial Powers,Dream,G,18,7,2,1
2024,2024-06-02,Crystal Dangerfield,Dream,G,18,2,1,3
2024,2024-06-01,Michaela Onyenwere,Sky,F,8,0,0,0
2024,2024-06-01,Angel Reese,Sky,F,30,8,13,1
2024,2024-06-01,Elizabeth Williams,Sky,C,22,2,5,1
2024,2024-06-01,Marina Mabrey,Sky,G,38,15,9,2
2024,2024-06-01,Dana Evans,Sky,G,35,12,4,4
2024,2024-06-01,Isabelle Harrison,Sky,F,10,3,2,0
2024,2024-06-01,Kamilla Cardoso,Sky,C,18,11,6,0
2024,2024-06-01,Lindsay Allen,Sky,G,9,0,0,1
2024,2024-06-01,Chennedy Carter,Sky,G,30,19,4,6
2024,2024-06-01,NaLyssa Smith,Fever,F,35,17,9,3
2024,2024-06-01,Aliyah Boston,Fever,C,34,10,8,2
2024,2024-06-01,Kelsey Mitchell,Fever,G,33,18,2,2
2024,2024-06-01,Kristy Wallace,Fever,G,23,10,3,2
2024,2024-06-01,Caitlin Clark,Fever,G,37,11,8,6
2024,2024-06-01,Katie Lou Samuelson,Fever,F,11,5,3,2
2024,2024-06-01,Erica Wheeler,Fever,G,20,0,0,2
2024,2024-06-01,Grace Berger,Fever,G,7,0,0,0
2024,2024-05-31,Natasha Mack,Mercury,F,27,8,10,1
2024,2024-05-31,Diana Taurasi,Mercury,G,22,14,2,2
2024,2024-05-31,Natasha Cloud,Mercury,G,30,5,6,7
2024,2024-05-31,Kahleah Copper,Mercury,G,31,21,1,1
2024,2024-05-31,Sophie Cunningham,Mercury,G,24,13,5,0
2024,2024-05-31,Morgan Bertsch,Mercury,F,13,0,1,0
2024,2024-05-31,Mikiah Herbert Harrigan,Mercury,F,15,5,0,1
2024,2024-05-31,Liz Dixon,Mercury,F,16,3,8,0
2024,2024-05-31,Sug Sutton,Mercury,G,23,2,3,4
2024,2024-05-31,Bridget Carleton,Lynx,F,28,6,4,3
2024,2024-05-31,Alanna Smith,Lynx,F,18,8,2,3
2024,2024-05-31,Napheesa Collier,Lynx,F,26,14,11,2
2024,2024-05-31,Kayla McBride,Lynx,G,22,6,3,4
2024,2024-05-31,Courtney Williams,Lynx,G,19,11,3,5
2024,2024-05-31,Cecilia Zandalasini,Lynx,F,24,12,3,3
2024,2024-05-31,Dorka Juhasz,Lynx,F,16,13,4,0
2024,2024-05-31,Sika Kone,Lynx,F,5,0,0,0
2024,2024-05-31,Alissa Pili,Lynx,F,15,20,4,2
2024,2024-05-31,Natisha Hiedeman,Lynx,G,21,5,2,5
2024,2024-05-31,Olivia Epoupa,Lynx,G,7,0,0,2
2024,2024-05-31,Alysha Clark,Aces,F,35,7,8,0
2024,2024-05-31,Kiah Stokes,Aces,C,22,0,7,1
2024,2024-05-31,A'ja Wilson,Aces,C,35,28,9,3
2024,2024-05-31,Kelsey Plum,Aces,G,39,19,1,6
2024,2024-05-31,Jackie Young,Aces,G,36,15,6,5
2024,2024-05-31,Megan Gustafson,Aces,C,8,3,0,0
2024,2024-05-31,Sydney Colson,Aces,G,3,0,0,0
2024,2024-05-31,Kate Martin,Aces,G,21,2,3,3
2024,2024-05-31,Cheyenne Parker-Tyus,Dream,F,26,7,8,2
2024,2024-05-31,Tina Charles,Dream,C,30,7,8,3
2024,2024-05-31,Allisha Gray,Dream,G,34,24,4,3
2024,2024-05-31,Rhyne Howard,Dream,G,33,16,2,2
2024,2024-05-31,Haley Jones,Dream,G,22,8,5,2
2024,2024-05-31,Nia Coffey,Dream,F,13,2,3,2
2024,2024-05-31,Naz Hillmon,Dream,F,11,0,3,2
2024,2024-05-31,Aerial Powers,Dream,G,25,7,4,1
2024,2024-05-31,Crystal Dangerfield,Dream,G,6,7,1,0
2024,2024-05-31,Monique Billings,Wings,F,28,4,4,4
2024,2024-05-31,Maddy Siegrist,Wings,F,34,17,2,0
2024,2024-05-31,Teaira McCowan,Wings,C,25,10,7,2
2024,2024-05-31,Arike Ogunbowale,Wings,G,39,21,4,7
2024,2024-05-31,Sevgi Uzun,Wings,G,34,7,3,3
2024,2024-05-31,Kalani Brown,Wings,C,15,10,3,1
2024,2024-05-31,Stephanie Soares,Wings,C,16,3,6,4
2024,2024-05-31,Lou Lopez Senechal,Wings,G,1,0,0,0
2024,2024-05-31,Jacy Sheldon,Wings,G,9,0,1,0
2024,2024-05-31,DeWanna Bonner,Sun,F,35,12,4,2
2024,2024-05-31,Alyssa Thomas,Sun,F,36,15,9,14
2024,2024-05-31,Brionna Jones,Sun,F,30,22,4,1
2024,2024-05-31,Tyasha Harris,Sun,G,32,7,2,4
2024,2024-05-31,DiJonai Carrington,Sun,G,29,9,3,1
2024,2024-05-31,Astou Ndour-Fall,Sun,C,3,0,1,0
2024,2024-05-31,Olivia Nelson-Ododa,Sun,C,10,1,2,0
2024,2024-05-31,Rachel Banham,Sun,G,13,3,2,0
2024,2024-05-31,Tiffany Mitchell,Sun,G,11,5,1,0
2024,2024-05-31,Moriah Jefferson,Sun,G,2,0,0,0
2024,2024-05-31,Stefanie Dolson,Mystics,C,22,2,3,1
2024,2024-05-31,Shakira Austin,Mystics,C,23,12,6,0
2024,2024-05-31,Julie Vanloo,Mystics,G,21,8,0,7
2024,2024-05-31,Karlie Samuelson,Mystics,G,29,5,2,2
2024,2024-05-31,Ariel Atkins,Mystics,G,32,15,7,3
2024,2024-05-31,Myisha Hines-Allen,Mystics,F,19,11,7,3
2024,2024-05-31,Aaliyah Edwards,Mystics,F,15,7,4,0
2024,2024-05-31,Shatori Walker-Kimbrough,Mystics,G,15,6,0,1
2024,2024-05-31,DiDi Richards,Mystics,G,5,2,0,1
2024,2024-05-31,Jade Melbourne,Mystics,G,19,11,1,4
2024,2024-05-31,Kayla Thornton,Liberty,F,34,20,3,4
2024,2024-05-31,Breanna Stewart,Liberty,F,36,18,15,5
2024,2024-05-31,Jonquel Jones,Liberty,C,34,16,10,3
2024,2024-05-31,Betnijah Laney-Hamilton,Liberty,G,32,8,2,2
2024,2024-05-31,Sabrina Ionescu,Liberty,G,35,24,1,3
2024,2024-05-31,Nyara Sabally,Liberty,F,6,0,2,0
2024,2024-05-31,Leonie Fiebich,Liberty,F,6,0,0,1
2024,2024-05-31,Kennedy Burke,Liberty,G,4,0,0,0
2024,2024-05-31,Marquesha Davis,Liberty,G,4,1,0,0
2024,2024-05-31,Ivana Dojkic,Liberty,G,8,3,1,0
2024,2024-05-30,Dearica Hamby,Sparks,F,39,24,13,3
2024,2024-05-30,Cameron Brink,Sparks,F,23,7,6,2
2024,2024-05-30,Rickea Jackson,Sparks,F,28,10,5,0
2024,2024-05-30,Lexie Brown,Sparks,G,19,4,1,4
2024,2024-05-30,Kia Nurse,Sparks,G,32,17,1,2
2024,2024-05-30,Stephanie Talbot,Sparks,F,5,0,1,1
2024,2024-05-30,Li Yueru,Sparks,C,8,4,2,0
2024,2024-05-30,Aari McDonald,Sparks,G,28,4,4,3
2024,2024-05-30,Rae Burrell,Sparks,G,6,1,0,1
2024,2024-05-30,Zia Cooke,Sparks,G,13,2,0,1
2024,2024-05-30,Angel Reese,Sky,F,25,6,6,3
2024,2024-05-30,Elizabeth Williams,Sky,C,31,17,11,1
2024,2024-05-30,Diamond DeShields,Sky,G,20,2,2,3
2024,2024-05-30,Marina Mabrey,Sky,G,33,20,7,7
2024,2024-05-30,Dana Evans,Sky,G,31,15,1,4
2024,2024-05-30,Isabelle Harrison,Sky,F,12,2,2,1
2024,2024-05-30,Brianna Turner,Sky,F,9,3,4,0
2024,2024-05-30,Michaela Onyenwere,Sky,F,7,2,1,1
2024,2024-05-30,Lindsay Allen,Sky,G,11,2,0,3
2024,2024-05-30,Kysre Gondrezick,Sky,G,1,0,0,0
2024,2024-05-30,Chennedy Carter,Sky,G,20,14,1,4
2024,2024-05-30,Nneka Ogwumike,Storm,F,28,17,6,6
2024,2024-05-30,Ezi Magbegor,Storm,F,28,15,8,3
2024,2024-05-30,Skylar Diggins,Storm,G,31,18,2,9
2024,2024-05-30,Jewell Loyd,Storm,G,27,22,1,6
2024,2024-05-30,Victoria Vivians,Storm,G,20,5,5,1
2024,2024-05-30,Jordan Horston,Storm,F,17,12,2,2
2024,2024-05-30,Dulcy Fankam Mendjiadeu,Storm,F,5,0,0,1
2024,2024-05-30,Mercedes Russell,Storm,C,20,7,5,0
2024,2024-05-30,Sami Whitcomb,Storm,G,19,4,3,0
2024,2024-05-30,Kiana Williams,Storm,G,2,3,0,1
2024,2024-05-30,Nika Muhl,Storm,G,5,0,0,0
2024,2024-05-30,NaLyssa Smith,Fever,F,33,23,10,2
2024,2024-05-30,Aliyah Boston,Fever,C,29,11,12,5
2024,2024-05-30,Kelsey Mitchell,Fever,G,36,14,2,4
2024,2024-05-30,Kristy Wallace,Fever,G,14,2,1,0
2024,2024-05-30,Caitlin Clark,Fever,G,40,20,3,9
2024,2024-05-30,Katie Lou Samuelson,Fever,F,17,12,3,0
2024,2024-05-30,Victaria Saxton,Fever,F,1,0,0,0
2024,2024-05-30,Lexie Hull,Fever,G,7,0,3,0
2024,2024-05-30,Grace Berger,Fever,G,23,6,2,1
2024,2024-05-30,Celeste Taylor,Fever,G,1,0,0,0
2024,2024-05-29,Alysha Clark,Aces,F,32,9,6,2
2024,2024-05-29,Kiah Stokes,Aces,C,26,0,8,0
2024,2024-05-29,A'ja Wilson,Aces,C,32,29,15,3
2024,2024-05-29,Kelsey Plum,Aces,G,36,10,2,6
2024,2024-05-29,Jackie Young,Aces,G,37,19,5,10
2024,2024-05-29,Emma Cannon,Aces,F,1,0,0,0
2024,2024-05-29,Megan Gustafson,Aces,C,8,4,2,0
2024,2024-05-29,Sydney Colson,Aces,G,7,0,0,0
2024,2024-05-29,Kate Martin,Aces,G,21,9,3,2
2024,2024-05-29,Bridget Carleton,Lynx,F,23,2,4,0
2024,2024-05-29,Alanna Smith,Lynx,F,31,7,6,3
2024,2024-05-29,Napheesa Collier,Lynx,F,34,18,13,1
2024,2024-05-29,Kayla McBride,Lynx,G,35,11,3,4
2024,2024-05-29,Courtney Williams,Lynx,G,33,12,6,8
2024,2024-05-29,Cecilia Zandalasini,Lynx,F,21,12,2,0
2024,2024-05-29,Dorka Juhasz,Lynx,F,15,4,2,2
2024,2024-05-29,Natisha Hiedeman,Lynx,G,8,0,0,0
2024,2024-05-29,Natasha Mack,Mercury,F,22,4,6,0
2024,2024-05-29,Diana Taurasi,Mercury,G,28,14,4,0
2024,2024-05-29,Natasha Cloud,Mercury,G,35,21,2,3
2024,2024-05-29,Kahleah Copper,Mercury,G,32,20,9,2
2024,2024-05-29,Sophie Cunningham,Mercury,G,30,9,6,1
2024,2024-05-29,Morgan Bertsch,Mercury,F,13,5,2,2
2024,2024-05-29,Mikiah Herbert Harrigan,Mercury,F,4,3,0,0
2024,2024-05-29,Liz Dixon,Mercury,F,14,2,2,3
2024,2024-05-29,Sug Sutton,Mercury,G,20,0,3,7
2024,2024-05-29,Breanna Stewart,Liberty,F,37,13,8,2
2024,2024-05-29,Jonquel Jones,Liberty,C,31,20,7,1
2024,2024-05-29,Courtney Vandersloot,Liberty,G,26,6,5,2
2024,2024-05-29,Betnijah Laney-Hamilton,Liberty,G,37,15,4,3
2024,2024-05-29,Sabrina Ionescu,Liberty,G,35,22,6,9
2024,2024-05-29,Kayla Thornton,Liberty,F,12,3,2,0
2024,2024-05-29,Nyara Sabally,Liberty,F,9,2,4,1
2024,2024-05-29,Leonie Fiebich,Liberty,F,14,0,3,1
2024,2024-05-29,Cheyenne Parker-Tyus,Dream,F,29,10,9,1
2024,2024-05-29,Tina Charles,Dream,C,35,17,15,3
2024,2024-05-29,Allisha Gray,Dream,G,36,19,2,3
2024,2024-05-29,Rhyne Howard,Dream,G,30,11,4,4
2024,2024-05-29,Haley Jones,Dream,G,17,2,1,4
2024,2024-05-29,Nia Coffey,Dream,F,10,0,0,1
2024,2024-05-29,Lorela Cubaj,Dream,F,1,0,0,0
2024,2024-05-29,Naz Hillmon,Dream,F,11,2,0,1
2024,2024-05-29,Aerial Powers,Dream,G,23,12,5,1
2024,2024-05-29,Crystal Dangerfield,Dream,G,8,0,0,1
2024,2024-05-29,Stefanie Dolson,Mystics,C,24,10,1,2
2024,2024-05-29,Shakira Austin,Mystics,C,24,12,9,3
2024,2024-05-29,Julie Vanloo,Mystics,G,28,3,1,5
2024,2024-05-29,Karlie Samuelson,Mystics,G,31,7,3,3
2024,2024-05-29,Ariel Atkins,Mystics,G,36,21,8,3
2024,2024-05-29,Myisha Hines-Allen,Mystics,F,15,8,2,2
2024,2024-05-29,Aaliyah Edwards,Mystics,F,17,6,5,1
2024,2024-05-29,Shatori Walker-Kimbrough,Mystics,G,13,0,1,2
2024,2024-05-29,Jade Melbourne,Mystics,G,12,0,1,0
2024,2024-05-28,Nneka Ogwumike,Storm,F,34,10,5,2
2024,2024-05-28,Ezi Magbegor,Storm,F,32,13,12,1
2024,2024-05-28,Skylar Diggins,Storm,G,35,21,2,3
2024,2024-05-28,Jewell Loyd,Storm,G,38,19,4,6
2024,2024-05-28,Victoria Vivians,Storm,G,27,7,3,1
2024,2024-05-28,Jordan Horston,Storm,F,10,0,3,0
2024,2024-05-28,Dulcy Fankam Mendjiadeu,Storm,F,2,0,1,0
2024,2024-05-28,Mercedes Russell,Storm,C,13,2,1,3
2024,2024-05-28,Sami Whitcomb,Storm,G,10,5,1,1
2024,2024-05-28,Angel Reese,Sky,F,30,11,12,3
2024,2024-05-28,Elizabeth Williams,Sky,C,29,12,8,1
2024,2024-05-28,Diamond DeShields,Sky,G,24,6,1,2
2024,2024-05-28,Marina Mabrey,Sky,G,25,7,4,2
2024,2024-05-28,Dana Evans,Sky,G,29,13,1,4
2024,2024-05-28,Isabelle Harrison,Sky,F,10,2,5,1
2024,2024-05-28,Brianna Turner,Sky,F,9,2,3,0
2024,2024-05-28,Michaela Onyenwere,Sky,F,5,0,0,1
2024,2024-05-28,Lindsay Allen,Sky,G,23,3,2,4
2024,2024-05-28,Chennedy Carter,Sky,G,16,12,1,1
2024,2024-05-28,Natasha Mack,Mercury,F,27,6,7,1
2024,2024-05-28,Diana Taurasi,Mercury,G,25,6,7,1
2024,2024-05-28,Natasha Cloud,Mercury,G,28,9,4,3
2024,2024-05-28,Kahleah Copper,Mercury,G,29,7,5,4
2024,2024-05-28,Sophie Cunningham,Mercury,G,30,6,9,3
2024,2024-05-28,Morgan Bertsch,Mercury,F,24,7,5,0
2024,2024-05-28,Mikiah Herbert Harrigan,Mercury,F,19,3,2,0
2024,2024-05-28,Liz Dixon,Mercury,F,19,3,4,0
2024,2024-05-28,DeWanna Bonner,Sun,F,29,19,3,3
2024,2024-05-28,Alyssa Thomas,Sun,F,24,10,6,8
2024,2024-05-28,Brionna Jones,Sun,F,18,16,5,1
2024,2024-05-28,Tyasha Harris,Sun,G,23,3,2,5
2024,2024-05-28,DiJonai Carrington,Sun,G,23,4,10,3
2024,2024-05-28,Astou Ndour-Fall,Sun,C,7,3,0,0
2024,2024-05-28,Queen Egbo,Sun,C,4,2,2,0
2024,2024-05-28,Olivia Nelson-Ododa,Sun,C,18,2,3,0
2024,2024-05-28,Rachel Banham,Sun,G,20,4,2,0
2024,2024-05-28,Tiffany Mitchell,Sun,G,18,5,5,2
2024,2024-05-28,Moriah Jefferson,Sun,G,16,2,0,1
2024,2024-05-28,Dearica Hamby,Sparks,F,40,17,10,5
2024,2024-05-28,Cameron Brink,Sparks,F,24,3,3,2
2024,2024-05-28,Rickea Jackson,Sparks,F,23,12,1,1
2024,2024-05-28,Lexie Brown,Sparks,G,12,3,4,1
2024,2024-05-28,Kia Nurse,Sparks,G,28,22,2,1
2024,2024-05-28,Stephanie Talbot,Sparks,F,10,0,1,1
2024,2024-05-28,Li Yueru,Sparks,C,16,2,6,0
2024,2024-05-28,Aari McDonald,Sparks,G,30,21,2,4
2024,2024-05-28,Rae Burrell,Sparks,G,12,8,0,1
2024,2024-05-28,Zia Cooke,Sparks,G,5,0,1,1
2024,2024-05-28,Temi Fagbenle,Fever,C,32,6,7,0
2024,2024-05-28,Aliyah Boston,Fever,C,23,17,6,2
2024,2024-05-28,Kelsey Mitchell,Fever,G,29,15,0,2
2024,2024-05-28,Kristy Wallace,Fever,G,28,5,3,3
2024,2024-05-28,Caitlin Clark,Fever,G,34,30,5,6
2024,2024-05-28,Katie Lou Samuelson,Fever,F,13,2,1,0
2024,2024-05-28,NaLyssa Smith,Fever,F,19,3,4,1
2024,2024-05-28,Erica Wheeler,Fever,G,17,2,0,2
2024,2024-05-28,Lexie Hull,Fever,G,6,2,2,1
2024,2024-05-26,Monique Billings,Wings,F,36,18,12,4
2024,2024-05-26,Maddy Siegrist,Wings,F,34,15,8,1
2024,2024-05-26,Teaira McCowan,Wings,C,22,12,5,1
2024,2024-05-26,Arike Ogunbowale,Wings,G,37,20,5,5
2024,2024-05-26,Sevgi Uzun,Wings,G,35,11,5,8
2024,2024-05-26,Kalani Brown,Wings,C,18,6,4,3
2024,2024-05-26,Stephanie Soares,Wings,C,10,2,5,0
2024,2024-05-26,Jacy Sheldon,Wings,G,8,0,0,0
2024,2024-05-26,Dearica Hamby,Sparks,F,38,19,13,4
2024,2024-05-26,Cameron Brink,Sparks,F,24,21,2,3
2024,2024-05-26,Layshia Clarendon,Sparks,G,7,4,0,0
2024,2024-05-26,Lexie Brown,Sparks,G,27,12,4,6
2024,2024-05-26,Kia Nurse,Sparks,G,17,0,0,3
2024,2024-05-26,Stephanie Talbot,Sparks,F,7,0,2,3
2024,2024-05-26,Rickea Jackson,Sparks,F,24,4,3,0
2024,2024-05-26,Li Yueru,Sparks,C,18,10,9,0
2024,2024-05-26,Aari McDonald,Sparks,G,19,9,3,1
2024,2024-05-26,Rae Burrell,Sparks,G,3,0,0,0
2024,2024-05-26,Zia Cooke,Sparks,G,15,4,1,1
2024,2024-05-26,Bridget Carleton,Lynx,F,29,6,5,2
2024,2024-05-26,Alanna Smith,Lynx,F,33,17,4,5
2024,2024-05-26,Napheesa Collier,Lynx,F,30,20,8,7
2024,2024-05-26,Kayla McBride,Lynx,G,32,31,1,1
2024,2024-05-26,Courtney Williams,Lynx,G,29,9,6,5
2024,2024-05-26,Cecilia Zandalasini,Lynx,F,12,0,0,0
2024,2024-05-26,Dorka Juhasz,Lynx,F,17,4,4,0
2024,2024-05-26,Natisha Hiedeman,Lynx,G,19,5,3,3
2024,2024-05-26,Cheyenne Parker-Tyus,Dream,F,19,10,8,1
2024,2024-05-26,Tina Charles,Dream,C,29,14,4,1
2024,2024-05-26,Allisha Gray,Dream,G,30,7,1,3
2024,2024-05-26,Rhyne Howard,Dream,G,34,23,5,5
2024,2024-05-26,Haley Jones,Dream,G,21,0,2,5
2024,2024-05-26,Nia Coffey,Dream,F,13,2,2,3
2024,2024-05-26,Lorela Cubaj,Dream,F,2,0,0,0
2024,2024-05-26,Naz Hillmon,Dream,F,17,9,3,1
2024,2024-05-26,Laeticia Amihere,Dream,F,1,0,0,0
2024,2024-05-26,Aerial Powers,Dream,G,20,9,6,2
2024,2024-05-26,Crystal Dangerfield,Dream,G,15,5,1,2
2024,2024-05-25,Monique Billings,Wings,F,34,18,8,3
2024,2024-05-25,Maddy Siegrist,Wings,F,37,22,9,4
2024,2024-05-25,Teaira McCowan,Wings,C,27,13,7,5
2024,2024-05-25,Arike Ogunbowale,Wings,G,38,40,7,4
2024,2024-05-25,Sevgi Uzun,Wings,G,29,2,3,4
2024,2024-05-25,Kalani Brown,Wings,C,13,4,1,1
2024,2024-05-25,Stephanie Soares,Wings,C,6,2,1,1
2024,2024-05-25,Lou Lopez Senechal,Wings,G,1,0,1,0
2024,2024-05-25,Jacy Sheldon,Wings,G,14,6,1,1
2024,2024-05-25,Natasha Mack,Mercury,F,18,0,3,3
2024,2024-05-25,Diana Taurasi,Mercury,G,30,28,5,2
2024,2024-05-25,Natasha Cloud,Mercury,G,36,9,4,12
2024,2024-05-25,Kahleah Copper,Mercury,G,36,32,1,2
2024,2024-05-25,Rebecca Allen,Mercury,G,15,5,3,1
2024,2024-05-25,Morgan Bertsch,Mercury,F,5,0,1,0
2024,2024-05-25,Mikiah Herbert Harrigan,Mercury,F,1,0,1,0
2024,2024-05-25,Liz Dixon,Mercury,F,20,4,3,2
2024,2024-05-25,Sophie Cunningham,Mercury,G,24,11,2,2
2024,2024-05-25,Sug Sutton,Mercury,G,14,3,2,2
2024,2024-05-25,Katie Lou Samuelson,Fever,F,24,3,2,1
2024,2024-05-25,Temi Fagbenle,Fever,C,26,13,8,2
2024,2024-05-25,Aliyah Boston,Fever,C,26,12,6,4
2024,2024-05-25,Kelsey Mitchell,Fever,G,32,16,2,2
2024,2024-05-25,Caitlin Clark,Fever,G,29,8,5,7
2024,2024-05-25,Victaria Saxton,Fever,F,2,0,1,0
2024,2024-05-25,NaLyssa Smith,Fever,F,19,8,6,0
2024,2024-05-25,Erica Wheeler,Fever,G,13,5,2,2
2024,2024-05-25,Lexie Hull,Fever,G,18,12,2,1
2024,2024-05-25,Grace Berger,Fever,G,6,3,2,0
2024,2024-05-25,Celeste Taylor,Fever,G,4,0,0,1
2024,2024-05-25,Alysha Clark,Aces,F,31,8,6,5
2024,2024-05-25,Kiah Stokes,Aces,C,25,0,5,1
2024,2024-05-25,A'ja Wilson,Aces,C,31,29,15,2
2024,2024-05-25,Kelsey Plum,Aces,G,32,20,0,7
2024,2024-05-25,Jackie Young,Aces,G,31,22,1,6
2024,2024-05-25,Emma Cannon,Aces,F,4,2,0,0
2024,2024-05-25,Megan Gustafson,Aces,C,8,0,1,0
2024,2024-05-25,Sydney Colson,Aces,G,12,6,1,0
2024,2024-05-25,Kate Martin,Aces,G,22,12,7,1
2024,2024-05-25,Dyaisha Fair,Aces,G,4,0,0,2
2024,2024-05-25,Aaliyah Edwards,Mystics,F,28,4,5,1
2024,2024-05-25,Stefanie Dolson,Mystics,C,22,8,1,1
2024,2024-05-25,Julie Vanloo,Mystics,G,21,12,1,3
2024,2024-05-25,Karlie Samuelson,Mystics,G,26,16,3,0
2024,2024-05-25,Ariel Atkins,Mystics,G,26,2,5,2
2024,2024-05-25,Myisha Hines-Allen,Mystics,F,18,0,5,2
2024,2024-05-25,Emily Engstler,Mystics,F,11,2,3,1
2024,2024-05-25,Shatori Walker-Kimbrough,Mystics,G,16,5,1,0
2024,2024-05-25,DiDi Richards,Mystics,G,10,7,1,0
2024,2024-05-25,Jade Melbourne,Mystics,G,22,13,2,3
2024,2024-05-25,Nneka Ogwumike,Storm,F,28,19,4,4
2024,2024-05-25,Ezi Magbegor,Storm,F,25,16,6,2
2024,2024-05-25,Skylar Diggins,Storm,G,26,16,1,9
2024,2024-05-25,Jewell Loyd,Storm,G,31,18,4,1
2024,2024-05-25,Victoria Vivians,Storm,G,17,2,4,2
2024,2024-05-25,Jordan Horston,Storm,F,15,8,2,1
2024,2024-05-25,Dulcy Fankam Mendjiadeu,Storm,F,5,4,2,0
2024,2024-05-25,Mercedes Russell,Storm,C,19,6,7,2
2024,2024-05-25,Sami Whitcomb,Storm,G,20,12,1,5
2024,2024-05-25,Kiana Williams,Storm,G,11,0,0,1
2024,2024-05-25,Nika Muhl,Storm,G,4,0,2,0
2024,2024-05-25,DeWanna Bonner,Sun,F,35,19,8,3
2024,2024-05-25,Alyssa Thomas,Sun,F,23,9,6,6
2024,2024-05-25,Brionna Jones,Sun,F,23,16,6,0
2024,2024-05-25,Tyasha Harris,Sun,G,32,15,5,3
2024,2024-05-25,DiJonai Carrington,Sun,G,33,16,6,1
2024,2024-05-25,Astou Ndour-Fall,Sun,C,4,0,1,0
2024,2024-05-25,Olivia Nelson-Ododa,Sun,C,15,0,2,0
2024,2024-05-25,Rachel Banham,Sun,G,11,7,0,1
2024,2024-05-25,Tiffany Mitchell,Sun,G,19,4,4,1
2024,2024-05-25,Moriah Jefferson,Sun,G,6,0,0,2
2024,2024-05-25,Angel Reese,Sky,F,33,13,5,2
2024,2024-05-25,Elizabeth Williams,Sky,C,37,10,5,2
2024,2024-05-25,Diamond DeShields,Sky,G,17,3,2,5
2024,2024-05-25,Marina Mabrey,Sky,G,37,23,5,4
2024,2024-05-25,Dana Evans,Sky,G,28,13,0,1
2024,2024-05-25,Brianna Turner,Sky,F,1,0,0,0
2024,2024-05-25,Michaela Onyenwere,Sky,F,18,3,1,1
2024,2024-05-25,Lindsay Allen,Sky,G,16,6,2,2
2024,2024-05-25,Chennedy Carter,Sky,G,15,11,1,1
2024,2024-05-25,Breanna Stewart,Liberty,F,33,20,11,5
2024,2024-05-25,Jonquel Jones,Liberty,C,28,4,6,3
2024,2024-05-25,Courtney Vandersloot,Liberty,G,28,12,3,6
2024,2024-05-25,Betnijah Laney-Hamilton,Liberty,G,36,4,3,2
2024,2024-05-25,Sabrina Ionescu,Liberty,G,26,13,3,1
2024,2024-05-25,Kayla Thornton,Liberty,F,7,0,1,0
2024,2024-05-25,Nyara Sabally,Liberty,F,13,2,2,1
2024,2024-05-25,Leonie Fiebich,Liberty,F,19,11,1,0
2024,2024-05-25,Kennedy Burke,Liberty,G,6,0,0,0
2024,2024-05-25,Marquesha Davis,Liberty,G,2,0,0,0
2024,2024-05-25,Ivana Dojkic,Liberty,G,2,1,0,0
2024,2024-05-25,Bridget Carleton,Lynx,F,30,14,2,3
2024,2024-05-25,Alanna Smith,Lynx,F,21,15,1,1
2024,2024-05-25,Napheesa Collier,Lynx,F,35,15,12,4
2024,2024-05-25,Kayla McBride,Lynx,G,34,14,5,5
2024,2024-05-25,Courtney Williams,Lynx,G,24,7,4,5
2024,2024-05-25,Cecilia Zandalasini,Lynx,F,11,6,2,2
2024,2024-05-25,Dorka Juhasz,Lynx,F,17,4,4,1
2024,2024-05-25,Sika Kone,Lynx,F,5,4,1,1
2024,2024-05-25,Alissa Pili,Lynx,F,2,0,1,0
2024,2024-05-25,Natisha Hiedeman,Lynx,G,18,5,3,4
2024,2024-05-25,Olivia Epoupa,Lynx,G,2,0,0,0
2024,2024-05-24,NaLyssa Smith,Fever,F,12,5,3,1
2024,2024-05-24,Aliyah Boston,Fever,C,29,17,6,2
2024,2024-05-24,Kelsey Mitchell,Fever,G,34,18,2,2
2024,2024-05-24,Kristy Wallace,Fever,G,31,7,3,5
2024,2024-05-24,Caitlin Clark,Fever,G,37,11,10,8
2024,2024-05-24,Katie Lou Samuelson,Fever,F,14,2,1,1
2024,2024-05-24,Temi Fagbenle,Fever,C,31,17,6,3
2024,2024-05-24,Erica Wheeler,Fever,G,12,1,1,0
2024,2024-05-24,Dearica Hamby,Sparks,F,36,18,12,7
2024,2024-05-24,Cameron Brink,Sparks,F,26,15,9,2
2024,2024-05-24,Layshia Clarendon,Sparks,G,21,2,2,2
2024,2024-05-24,Lexie Brown,Sparks,G,38,5,5,3
2024,2024-05-24,Kia Nurse,Sparks,G,26,4,2,3
2024,2024-05-24,Stephanie Talbot,Sparks,F,9,0,2,0
2024,2024-05-24,Rickea Jackson,Sparks,F,21,16,2,0
2024,2024-05-24,Li Yueru,Sparks,C,8,3,1,1
2024,2024-05-24,Aari McDonald,Sparks,G,10,6,0,0
2024,2024-05-24,Zia Cooke,Sparks,G,5,4,0,0
2024,2024-05-23,Stefanie Dolson,Mystics,C,14,9,2,0
2024,2024-05-23,Shakira Austin,Mystics,C,20,11,4,0
2024,2024-05-23,Julie Vanloo,Mystics,G,27,15,7,4
2024,2024-05-23,Karlie Samuelson,Mystics,G,25,3,1,2
2024,2024-05-23,Ariel Atkins,Mystics,G,31,16,5,4
2024,2024-05-23,Myisha Hines-Allen,Mystics,F,17,7,3,5
2024,2024-05-23,Aaliyah Edwards,Mystics,F,18,4,4,1
2024,2024-05-23,Shatori Walker-Kimbrough,Mystics,G,28,11,5,3
2024,2024-05-23,DiDi Richards,Mystics,G,12,2,3,1
2024,2024-05-23,Jade Melbourne,Mystics,G,7,2,2,1
2024,2024-05-23,Natasha Mack,Mercury,F,19,6,9,2
2024,2024-05-23,Diana Taurasi,Mercury,G,29,20,6,1
2024,2024-05-23,Natasha Cloud,Mercury,G,36,14,5,10
2024,2024-05-23,Kahleah Copper,Mercury,G,28,20,5,2
2024,2024-05-23,Rebecca Allen,Mercury,G,24,0,2,1
2024,2024-05-23,Morgan Bertsch,Mercury,F,10,5,0,0
2024,2024-05-23,Mikiah Herbert Harrigan,Mercury,F,4,5,0,0
2024,2024-05-23,Liz Dixon,Mercury,F,11,0,3,0
2024,2024-05-23,Sophie Cunningham,Mercury,G,30,13,2,1
2024,2024-05-23,Sug Sutton,Mercury,G,9,0,2,3
2024,2024-05-23,Alanna Smith,Lynx,F,23,10,7,2
2024,2024-05-23,Napheesa Collier,Lynx,F,44,31,11,4
2024,2024-05-23,Diamond Miller,Lynx,F,14,2,0,2
2024,2024-05-23,Kayla McBride,Lynx,G,40,13,1,4
2024,2024-05-23,Courtney Williams,Lynx,G,40,19,7,6
2024,2024-05-23,Bridget Carleton,Lynx,F,26,3,2,1
2024,2024-05-23,Cecilia Zandalasini,Lynx,F,9,0,1,1
2024,2024-05-23,Taylor Soule,Lynx,F,3,0,1,0
2024,2024-05-23,Sika Kone,Lynx,F,0,0,0,0
2024,2024-05-23,Alissa Pili,Lynx,F,4,0,0,0
2024,2024-05-23,Natisha Hiedeman,Lynx,G,18,4,2,1
2024,2024-05-23,Olivia Epoupa,Lynx,G,5,0,1,2
2024,2024-05-23,DeWanna Bonner,Sun,F,36,20,3,2
2024,2024-05-23,Alyssa Thomas,Sun,F,44,18,7,5
2024,2024-05-23,Brionna Jones,Sun,F,27,19,6,5
2024,2024-05-23,Tyasha Harris,Sun,G,38,7,2,3
2024,2024-05-23,DiJonai Carrington,Sun,G,24,8,3,0
2024,2024-05-23,Astou Ndour-Fall,Sun,C,6,0,1,0
2024,2024-05-23,Rachel Banham,Sun,G,24,6,5,1
2024,2024-05-23,Tiffany Mitchell,Sun,G,26,5,3,1
2024,2024-05-23,Michaela Onyenwere,Sky,F,28,13,5,0
2024,2024-05-23,Angel Reese,Sky,F,31,13,9,1
2024,2024-05-23,Elizabeth Williams,Sky,C,28,9,7,3
2024,2024-05-23,Marina Mabrey,Sky,G,36,21,6,7
2024,2024-05-23,Dana Evans,Sky,G,29,12,2,4
2024,2024-05-23,Brianna Turner,Sky,F,12,2,2,1
2024,2024-05-23,Lindsay Allen,Sky,G,19,8,1,2
2024,2024-05-23,Chennedy Carter,Sky,G,18,12,6,4
2024,2024-05-23,Breanna Stewart,Liberty,F,35,18,10,5
2024,2024-05-23,Jonquel Jones,Liberty,C,21,8,4,1
2024,2024-05-23,Courtney Vandersloot,Liberty,G,29,10,4,7
2024,2024-05-23,Betnijah Laney-Hamilton,Liberty,G,33,9,3,1
2024,2024-05-23,Sabrina Ionescu,Liberty,G,35,19,4,6
2024,2024-05-23,Kayla Thornton,Liberty,F,13,3,1,0
2024,2024-05-23,Nyara Sabally,Liberty,F,19,8,6,2
2024,2024-05-23,Leonie Fiebich,Liberty,F,5,0,1,0
2024,2024-05-23,Kennedy Burke,Liberty,G,6,3,1,0
2024,2024-05-23,Ivana Dojkic,Liberty,G,5,3,1,0
2024,2024-05-22,NaLyssa Smith,Fever,F,26,16,11,1
2024,2024-05-22,Aliyah Boston,Fever,C,15,4,3,1
2024,2024-05-22,Kelsey Mitchell,Fever,G,32,17,3,1
2024,2024-05-22,Kristy Wallace,Fever,G,24,5,4,3
2024,2024-05-22,Caitlin Clark,Fever,G,33,21,7,7
2024,2024-05-22,Katie Lou Samuelson,Fever,F,15,5,2,0
2024,2024-05-22,Temi Fagbenle,Fever,C,27,8,6,1
2024,2024-05-22,Erica Wheeler,Fever,G,15,2,4,2
2024,2024-05-22,Lexie Hull,Fever,G,13,5,0,2
2024,2024-05-22,Nneka Ogwumike,Storm,F,35,22,9,3
2024,2024-05-22,Ezi Magbegor,Storm,F,29,14,9,1
2024,2024-05-22,Skylar Diggins,Storm,G,26,2,1,5
2024,2024-05-22,Jewell Loyd,Storm,G,38,32,11,6
2024,2024-05-22,Victoria Vivians,Storm,G,13,3,2,0
2024,2024-05-22,Jordan Horston,Storm,F,24,2,4,2
2024,2024-05-22,Mercedes Russell,Storm,C,9,0,2,2
2024,2024-05-22,Sami Whitcomb,Storm,G,23,10,1,1
2024,2024-05-22,Nika Muhl,Storm,G,3,0,2,0
2024,2024-05-21,Natasha Mack,Mercury,F,22,6,7,6
2024,2024-05-21,Diana Taurasi,Mercury,G,30,9,3,2
2024,2024-05-21,Natasha Cloud,Mercury,G,30,11,7,10
2024,2024-05-21,Kahleah Copper,Mercury,G,30,37,4,3
2024,2024-05-21,Rebecca Allen,Mercury,G,28,8,3,0
2024,2024-05-21,Morgan Bertsch,Mercury,F,4,2,2,0
2024,2024-05-21,Mikiah Herbert Harrigan,Mercury,F,4,0,2,0
2024,2024-05-21,Liz Dixon,Mercury,F,12,4,1,2
2024,2024-05-21,Sophie Cunningham,Mercury,G,23,9,9,0
2024,2024-05-21,Sug Sutton,Mercury,G,18,12,1,0
2024,2024-05-21,Alysha Clark,Aces,F,34,4,4,1
2024,2024-05-21,Kiah Stokes,Aces,C,28,11,6,3
2024,2024-05-21,A'ja Wilson,Aces,C,32,21,13,2
2024,2024-05-21,Kelsey Plum,Aces,G,38,27,2,5
2024,2024-05-21,Jackie Young,Aces,G,40,23,8,8
2024,2024-05-21,Megan Gustafson,Aces,C,10,2,4,1
2024,2024-05-21,Sydney Colson,Aces,G,5,0,0,2
2024,2024-05-21,Kate Martin,Aces,G,14,0,2,0
2024,2024-05-21,Stefanie Dolson,Mystics,C,24,6,3,2
2024,2024-05-21,Shakira Austin,Mystics,C,21,12,8,1
2024,2024-05-21,Julie Vanloo,Mystics,G,30,12,3,9
2024,2024-05-21,Karlie Samuelson,Mystics,G,31,9,2,1
2024,2024-05-21,Ariel Atkins,Mystics,G,34,9,2,4
2024,2024-05-21,Myisha Hines-Allen,Mystics,F,10,2,3,1
2024,2024-05-21,Aaliyah Edwards,Mystics,F,24,10,3,1
2024,2024-05-21,Shatori Walker-Kimbrough,Mystics,G,13,6,0,0
2024,2024-05-21,DiDi Richards,Mystics,G,12,2,4,2
2024,2024-05-21,Dearica Hamby,Sparks,F,37,17,18,4
2024,2024-05-21,Cameron Brink,Sparks,F,30,4,8,3
2024,2024-05-21,Layshia Clarendon,Sparks,G,17,7,1,2
2024,2024-05-21,Lexie Brown,Sparks,G,40,20,2,6
2024,2024-05-21,Kia Nurse,Sparks,G,31,13,1,2
2024,2024-05-21,Stephanie Talbot,Sparks,F,6,0,0,1
2024,2024-05-21,Rickea Jackson,Sparks,F,31,9,3,1
2024,2024-05-21,Li Yueru,Sparks,C,1,0,0,0
2024,2024-05-21,Aari McDonald,Sparks,G,3,0,0,1
2024,2024-05-21,Zia Cooke,Sparks,G,3,0,0,1
2024,2024-05-21,Monique Billings,Wings,F,32,20,10,1
2024,2024-05-21,Kalani Brown,Wings,C,7,0,2,0
2024,2024-05-21,Stephanie Soares,Wings,C,14,0,1,1
2024,2024-05-21,Arike Ogunbowale,Wings,G,37,24,3,2
2024,2024-05-21,Sevgi Uzun,Wings,G,35,2,3,8
2024,2024-05-21,Maddy Siegrist,Wings,F,25,9,1,1
2024,2024-05-21,Teaira McCowan,Wings,C,33,21,14,1
2024,2024-05-21,Lou Lopez Senechal,Wings,G,2,0,0,0
2024,2024-05-21,Jacy Sheldon,Wings,G,15,2,1,3
2024,2024-05-21,Cheyenne Parker-Tyus,Dream,F,26,16,2,0
2024,2024-05-21,Tina Charles,Dream,C,32,12,11,1
2024,2024-05-21,Allisha Gray,Dream,G,35,21,2,3
2024,2024-05-21,Rhyne Howard,Dream,G,33,15,10,4
2024,2024-05-21,Haley Jones,Dream,G,16,2,1,3
2024,2024-05-21,Nia Coffey,Dream,F,9,3,0,0
2024,2024-05-21,Naz Hillmon,Dream,F,18,4,5,3
2024,2024-05-21,Aerial Powers,Dream,G,17,10,4,1
2024,2024-05-21,Crystal Dangerfield,Dream,G,14,0,1,2
2024,2024-05-20,DeWanna Bonner,Sun,F,35,22,3,2
2024,2024-05-20,Alyssa Thomas,Sun,F,40,24,14,9
2024,2024-05-20,Brionna Jones,Sun,F,23,8,4,0
2024,2024-05-20,Tyasha Harris,Sun,G,30,16,0,2
2024,2024-05-20,DiJonai Carrington,Sun,G,36,14,6,2
2024,2024-05-20,Astou Ndour-Fall,Sun,C,6,2,0,0
2024,2024-05-20,Olivia Nelson-Ododa,Sun,C,12,0,3,0
2024,2024-05-20,Tiffany Mitchell,Sun,G,11,0,2,0
2024,2024-05-20,Moriah Jefferson,Sun,G,9,2,1,0
2024,2024-05-20,Katie Lou Samuelson,Fever,F,15,2,2,0
2024,2024-05-20,NaLyssa Smith,Fever,F,27,13,6,1
2024,2024-05-20,Aliyah Boston,Fever,C,30,10,8,2
2024,2024-05-20,Kelsey Mitchell,Fever,G,32,17,0,5
2024,2024-05-20,Caitlin Clark,Fever,G,27,17,3,5
2024,2024-05-20,Temi Fagbenle,Fever,C,23,11,10,0
2024,2024-05-20,Erica Wheeler,Fever,G,21,6,5,4
2024,2024-05-20,Kristy Wallace,Fever,G,25,8,2,3
2024,2024-05-20,Ezi Magbegor,Storm,F,32,12,5,0
2024,2024-05-20,Mercedes Russell,Storm,C,34,8,2,0
2024,2024-05-20,Skylar Diggins,Storm,G,28,8,3,7
2024,2024-05-20,Jewell Loyd,Storm,G,34,13,9,1
2024,2024-05-20,Victoria Vivians,Storm,G,19,9,7,2
2024,2024-05-20,Jordan Horston,Storm,F,19,2,2,2
2024,2024-05-20,Dulcy Fankam Mendjiadeu,Storm,F,9,0,2,0
2024,2024-05-20,Sami Whitcomb,Storm,G,23,11,4,4
2024,2024-05-20,Kiana Williams,Storm,G,2,0,0,0
2024,2024-05-20,Breanna Stewart,Liberty,F,33,16,11,1
2024,2024-05-20,Jonquel Jones,Liberty,C,28,16,8,0
2024,2024-05-20,Courtney Vandersloot,Liberty,G,23,0,3,4
2024,2024-05-20,Betnijah Laney-Hamilton,Liberty,G,33,13,3,4
2024,2024-05-20,Sabrina Ionescu,Liberty,G,34,20,1,8
2024,2024-05-20,Kayla Thornton,Liberty,F,20,7,3,0
2024,2024-05-20,Nyara Sabally,Liberty,F,12,0,4,0
2024,2024-05-20,Leonie Fiebich,Liberty,F,5,2,1,0
2024,2024-05-20,Kennedy Burke,Liberty,G,9,0,2,1
2024,2024-05-20,Marquesha Davis,Liberty,G,2,0,0,0
2024,2024-05-19,Ezi Magbegor,Storm,F,37,15,14,1
2024,2024-05-19,Mercedes Russell,Storm,C,30,8,5,0
2024,2024-05-19,Skylar Diggins,Storm,G,33,18,5,5
2024,2024-05-19,Jewell Loyd,Storm,G,37,24,4,2
2024,2024-05-19,Victoria Vivians,Storm,G,23,7,3,2
2024,2024-05-19,Jordan Horston,Storm,F,15,5,7,0
2024,2024-05-19,Dulcy Fankam Mendjiadeu,Storm,F,12,2,4,0
2024,2024-05-19,Sami Whitcomb,Storm,G,11,5,1,0
2024,2024-05-19,Kiana Williams,Storm,G,3,0,0,0
2024,2024-05-19,Aaliyah Edwards,Mystics,F,25,9,11,2
2024,2024-05-19,Stefanie Dolson,Mystics,C,30,5,6,4
2024,2024-05-19,Julie Vanloo,Mystics,G,27,5,2,5
2024,2024-05-19,Karlie Samuelson,Mystics,G,30,13,2,4
2024,2024-05-19,Ariel Atkins,Mystics,G,31,19,3,1
2024,2024-05-19,Myisha Hines-Allen,Mystics,F,18,4,2,3
2024,2024-05-19,Emily Engstler,Mystics,F,6,4,1,0
2024,2024-05-19,Shatori Walker-Kimbrough,Mystics,G,21,12,0,0
2024,2024-05-19,DiDi Richards,Mystics,G,10,4,2,1
2024,2024-05-19,Jade Melbourne,Mystics,G,1,0,0,0
2024,2024-05-18,Cheyenne Parker-Tyus,Dream,F,23,18,6,0
2024,2024-05-18,Tina Charles,Dream,C,27,6,3,4
2024,2024-05-18,Allisha Gray,Dream,G,33,22,6,2
2024,2024-05-18,Rhyne Howard,Dream,G,39,21,9,2
2024,2024-05-18,Haley Jones,Dream,G,20,2,1,5
2024,2024-05-18,Nia Coffey,Dream,F,12,0,1,2
2024,2024-05-18,Lorela Cubaj,Dream,F,NA,0,0,0
2024,2024-05-18,Naz Hillmon,Dream,F,13,2,2,1
2024,2024-05-18,Laeticia Amihere,Dream,F,5,2,4,0
2024,2024-05-18,Aerial Powers,Dream,G,8,2,0,1
2024,2024-05-18,Crystal Dangerfield,Dream,G,20,10,1,4
2024,2024-05-18,Natasha Mack,Mercury,F,22,7,11,2
2024,2024-05-18,Diana Taurasi,Mercury,G,30,15,7,2
2024,2024-05-18,Natasha Cloud,Mercury,G,31,7,2,5
2024,2024-05-18,Kahleah Copper,Mercury,G,33,38,6,1
2024,2024-05-18,Rebecca Allen,Mercury,G,21,2,3,1
2024,2024-05-18,Morgan Bertsch,Mercury,F,6,2,0,0
2024,2024-05-18,Mikiah Herbert Harrigan,Mercury,F,8,0,1,1
2024,2024-05-18,Liz Dixon,Mercury,F,9,2,1,0
2024,2024-05-18,Sophie Cunningham,Mercury,G,25,10,6,2
2024,2024-05-18,Sug Sutton,Mercury,G,16,5,1,3
2024,2024-05-18,Angel Reese,Sky,F,25,11,9,2
2024,2024-05-18,Elizabeth Williams,Sky,C,32,12,10,3
2024,2024-05-18,Diamond DeShields,Sky,G,24,16,5,3
2024,2024-05-18,Marina Mabrey,Sky,G,35,14,8,8
2024,2024-05-18,Dana Evans,Sky,G,31,12,1,6
2024,2024-05-18,Brianna Turner,Sky,F,15,0,3,1
2024,2024-05-18,Michaela Onyenwere,Sky,F,11,2,3,0
2024,2024-05-18,Lindsay Allen,Sky,G,9,2,1,1
2024,2024-05-18,Kysre Gondrezick,Sky,G,3,2,1,1
2024,2024-05-18,Chennedy Carter,Sky,G,15,12,1,0
2024,2024-05-18,Maddy Siegrist,Wings,F,19,6,2,0
2024,2024-05-18,Teaira McCowan,Wings,C,21,4,5,0
2024,2024-05-18,Stephanie Soares,Wings,C,32,0,9,1
2024,2024-05-18,Arike Ogunbowale,Wings,G,40,35,5,3
2024,2024-05-18,Sevgi Uzun,Wings,G,29,9,1,6
2024,2024-05-18,Monique Billings,Wings,F,20,5,4,2
2024,2024-05-18,Kalani Brown,Wings,C,19,11,9,1
2024,2024-05-18,Lou Lopez Senechal,Wings,G,3,0,1,0
2024,2024-05-18,Jacy Sheldon,Wings,G,17,4,4,2
2024,2024-05-18,Dearica Hamby,Sparks,F,33,29,9,1
2024,2024-05-18,Cameron Brink,Sparks,F,25,3,8,0
2024,2024-05-18,Layshia Clarendon,Sparks,G,23,2,3,4
2024,2024-05-18,Lexie Brown,Sparks,G,31,16,2,2
2024,2024-05-18,Kia Nurse,Sparks,G,32,13,2,3
2024,2024-05-18,Stephanie Talbot,Sparks,F,6,2,0,2
2024,2024-05-18,Rickea Jackson,Sparks,F,22,13,1,0
2024,2024-05-18,Li Yueru,Sparks,C,8,0,3,0
2024,2024-05-18,Aari McDonald,Sparks,G,6,0,0,2
2024,2024-05-18,Zia Cooke,Sparks,G,14,4,3,2
2024,2024-05-18,Alysha Clark,Aces,F,28,13,4,2
2024,2024-05-18,Kiah Stokes,Aces,C,21,4,4,1
2024,2024-05-18,A'ja Wilson,Aces,C,32,22,10,1
2024,2024-05-18,Kelsey Plum,Aces,G,38,17,1,5
2024,2024-05-18,Jackie Young,Aces,G,39,22,6,11
2024,2024-05-18,Megan Gustafson,Aces,C,15,8,4,0
2024,2024-05-18,Sydney Colson,Aces,G,1,0,0,0
2024,2024-05-18,Kate Martin,Aces,G,26,3,5,3
2024,2024-05-18,Katie Lou Samuelson,Fever,F,32,7,5,4
2024,2024-05-18,NaLyssa Smith,Fever,F,22,11,8,1
2024,2024-05-18,Aliyah Boston,Fever,C,33,12,7,1
2024,2024-05-18,Kelsey Mitchell,Fever,G,31,17,2,2
2024,2024-05-18,Caitlin Clark,Fever,G,34,22,6,8
2024,2024-05-18,Temi Fagbenle,Fever,C,19,8,3,2
2024,2024-05-18,Erica Wheeler,Fever,G,13,0,0,1
2024,2024-05-18,Kristy Wallace,Fever,G,15,3,3,3
2024,2024-05-18,Lexie Hull,Fever,G,2,0,0,0
2024,2024-05-18,Breanna Stewart,Liberty,F,30,24,5,2
2024,2024-05-18,Jonquel Jones,Liberty,C,25,14,12,5
2024,2024-05-18,Courtney Vandersloot,Liberty,G,23,10,4,5
2024,2024-05-18,Betnijah Laney-Hamilton,Liberty,G,31,13,3,4
2024,2024-05-18,Sabrina Ionescu,Liberty,G,29,12,1,5
2024,2024-05-18,Kayla Thornton,Liberty,F,12,3,0,0
2024,2024-05-18,Nyara Sabally,Liberty,F,15,7,5,0
2024,2024-05-18,Leonie Fiebich,Liberty,F,13,5,1,0
2024,2024-05-18,Kennedy Burke,Liberty,G,10,0,1,0
2024,2024-05-18,Marquesha Davis,Liberty,G,2,0,0,0
2024,2024-05-18,Ivana Dojkic,Liberty,G,11,3,0,0
2024,2024-05-17,Nneka Ogwumike,Storm,F,43,24,11,1
2024,2024-05-17,Ezi Magbegor,Storm,F,42,9,6,5
2024,2024-05-17,Skylar Diggins,Storm,G,41,22,2,5
2024,2024-05-17,Jewell Loyd,Storm,G,37,20,6,6
2024,2024-05-17,Victoria Vivians,Storm,G,13,0,2,1
2024,2024-05-17,Jordan Horston,Storm,F,36,6,11,0
2024,2024-05-17,Dulcy Fankam Mendjiadeu,Storm,F,3,0,0,0
2024,2024-05-17,Mercedes Russell,Storm,C,12,7,3,0
2024,2024-05-17,Sami Whitcomb,Storm,G,20,3,1,1
2024,2024-05-17,Kiana Williams,Storm,G,3,2,0,0
2024,2024-05-17,Alanna Smith,Lynx,F,43,16,5,2
2024,2024-05-17,Napheesa Collier,Lynx,F,44,29,9,5
2024,2024-05-17,Diamond Miller,Lynx,F,15,9,3,0
2024,2024-05-17,Kayla McBride,Lynx,G,44,19,4,4
2024,2024-05-17,Courtney Williams,Lynx,G,31,10,6,6
2024,2024-05-17,Bridget Carleton,Lynx,F,30,5,6,2
2024,2024-05-17,Cecilia Zandalasini,Lynx,F,2,0,0,0
2024,2024-05-17,Sika Kone,Lynx,F,3,2,5,0
2024,2024-05-17,Alissa Pili,Lynx,F,10,5,2,0
2024,2024-05-17,Natisha Hiedeman,Lynx,G,19,5,1,7
2024,2024-05-17,Olivia Epoupa,Lynx,G,8,2,1,1
2024,2024-05-17,Stefanie Dolson,Mystics,C,26,9,6,1
2024,2024-05-17,Shakira Austin,Mystics,C,19,10,9,0
2024,2024-05-17,Brittney Sykes,Mystics,G,6,2,2,0
2024,2024-05-17,Karlie Samuelson,Mystics,G,31,18,3,4
2024,2024-05-17,Ariel Atkins,Mystics,G,33,8,2,7
2024,2024-05-17,Myisha Hines-Allen,Mystics,F,17,7,2,1
2024,2024-05-17,Aaliyah Edwards,Mystics,F,19,6,0,1
2024,2024-05-17,Julie Vanloo,Mystics,G,29,12,4,8
2024,2024-05-17,Shatori Walker-Kimbrough,Mystics,G,18,5,0,0
2024,2024-05-17,DiDi Richards,Mystics,G,3,0,0,0
2024,2024-05-17,DeWanna Bonner,Sun,F,35,22,6,1
2024,2024-05-17,Alyssa Thomas,Sun,F,37,13,11,6
2024,2024-05-17,Brionna Jones,Sun,F,21,7,7,0
2024,2024-05-17,Tyasha Harris,Sun,G,26,5,0,4
2024,2024-05-17,DiJonai Carrington,Sun,G,37,21,4,3
2024,2024-05-17,Olivia Nelson-Ododa,Sun,C,18,8,0,0
2024,2024-05-17,Rachel Banham,Sun,G,13,0,1,1
2024,2024-05-17,Tiffany Mitchell,Sun,G,3,0,0,0
2024,2024-05-17,Moriah Jefferson,Sun,G,11,8,0,1
2024,2024-05-16,Breanna Stewart,Liberty,F,29,31,10,4
2024,2024-05-16,Jonquel Jones,Liberty,C,29,14,10,4
2024,2024-05-16,Courtney Vandersloot,Liberty,G,27,9,4,6
2024,2024-05-16,Betnijah Laney-Hamilton,Liberty,G,30,12,2,1
2024,2024-05-16,Sabrina Ionescu,Liberty,G,30,14,7,3
2024,2024-05-16,Kayla Thornton,Liberty,F,10,9,0,0
2024,2024-05-16,Nyara Sabally,Liberty,F,11,3,2,0
2024,2024-05-16,Leonie Fiebich,Liberty,F,7,0,1,0
2024,2024-05-16,Kennedy Burke,Liberty,G,11,5,2,3
2024,2024-05-16,Marquesha Davis,Liberty,G,3,0,1,0
2024,2024-05-16,Ivana Dojkic,Liberty,G,14,5,1,1
2024,2024-05-16,Katie Lou Samuelson,Fever,F,18,10,0,0
2024,2024-05-16,NaLyssa Smith,Fever,F,25,5,4,0
2024,2024-05-16,Aliyah Boston,Fever,C,30,12,7,2
2024,2024-05-16,Erica Wheeler,Fever,G,25,4,2,4
2024,2024-05-16,Caitlin Clark,Fever,G,30,9,7,6
2024,2024-05-16,Victaria Saxton,Fever,F,3,0,0,0
2024,2024-05-16,Temi Fagbenle,Fever,C,20,6,1,0
2024,2024-05-16,Kelsey Mitchell,Fever,G,21,5,2,0
2024,2024-05-16,Kristy Wallace,Fever,G,8,4,1,1
2024,2024-05-16,Lexie Hull,Fever,G,12,4,2,0
2024,2024-05-16,Grace Berger,Fever,G,7,7,0,0
2024,2024-05-15,Cheyenne Parker-Tyus,Dream,F,24,9,2,2
2024,2024-05-15,Tina Charles,Dream,C,32,21,14,2
2024,2024-05-15,Allisha Gray,Dream,G,29,12,3,0
2024,2024-05-15,Rhyne Howard,Dream,G,31,25,3,3
2024,2024-05-15,Haley Jones,Dream,G,24,14,2,4
2024,2024-05-15,Nia Coffey,Dream,F,11,2,2,1
2024,2024-05-15,Naz Hillmon,Dream,F,20,2,5,5
2024,2024-05-15,Laeticia Amihere,Dream,F,1,0,0,0
2024,2024-05-15,Aerial Powers,Dream,G,12,1,2,1
2024,2024-05-15,Crystal Dangerfield,Dream,G,16,6,1,2
2024,2024-05-15,Dearica Hamby,Sparks,F,38,20,14,3
2024,2024-05-15,Cameron Brink,Sparks,F,20,11,2,4
2024,2024-05-15,Layshia Clarendon,Sparks,G,30,11,10,10
2024,2024-05-15,Lexie Brown,Sparks,G,34,8,0,3
2024,2024-05-15,Kia Nurse,Sparks,G,32,23,2,1
2024,2024-05-15,Stephanie Talbot,Sparks,F,5,0,1,0
2024,2024-05-15,Rickea Jackson,Sparks,F,18,7,3,0
2024,2024-05-15,Li Yueru,Sparks,C,4,0,1,0
2024,2024-05-15,Aari McDonald,Sparks,G,10,0,0,3
2024,2024-05-15,Rae Burrell,Sparks,G,3,0,0,0
2024,2024-05-15,Zia Cooke,Sparks,G,6,1,2,0
2024,2024-05-15,Angel Reese,Sky,F,26,12,8,1
2024,2024-05-15,Elizabeth Williams,Sky,C,34,12,8,1
2024,2024-05-15,Diamond DeShields,Sky,G,18,14,2,1
2024,2024-05-15,Marina Mabrey,Sky,G,34,19,9,3
2024,2024-05-15,Dana Evans,Sky,G,30,10,3,6
2024,2024-05-15,Brianna Turner,Sky,F,13,0,1,0
2024,2024-05-15,Michaela Onyenwere,Sky,F,16,3,0,0
2024,2024-05-15,Lindsay Allen,Sky,G,14,5,1,0
2024,2024-05-15,Chennedy Carter,Sky,G,15,4,5,2
2024,2024-05-15,Natasha Howard,Wings,F,36,15,13,5
2024,2024-05-15,Teaira McCowan,Wings,C,29,18,13,0
2024,2024-05-15,Arike Ogunbowale,Wings,G,38,25,3,7
2024,2024-05-15,Jaelyn Brown,Wings,G,19,0,2,0
2024,2024-05-15,Sevgi Uzun,Wings,G,27,6,0,3
2024,2024-05-15,Maddy Siegrist,Wings,F,18,13,5,1
2024,2024-05-15,Kalani Brown,Wings,C,11,4,2,1
2024,2024-05-15,Stephanie Soares,Wings,C,8,4,3,0
2024,2024-05-15,Lou Lopez Senechal,Wings,G,6,0,0,1
2024,2024-05-15,Jacy Sheldon,Wings,G,9,2,1,0
2024,2024-05-14,Natasha Mack,Mercury,F,20,2,6,5
2024,2024-05-14,Diana Taurasi,Mercury,G,28,23,3,0
2024,2024-05-14,Natasha Cloud,Mercury,G,34,14,8,7
2024,2024-05-14,Kahleah Copper,Mercury,G,30,19,4,4
2024,2024-05-14,Rebecca Allen,Mercury,G,33,14,7,2
2024,2024-05-14,Mikiah Herbert Harrigan,Mercury,F,6,0,1,0
2024,2024-05-14,Liz Dixon,Mercury,F,6,0,3,0
2024,2024-05-14,Sophie Cunningham,Mercury,G,26,6,4,1
2024,2024-05-14,Sug Sutton,Mercury,G,17,2,1,2
2024,2024-05-14,Alysha Clark,Aces,F,34,8,7,0
2024,2024-05-14,Kiah Stokes,Aces,C,23,2,3,0
2024,2024-05-14,A'ja Wilson,Aces,C,35,30,13,5
2024,2024-05-14,Kelsey Plum,Aces,G,38,19,3,5
2024,2024-05-14,Jackie Young,Aces,G,36,23,7,6
2024,2024-05-14,Kierstan Bell,Aces,F,7,0,1,0
2024,2024-05-14,Megan Gustafson,Aces,C,15,5,3,0
2024,2024-05-14,Sydney Colson,Aces,G,12,2,0,1
2024,2024-05-14,Alanna Smith,Lynx,F,36,22,8,2
2024,2024-05-14,Napheesa Collier,Lynx,F,31,20,12,0
2024,2024-05-14,Diamond Miller,Lynx,F,13,2,3,0
2024,2024-05-14,Kayla McBride,Lynx,G,31,9,5,5
2024,2024-05-14,Courtney Williams,Lynx,G,29,14,5,7
2024,2024-05-14,Bridget Carleton,Lynx,F,26,5,2,3
2024,2024-05-14,Cecilia Zandalasini,Lynx,F,9,2,1,1
2024,2024-05-14,Taylor Soule,Lynx,F,1,0,0,0
2024,2024-05-14,Alissa Pili,Lynx,F,10,0,1,0
2024,2024-05-14,Natisha Hiedeman,Lynx,G,15,9,2,5
2024,2024-05-14,Nneka Ogwumike,Storm,F,30,20,9,0
2024,2024-05-14,Ezi Magbegor,Storm,F,31,15,9,2
2024,2024-05-14,Skylar Diggins,Storm,G,31,10,1,6
2024,2024-05-14,Jewell Loyd,Storm,G,33,10,10,1
2024,2024-05-14,Victoria Vivians,Storm,G,22,0,4,1
2024,2024-05-14,Jordan Horston,Storm,F,23,8,7,3
2024,2024-05-14,Dulcy Fankam Mendjiadeu,Storm,F,1,0,0,0
2024,2024-05-14,Mercedes Russell,Storm,C,14,7,3,0
2024,2024-05-14,Sami Whitcomb,Storm,G,12,0,0,1
2024,2024-05-14,Kiana Williams,Storm,G,4,0,0,0
2024,2024-05-14,Katie Lou Samuelson,Fever,F,26,5,2,3
2024,2024-05-14,NaLyssa Smith,Fever,F,27,13,9,1
2024,2024-05-14,Aliyah Boston,Fever,C,29,4,6,2
2024,2024-05-14,Erica Wheeler,Fever,G,19,8,1,2
2024,2024-05-14,Caitlin Clark,Fever,G,32,20,0,3
2024,2024-05-14,Temi Fagbenle,Fever,C,12,4,4,1
2024,2024-05-14,Kelsey Mitchell,Fever,G,17,8,0,1
2024,2024-05-14,Kristy Wallace,Fever,G,17,5,4,1
2024,2024-05-14,Grace Berger,Fever,G,20,4,2,2
2024,2024-05-14,DeWanna Bonner,Sun,F,29,20,6,1
2024,2024-05-14,Alyssa Thomas,Sun,F,36,13,10,13
2024,2024-05-14,Brionna Jones,Sun,F,19,8,3,1
2024,2024-05-14,Tyasha Harris,Sun,G,28,16,0,2
2024,2024-05-14,DiJonai Carrington,Sun,G,31,16,5,1
2024,2024-05-14,Astou Ndour-Fall,Sun,C,3,0,0,0
2024,2024-05-14,Olivia Nelson-Ododa,Sun,C,15,2,4,1
2024,2024-05-14,Rachel Banham,Sun,G,24,10,1,0
2024,2024-05-14,Tiffany Mitchell,Sun,G,12,4,1,1
2024,2024-05-14,Moriah Jefferson,Sun,G,4,3,0,0
2024,2024-05-14,Breanna Stewart,Liberty,F,32,8,8,2
2024,2024-05-14,Jonquel Jones,Liberty,C,33,25,8,2
2024,2024-05-14,Courtney Vandersloot,Liberty,G,28,6,2,5
2024,2024-05-14,Betnijah Laney-Hamilton,Liberty,G,33,20,4,2
2024,2024-05-14,Sabrina Ionescu,Liberty,G,34,15,7,8
2024,2024-05-14,Kayla Thornton,Liberty,F,5,0,1,0
2024,2024-05-14,Nyara Sabally,Liberty,F,8,2,0,0
2024,2024-05-14,Leonie Fiebich,Liberty,F,13,2,2,1
2024,2024-05-14,Kennedy Burke,Liberty,G,8,6,2,0
2024,2024-05-14,Ivana Dojkic,Liberty,G,8,1,2,1
2024,2024-05-14,Stefanie Dolson,Mystics,C,27,12,5,2
2024,2024-05-14,Shakira Austin,Mystics,C,20,13,5,2
2024,2024-05-14,Brittney Sykes,Mystics,G,30,14,10,7
2024,2024-05-14,Karlie Samuelson,Mystics,G,27,7,4,1
2024,2024-05-14,Ariel Atkins,Mystics,G,34,20,2,3
2024,2024-05-14,Myisha Hines-Allen,Mystics,F,19,5,5,2
2024,2024-05-14,Aaliyah Edwards,Mystics,F,14,6,2,0
2024,2024-05-14,Julie Vanloo,Mystics,G,13,3,1,4
2024,2024-05-14,Shatori Walker-Kimbrough,Mystics,G,14,0,0,1
2024,2024-05-14,DiDi Richards,Mystics,G,2,0,0,0
